model,market_suffix,prob_bin_label,prob_bin_mid,num_bets,actual_win_rate_pct,avg_pred_prob
poisson__without_odds,prob_H,[0.00-0.05),0.025,27,25.925925925925924,0.034034823024728794
poisson__without_odds,prob_H,[0.05-0.10),0.07500000000000001,237,8.438818565400844,0.08329466368920764
poisson__without_odds,prob_H,[0.10-0.15),0.125,556,10.431654676258994,0.12758603285243122
poisson__without_odds,prob_H,[0.15-0.20),0.17500000000000002,870,16.091954022988507,0.1763497270172414
poisson__without_odds,prob_H,[0.20-0.25),0.225,1248,21.634615384615387,0.226466019233278
poisson__without_odds,prob_H,[0.25-0.30),0.275,2128,27.16165413533835,0.2770706531775496
poisson__without_odds,prob_H,[0.30-0.35),0.32500000000000007,3877,32.5251483105494,0.3281879786850756
poisson__without_odds,prob_H,[0.35-0.40),0.375,10180,36.8860510805501,0.3792188173115431
poisson__without_odds,prob_H,[0.40-0.45),0.42500000000000004,43951,43.22541011581079,0.43569318793780537
poisson__without_odds,prob_H,[0.45-0.50),0.475,32150,46.342146189735615,0.46664183032231743
poisson__without_odds,prob_H,[0.50-0.55),0.525,6708,52.32558139534884,0.5201076241187622
poisson__without_odds,prob_H,[0.55-0.60),0.5750000000000001,2689,56.34064708069915,0.572813314663845
poisson__without_odds,prob_H,[0.60-0.65),0.625,1701,61.022927689594354,0.6242304179592468
poisson__without_odds,prob_H,[0.65-0.70),0.675,1108,69.31407942238266,0.6736190326250685
poisson__without_odds,prob_H,[0.70-0.75),0.7250000000000001,781,73.8796414852753,0.7231555965038701
poisson__without_odds,prob_H,[0.75-0.80),0.775,626,82.26837060702876,0.7730413183748803
poisson__without_odds,prob_H,[0.80-0.85),0.8250000000000001,416,83.65384615384616,0.8235276579427956
poisson__without_odds,prob_H,[0.85-0.90),0.875,220,88.63636363636364,0.8699903434137651
poisson__without_odds,prob_H,[0.90-0.95),0.925,27,85.18518518518519,0.9225954781856012
poisson__without_odds,prob_D,[0.00-0.05),0.025,22,0.0,0.032583910343845064
poisson__without_odds,prob_D,[0.05-0.10),0.07500000000000001,222,9.90990990990991,0.08694451530005774
poisson__without_odds,prob_D,[0.10-0.15),0.125,1005,10.845771144278608,0.12975773742749555
poisson__without_odds,prob_D,[0.15-0.20),0.17500000000000002,2726,17.31474688187821,0.17903399075812076
poisson__without_odds,prob_D,[0.20-0.25),0.225,31486,24.198056278981134,0.24088208846741843
poisson__without_odds,prob_D,[0.25-0.30),0.275,74048,24.998649524632672,0.2553519107305268
poisson__without_odds,prob_A,[0.00-0.05),0.025,294,2.7210884353741496,0.037256598962972655
poisson__without_odds,prob_A,[0.05-0.10),0.07500000000000001,1176,6.122448979591836,0.07659453893187283
poisson__without_odds,prob_A,[0.10-0.15),0.125,1768,12.330316742081449,0.12723357877317112
poisson__without_odds,prob_A,[0.15-0.20),0.17500000000000002,2970,17.13804713804714,0.17723594048310226
poisson__without_odds,prob_A,[0.20-0.25),0.225,7079,22.008758299194803,0.2299483398859765
poisson__without_odds,prob_A,[0.25-0.30),0.275,46652,29.432821743976678,0.2855174036928943
poisson__without_odds,prob_A,[0.30-0.35),0.32500000000000007,32495,32.777350361594095,0.31745148845520593
poisson__without_odds,prob_A,[0.35-0.40),0.375,8840,38.34841628959276,0.37032018823081364
poisson__without_odds,prob_A,[0.40-0.45),0.42500000000000004,3320,42.19879518072289,0.4216668313861891
poisson__without_odds,prob_A,[0.45-0.50),0.475,1767,45.217883418222975,0.4729947372070972
poisson__without_odds,prob_A,[0.50-0.55),0.525,1063,52.39887111947319,0.5232976968259155
poisson__without_odds,prob_A,[0.55-0.60),0.5750000000000001,720,60.416666666666664,0.5733113616236919
poisson__without_odds,prob_A,[0.60-0.65),0.625,550,65.63636363636364,0.6232324888526811
poisson__without_odds,prob_A,[0.65-0.70),0.675,368,71.19565217391305,0.6736959422956236
poisson__without_odds,prob_A,[0.70-0.75),0.7250000000000001,239,73.22175732217573,0.7229168403311035
poisson__without_odds,prob_A,[0.75-0.80),0.775,150,82.66666666666667,0.7699174645794361
poisson__without_odds,prob_A,[0.80-0.85),0.8250000000000001,36,77.77777777777779,0.8216696608951926
poisson__without_odds,prob_1X,[0.15-0.20),0.17500000000000002,36,22.22222222222222,0.17833033910480742
poisson__without_odds,prob_1X,[0.20-0.25),0.225,150,17.333333333333336,0.2300825354205638
poisson__without_odds,prob_1X,[0.25-0.30),0.275,239,26.778242677824267,0.2770831596688966
poisson__without_odds,prob_1X,[0.30-0.35),0.32500000000000007,368,28.804347826086957,0.3263040577043765
poisson__without_odds,prob_1X,[0.35-0.40),0.375,550,34.36363636363636,0.3767675111473189
poisson__without_odds,prob_1X,[0.40-0.45),0.42500000000000004,720,39.58333333333333,0.4266886383763081
poisson__without_odds,prob_1X,[0.45-0.50),0.475,1063,47.60112888052681,0.47670230317408435
poisson__without_odds,prob_1X,[0.50-0.55),0.525,1767,54.78211658177702,0.5270052627929028
poisson__without_odds,prob_1X,[0.55-0.60),0.5750000000000001,3320,57.80120481927711,0.578333168613811
poisson__without_odds,prob_1X,[0.60-0.65),0.625,8840,61.651583710407245,0.6296798117691863
poisson__without_odds,prob_1X,[0.65-0.70),0.675,32495,67.22264963840591,0.6825485115447941
poisson__without_odds,prob_1X,[0.70-0.75),0.7250000000000001,46652,70.56717825602333,0.7144825963071058
poisson__without_odds,prob_1X,[0.75-0.80),0.775,7079,77.9912417008052,0.7700516601140236
poisson__without_odds,prob_1X,[0.80-0.85),0.8250000000000001,2970,82.86195286195286,0.8227640595168977
poisson__without_odds,prob_1X,[0.85-0.90),0.875,1768,87.66968325791855,0.8727664212268289
poisson__without_odds,prob_1X,[0.90-0.95),0.925,1176,93.87755102040816,0.9234054610681273
poisson__without_odds,prob_1X,[0.95-1.00),0.9750000000000001,294,97.27891156462584,0.9627434010370275
poisson__without_odds,prob_12,[0.70-0.75),0.7250000000000001,74048,75.00135047536733,0.7446480892694732
poisson__without_odds,prob_12,[0.75-0.80),0.775,31486,75.80194372101886,0.7591179115325817
poisson__without_odds,prob_12,[0.80-0.85),0.8250000000000001,2726,82.68525311812179,0.8209660092418791
poisson__without_odds,prob_12,[0.85-0.90),0.875,1005,89.1542288557214,0.8702422625725044
poisson__without_odds,prob_12,[0.90-0.95),0.925,222,90.09009009009009,0.9130554846999422
poisson__without_odds,prob_12,[0.95-1.00),0.9750000000000001,22,100.0,0.967416089656155
poisson__without_odds,prob_X2,[0.05-0.10),0.07500000000000001,27,14.814814814814813,0.07740452181439865
poisson__without_odds,prob_X2,[0.10-0.15),0.125,220,11.363636363636363,0.1300096565862349
poisson__without_odds,prob_X2,[0.15-0.20),0.17500000000000002,416,16.346153846153847,0.17647234205720455
poisson__without_odds,prob_X2,[0.20-0.25),0.225,626,17.731629392971247,0.22695868162511965
poisson__without_odds,prob_X2,[0.25-0.30),0.275,781,26.12035851472471,0.2768444034961297
poisson__without_odds,prob_X2,[0.30-0.35),0.32500000000000007,1108,30.685920577617328,0.32638096737493155
poisson__without_odds,prob_X2,[0.35-0.40),0.375,1701,38.97707231040564,0.3757695820407531
poisson__without_odds,prob_X2,[0.40-0.45),0.42500000000000004,2689,43.65935291930085,0.42718668533615495
poisson__without_odds,prob_X2,[0.45-0.50),0.475,6708,47.674418604651166,0.4798923758812378
poisson__without_odds,prob_X2,[0.50-0.55),0.525,32150,53.65785381026439,0.5333581696776826
poisson__without_odds,prob_X2,[0.55-0.60),0.5750000000000001,43951,56.77458988418921,0.5643068120621946
poisson__without_odds,prob_X2,[0.60-0.65),0.625,10180,63.1139489194499,0.620781182688457
poisson__without_odds,prob_X2,[0.65-0.70),0.675,3877,67.47485168945062,0.6718120213149243
poisson__without_odds,prob_X2,[0.70-0.75),0.7250000000000001,2128,72.83834586466166,0.7229293468224502
poisson__without_odds,prob_X2,[0.75-0.80),0.775,1248,78.36538461538461,0.773533980766722
poisson__without_odds,prob_X2,[0.80-0.85),0.8250000000000001,870,83.9080459770115,0.8236502729827586
poisson__without_odds,prob_X2,[0.85-0.90),0.875,556,89.568345323741,0.8724139671475687
poisson__without_odds,prob_X2,[0.90-0.95),0.925,237,91.56118143459916,0.9167053363107923
poisson__without_odds,prob_X2,[0.95-1.00),0.9750000000000001,27,74.07407407407408,0.9659651769752712
poisson__without_odds,prob_O15,[0.65-0.70),0.675,137,78.1021897810219,0.6908638926370263
poisson__without_odds,prob_O15,[0.70-0.75),0.7250000000000001,38012,74.31337472377145,0.7415813526166084
poisson__without_odds,prob_O15,[0.75-0.80),0.775,67346,76.07727259228461,0.7612225729673748
poisson__without_odds,prob_O15,[0.80-0.85),0.8250000000000001,3239,80.76566841617783,0.8190938020294507
poisson__without_odds,prob_O15,[0.85-0.90),0.875,740,87.70270270270271,0.8684004468051125
poisson__without_odds,prob_O15,[0.90-0.95),0.925,35,85.71428571428571,0.9097448763176496
poisson__without_odds,prob_U15,[0.05-0.10),0.07500000000000001,35,14.285714285714285,0.09025512368235039
poisson__without_odds,prob_U15,[0.10-0.15),0.125,740,12.297297297297298,0.13159955319488756
poisson__without_odds,prob_U15,[0.15-0.20),0.17500000000000002,3239,19.23433158382217,0.18090619797054927
poisson__without_odds,prob_U15,[0.20-0.25),0.225,67346,23.92272740771538,0.2387774270326253
poisson__without_odds,prob_U15,[0.25-0.30),0.275,38012,25.686625276228558,0.25841864738339165
poisson__without_odds,prob_U15,[0.30-0.35),0.32500000000000007,137,21.897810218978105,0.30913610736297376
poisson__without_odds,prob_O25,[0.40-0.45),0.42500000000000004,331,49.546827794561935,0.43941033725917494
poisson__without_odds,prob_O25,[0.45-0.50),0.475,24648,49.56994482310938,0.48886601432422283
poisson__without_odds,prob_O25,[0.50-0.55),0.525,76581,52.29626147477834,0.5150515110212077
poisson__without_odds,prob_O25,[0.55-0.60),0.5750000000000001,5500,55.58181818181818,0.567817375507506
poisson__without_odds,prob_O25,[0.60-0.65),0.625,1566,61.62196679438059,0.6214199832348495
poisson__without_odds,prob_O25,[0.65-0.70),0.675,606,66.83168316831683,0.6718144592083819
poisson__without_odds,prob_O25,[0.70-0.75),0.7250000000000001,226,74.77876106194691,0.7193753900956128
poisson__without_odds,prob_O25,[0.75-0.80),0.775,33,78.78787878787878,0.7681860130366327
poisson__without_odds,prob_U25,[0.20-0.25),0.225,33,21.21212121212121,0.23181398696336727
poisson__without_odds,prob_U25,[0.25-0.30),0.275,226,25.221238938053098,0.2806246099043872
poisson__without_odds,prob_U25,[0.30-0.35),0.32500000000000007,606,33.16831683168317,0.32818554079161816
poisson__without_odds,prob_U25,[0.35-0.40),0.375,1566,38.37803320561941,0.37858001676515046
poisson__without_odds,prob_U25,[0.40-0.45),0.42500000000000004,5500,44.418181818181814,0.43218262449249406
poisson__without_odds,prob_U25,[0.45-0.50),0.475,76581,47.70373852522166,0.4849484889787922
poisson__without_odds,prob_U25,[0.50-0.55),0.525,24648,50.43005517689062,0.5111339856757772
poisson__without_odds,prob_U25,[0.55-0.60),0.5750000000000001,331,50.453172205438065,0.5605896627408251
poisson__without_odds,prob_O35,[0.20-0.25),0.225,1354,24.66765140324963,0.2409084192260269
poisson__without_odds,prob_O35,[0.25-0.30),0.275,81498,29.14181943115168,0.2837446559992155
poisson__without_odds,prob_O35,[0.30-0.35),0.32500000000000007,22508,32.077483561400385,0.31435832591248103
poisson__without_odds,prob_O35,[0.35-0.40),0.375,2568,35.78660436137071,0.37037456402543684
poisson__without_odds,prob_O35,[0.40-0.45),0.42500000000000004,954,39.517819706498955,0.42065678180572424
poisson__without_odds,prob_O35,[0.45-0.50),0.475,404,46.28712871287129,0.47128932119441014
poisson__without_odds,prob_O35,[0.50-0.55),0.525,168,54.166666666666664,0.5188975651930656
poisson__without_odds,prob_O35,[0.55-0.60),0.5750000000000001,29,65.51724137931035,0.5693255361669334
poisson__without_odds,prob_U35,[0.40-0.45),0.42500000000000004,29,34.48275862068966,0.43067446383306657
poisson__without_odds,prob_U35,[0.45-0.50),0.475,168,45.83333333333333,0.48110243480693443
poisson__without_odds,prob_U35,[0.50-0.55),0.525,404,53.71287128712871,0.5287106788055899
poisson__without_odds,prob_U35,[0.55-0.60),0.5750000000000001,954,60.48218029350105,0.5793432181942757
poisson__without_odds,prob_U35,[0.60-0.65),0.625,2568,64.21339563862928,0.6296254359745632
poisson__without_odds,prob_U35,[0.65-0.70),0.675,22508,67.92251643859962,0.685641674087519
poisson__without_odds,prob_U35,[0.70-0.75),0.7250000000000001,81498,70.85818056884831,0.7162553440007845
poisson__without_odds,prob_U35,[0.75-0.80),0.775,1354,75.33234859675036,0.7590915807739732
poisson__without_odds,prob_BTTS_Y,[0.35-0.40),0.375,77,46.75324675324675,0.3829394959734913
poisson__without_odds,prob_BTTS_Y,[0.40-0.45),0.42500000000000004,550,44.18181818181818,0.4307639932891527
poisson__without_odds,prob_BTTS_Y,[0.45-0.50),0.475,3377,48.85993485342019,0.4843252966264991
poisson__without_odds,prob_BTTS_Y,[0.50-0.55),0.525,81576,51.58257330587428,0.5351550963875885
poisson__without_odds,prob_BTTS_Y,[0.55-0.60),0.5750000000000001,23812,52.82630606416932,0.5613072485688075
poisson__without_odds,prob_BTTS_Y,[0.60-0.65),0.625,95,46.31578947368421,0.611810948459039
poisson__without_odds,prob_BTTS_N,[0.35-0.40),0.375,95,53.68421052631579,0.38818905154096095
poisson__without_odds,prob_BTTS_N,[0.40-0.45),0.42500000000000004,23812,47.17369393583068,0.4386927514311924
poisson__without_odds,prob_BTTS_N,[0.45-0.50),0.475,81576,48.41742669412572,0.4648449036124115
poisson__without_odds,prob_BTTS_N,[0.50-0.55),0.525,3377,51.14006514657981,0.5156747033735009
poisson__without_odds,prob_BTTS_N,[0.55-0.60),0.5750000000000001,550,55.81818181818182,0.5692360067108473
poisson__without_odds,prob_BTTS_N,[0.60-0.65),0.625,77,53.246753246753244,0.6170605040265088
poisson__without_odds,prob_goals_0_1,[0.05-0.10),0.07500000000000001,63,9.523809523809524,0.08580180458687266
poisson__without_odds,prob_goals_0_1,[0.10-0.15),0.125,738,13.008130081300814,0.13043882898411907
poisson__without_odds,prob_goals_0_1,[0.15-0.20),0.17500000000000002,3241,19.129898179574205,0.18073566668228036
poisson__without_odds,prob_goals_0_1,[0.20-0.25),0.225,67383,23.94372467833133,0.23875187546671423
poisson__without_odds,prob_goals_0_1,[0.25-0.30),0.275,37937,25.66360017924454,0.2584033018890659
poisson__without_odds,prob_goals_0_1,[0.30-0.35),0.32500000000000007,137,21.897810218978105,0.3091237269777018
poisson__without_odds,prob_goals_2_3,[0.30-0.35),0.32500000000000007,33,27.27272727272727,0.332183461525145
poisson__without_odds,prob_goals_2_3,[0.35-0.40),0.375,444,38.73873873873874,0.38218176745812066
poisson__without_odds,prob_goals_2_3,[0.40-0.45),0.42500000000000004,3960,44.292929292929294,0.43588002322030894
poisson__without_odds,prob_goals_2_3,[0.45-0.50),0.475,105052,45.724974298442675,0.46431107191654697
poisson__without_odds,prob_goals_2_4,[0.50-0.55),0.525,49,67.3469387755102,0.5357552734029695
poisson__without_odds,prob_goals_2_4,[0.55-0.60),0.5750000000000001,977,62.026612077789146,0.5868411451953903
poisson__without_odds,prob_goals_2_4,[0.60-0.65),0.625,108461,60.66788984058786,0.6140976119221311
poisson__without_odds,prob_goals_3_plus,[0.40-0.45),0.42500000000000004,331,49.546827794561935,0.43941033725917494
poisson__without_odds,prob_goals_3_plus,[0.45-0.50),0.475,24648,49.56994482310938,0.48886601432422283
poisson__without_odds,prob_goals_3_plus,[0.50-0.55),0.525,76581,52.29626147477834,0.5150515110212077
poisson__without_odds,prob_goals_3_plus,[0.55-0.60),0.5750000000000001,5500,55.58181818181818,0.567817375507506
poisson__without_odds,prob_goals_3_plus,[0.60-0.65),0.625,1566,61.62196679438059,0.6214199832348495
poisson__without_odds,prob_goals_3_plus,[0.65-0.70),0.675,606,66.83168316831683,0.6718144592083819
poisson__without_odds,prob_goals_3_plus,[0.70-0.75),0.7250000000000001,226,74.77876106194691,0.7193753900956128
poisson__without_odds,prob_goals_3_plus,[0.75-0.80),0.775,33,78.78787878787878,0.7681860130366327
poisson__without_odds,prob_H_and_O15,[0.00-0.05),0.025,87,5.747126436781609,0.03695088253776836
poisson__without_odds,prob_H_and_O15,[0.05-0.10),0.07500000000000001,649,6.471494607087827,0.07817929637767179
poisson__without_odds,prob_H_and_O15,[0.10-0.15),0.125,1157,10.890233362143475,0.12653233002562772
poisson__without_odds,prob_H_and_O15,[0.15-0.20),0.17500000000000002,1947,18.489984591679505,0.17765572154225306
poisson__without_odds,prob_H_and_O15,[0.20-0.25),0.225,3601,22.07720077756179,0.22776886666626114
poisson__without_odds,prob_H_and_O15,[0.25-0.30),0.275,9775,27.191815856777495,0.27999067297350644
poisson__without_odds,prob_H_and_O15,[0.30-0.35),0.32500000000000007,50460,33.11732065001981,0.3360266331871954
poisson__without_odds,prob_H_and_O15,[0.35-0.40),0.375,29365,36.9828026562234,0.3666787462610564
poisson__without_odds,prob_H_and_O15,[0.40-0.45),0.42500000000000004,5525,41.97285067873303,0.4203196311753677
poisson__without_odds,prob_H_and_O15,[0.45-0.50),0.475,2405,45.65488565488566,0.47247626781259516
poisson__without_odds,prob_H_and_O15,[0.50-0.55),0.525,1539,51.07212475633528,0.5232101188480818
poisson__without_odds,prob_H_and_O15,[0.55-0.60),0.5750000000000001,1004,59.462151394422314,0.5736919558968272
poisson__without_odds,prob_H_and_O15,[0.60-0.65),0.625,701,65.04992867332382,0.6236833372147389
poisson__without_odds,prob_H_and_O15,[0.65-0.70),0.675,578,72.31833910034602,0.6740896251745213
poisson__without_odds,prob_H_and_O15,[0.70-0.75),0.7250000000000001,372,73.11827956989248,0.7256409350341673
poisson__without_odds,prob_H_and_O15,[0.75-0.80),0.775,245,80.40816326530611,0.772956729105447
poisson__without_odds,prob_H_and_O15,[0.80-0.85),0.8250000000000001,76,80.26315789473685,0.8152778321448707
poisson__without_odds,prob_H_and_O15,[0.85-0.90),0.875,23,78.26086956521739,0.8718535937020624
poisson__without_odds,prob_D_and_O15,[0.00-0.05),0.025,37,5.405405405405405,0.030953616016330184
poisson__without_odds,prob_D_and_O15,[0.05-0.10),0.07500000000000001,772,9.196891191709843,0.08209000824873366
poisson__without_odds,prob_D_and_O15,[0.10-0.15),0.125,3451,11.735728774268328,0.1307135215302454
poisson__without_odds,prob_D_and_O15,[0.15-0.20),0.17500000000000002,105249,17.621070033919562,0.18489644913830022
poisson__without_odds,prob_A_and_O15,[0.00-0.05),0.025,809,3.0902348578491967,0.03491063391750989
poisson__without_odds,prob_A_and_O15,[0.05-0.10),0.07500000000000001,2193,6.885544915640675,0.07715450313476921
poisson__without_odds,prob_A_and_O15,[0.10-0.15),0.125,4353,13.002526992878474,0.12825303414471154
poisson__without_odds,prob_A_and_O15,[0.15-0.20),0.17500000000000002,16396,18.07148084898756,0.18189115731884148
poisson__without_odds,prob_A_and_O15,[0.20-0.25),0.225,63493,23.53015293024428,0.22061951147274067
poisson__without_odds,prob_A_and_O15,[0.25-0.30),0.275,13229,29.200997807846395,0.2700740845369269
poisson__without_odds,prob_A_and_O15,[0.30-0.35),0.32500000000000007,4080,32.23039215686275,0.32086900230822385
poisson__without_odds,prob_A_and_O15,[0.35-0.40),0.375,1890,36.93121693121693,0.37211502924596046
poisson__without_odds,prob_A_and_O15,[0.40-0.45),0.42500000000000004,1078,42.393320964749535,0.4228763392329882
poisson__without_odds,prob_A_and_O15,[0.45-0.50),0.475,708,50.0,0.47324803821027145
poisson__without_odds,prob_A_and_O15,[0.50-0.55),0.525,521,54.702495201535505,0.5226026770117074
poisson__without_odds,prob_A_and_O15,[0.55-0.60),0.5750000000000001,338,59.76331360946746,0.5736556278076442
poisson__without_odds,prob_A_and_O15,[0.60-0.65),0.625,215,61.86046511627907,0.6229392675307444
poisson__without_odds,prob_A_and_O15,[0.65-0.70),0.675,138,62.31884057971014,0.6705708077285581
poisson__without_odds,prob_A_and_O15,[0.70-0.75),0.7250000000000001,39,71.7948717948718,0.7199443338904482
poisson__without_odds,prob_H_and_U15,[0.00-0.05),0.025,1133,4.060017652250663,0.03832475896087063
poisson__without_odds,prob_H_and_U15,[0.05-0.10),0.07500000000000001,47438,9.171971836923985,0.09148694694577046
poisson__without_odds,prob_H_and_U15,[0.10-0.15),0.125,60938,10.349863795989368,0.10552420838390317
poisson__without_odds,prob_D_and_U15,[0.00-0.05),0.025,4025,4.049689440993789,0.04051632298613131
poisson__without_odds,prob_D_and_U15,[0.05-0.10),0.07500000000000001,105479,7.154030660131401,0.06626806938143508
poisson__without_odds,prob_A_and_U15,[0.00-0.05),0.025,4040,3.0445544554455446,0.035037256042421396
poisson__without_odds,prob_A_and_U15,[0.05-0.10),0.07500000000000001,100557,7.521107431605954,0.07945144841829674
poisson__without_odds,prob_A_and_U15,[0.10-0.15),0.125,4912,10.688110749185668,0.10641382670621295
poisson__without_odds,prob_H_and_O25,[0.00-0.05),0.025,190,5.7894736842105265,0.039189800333412225
poisson__without_odds,prob_H_and_O25,[0.05-0.10),0.07500000000000001,1068,7.116104868913857,0.07858927252898588
poisson__without_odds,prob_H_and_O25,[0.10-0.15),0.125,2083,13.394143062890063,0.1279815802364188
poisson__without_odds,prob_H_and_O25,[0.15-0.20),0.17500000000000002,4855,17.363542739443872,0.17891110420814246
poisson__without_odds,prob_H_and_O25,[0.20-0.25),0.225,18355,22.762190138926723,0.23165866221958872
poisson__without_odds,prob_H_and_O25,[0.25-0.30),0.275,66844,27.32631201005326,0.2721661463114465
poisson__without_odds,prob_H_and_O25,[0.30-0.35),0.32500000000000007,9037,32.15668916675888,0.3185555308530267
poisson__without_odds,prob_H_and_O25,[0.35-0.40),0.375,2807,36.19522622016388,0.37240996305338225
poisson__without_odds,prob_H_and_O25,[0.40-0.45),0.42500000000000004,1589,41.59848961611076,0.4227690397317023
poisson__without_odds,prob_H_and_O25,[0.45-0.50),0.475,981,47.80835881753313,0.4730195754820097
poisson__without_odds,prob_H_and_O25,[0.50-0.55),0.525,686,56.268221574344025,0.5239121242860812
poisson__without_odds,prob_H_and_O25,[0.55-0.60),0.5750000000000001,459,57.51633986928104,0.5712457392751824
poisson__without_odds,prob_H_and_O25,[0.60-0.65),0.625,324,65.12345679012346,0.6226697113820555
poisson__without_odds,prob_H_and_O25,[0.65-0.70),0.675,177,70.62146892655367,0.6714096099900904
poisson__without_odds,prob_H_and_O25,[0.70-0.75),0.7250000000000001,33,75.75757575757575,0.7191331058912279
poisson__without_odds,prob_D_and_O25,[0.00-0.05),0.025,3157,3.896103896103896,0.04019171599629483
poisson__without_odds,prob_D_and_O25,[0.05-0.10),0.07500000000000001,106352,6.141868512110726,0.06567720657605133
poisson__without_odds,prob_A_and_O25,[0.00-0.05),0.025,1214,3.2125205930807246,0.03463134426822942
poisson__without_odds,prob_A_and_O25,[0.05-0.10),0.07500000000000001,3586,7.612939208031233,0.07864450193036884
poisson__without_odds,prob_A_and_O25,[0.10-0.15),0.125,13642,13.113912915994721,0.13214781664055253
poisson__without_odds,prob_A_and_O25,[0.15-0.20),0.17500000000000002,70832,18.478936074090807,0.17206553079131395
poisson__without_odds,prob_A_and_O25,[0.20-0.25),0.225,13225,23.833648393194707,0.21886483773719723
poisson__without_odds,prob_A_and_O25,[0.25-0.30),0.275,3431,27.105800058292047,0.27087368109620547
poisson__without_odds,prob_A_and_O25,[0.30-0.35),0.32500000000000007,1495,33.979933110367895,0.3223754194398499
poisson__without_odds,prob_A_and_O25,[0.35-0.40),0.375,878,38.496583143507976,0.3734656595533808
poisson__without_odds,prob_A_and_O25,[0.40-0.45),0.42500000000000004,553,45.388788426763114,0.42282939523987617
poisson__without_odds,prob_A_and_O25,[0.45-0.50),0.475,322,48.4472049689441,0.4721436856496397
poisson__without_odds,prob_A_and_O25,[0.50-0.55),0.525,202,44.554455445544555,0.5220961875976189
poisson__without_odds,prob_A_and_O25,[0.55-0.60),0.5750000000000001,84,52.38095238095239,0.5674817145037017
poisson__without_odds,prob_A_and_O25,[0.60-0.65),0.625,22,50.0,0.6203018988027086
poisson__without_odds,prob_H_and_U25,[0.00-0.05),0.025,383,4.177545691906006,0.03878635912189028
poisson__without_odds,prob_H_and_U25,[0.05-0.10),0.07500000000000001,2164,6.700554528650647,0.07920243452208377
poisson__without_odds,prob_H_and_U25,[0.10-0.15),0.125,9837,12.981600081325606,0.1334121083749364
poisson__without_odds,prob_H_and_U25,[0.15-0.20),0.17500000000000002,85589,17.35152881795558,0.17726862051918368
poisson__without_odds,prob_H_and_U25,[0.20-0.25),0.225,11507,21.38698183714261,0.2134780044121662
poisson__without_odds,prob_H_and_U25,[0.25-0.30),0.275,29,13.793103448275861,0.25473648573115887
poisson__without_odds,prob_D_and_U25,[0.00-0.05),0.025,37,2.7027027027027026,0.031737389016406395
poisson__without_odds,prob_D_and_U25,[0.05-0.10),0.07500000000000001,816,6.985294117647059,0.08194678412978136
poisson__without_odds,prob_D_and_U25,[0.10-0.15),0.125,3857,11.926367643246046,0.13086341832879209
poisson__without_odds,prob_D_and_U25,[0.15-0.20),0.17500000000000002,100807,18.580058924479452,0.1847805427577939
poisson__without_odds,prob_D_and_U25,[0.20-0.25),0.225,3992,20.791583166332668,0.2047898084579771
poisson__without_odds,prob_A_and_U25,[0.00-0.05),0.025,1870,2.6737967914438503,0.03419125655329264
poisson__without_odds,prob_A_and_U25,[0.05-0.10),0.07500000000000001,7177,7.969903859551344,0.08073073770962375
poisson__without_odds,prob_A_and_U25,[0.10-0.15),0.125,87652,12.326016519874047,0.12673712114656613
poisson__without_odds,prob_A_and_U25,[0.15-0.20),0.17500000000000002,10662,15.906959294691427,0.16769608683630874
poisson__without_odds,prob_A_and_U25,[0.20-0.25),0.225,2138,22.73152478952292,0.21502856868498943
poisson__without_odds,prob_H_and_O35,[0.00-0.05),0.025,1639,3.4167175106772425,0.034594373132392456
poisson__without_odds,prob_H_and_O35,[0.05-0.10),0.07500000000000001,7373,7.4596500745965,0.08102214267946631
poisson__without_odds,prob_H_and_O35,[0.10-0.15),0.125,76198,13.526601748077377,0.13426789946545628
poisson__without_odds,prob_H_and_O35,[0.15-0.20),0.17500000000000002,17842,17.26263871763255,0.1646466772019085
poisson__without_odds,prob_H_and_O35,[0.20-0.25),0.225,3075,19.96747967479675,0.22165597571587373
poisson__without_odds,prob_H_and_O35,[0.25-0.30),0.275,1441,26.023594725884802,0.2721966537916477
poisson__without_odds,prob_H_and_O35,[0.30-0.35),0.32500000000000007,834,34.05275779376499,0.3231406470337258
poisson__without_odds,prob_H_and_O35,[0.35-0.40),0.375,533,38.46153846153847,0.3713860486207333
poisson__without_odds,prob_H_and_O35,[0.40-0.45),0.42500000000000004,320,42.1875,0.4234032339581743
poisson__without_odds,prob_H_and_O35,[0.45-0.50),0.475,177,47.45762711864407,0.47171079974213115
poisson__without_odds,prob_H_and_O35,[0.50-0.55),0.525,50,54.0,0.5174022590496341
poisson__without_odds,prob_D_and_O35,[0.00-0.05),0.025,3157,3.896103896103896,0.04019171599629483
poisson__without_odds,prob_D_and_O35,[0.05-0.10),0.07500000000000001,106352,6.141868512110726,0.06567720657605133
poisson__without_odds,prob_A_and_O35,[0.00-0.05),0.025,6639,3.238439524024703,0.033483823483197755
poisson__without_odds,prob_A_and_O35,[0.05-0.10),0.07500000000000001,83968,8.906964557926829,0.0788425038487696
poisson__without_odds,prob_A_and_O35,[0.10-0.15),0.125,14512,13.264884233737599,0.11585404300309922
poisson__without_odds,prob_A_and_O35,[0.15-0.20),0.17500000000000002,2448,16.70751633986928,0.17061458715905095
poisson__without_odds,prob_A_and_O35,[0.20-0.25),0.225,1023,23.949169110459433,0.2223398004362126
poisson__without_odds,prob_A_and_O35,[0.25-0.30),0.275,524,26.717557251908396,0.2719627598686645
poisson__without_odds,prob_A_and_O35,[0.30-0.35),0.32500000000000007,246,27.64227642276423,0.32301315564631095
poisson__without_odds,prob_A_and_O35,[0.35-0.40),0.375,101,25.742574257425744,0.3686846507282097
poisson__without_odds,prob_A_and_O35,[0.40-0.45),0.42500000000000004,25,36.0,0.42213715311602934
poisson__without_odds,prob_H_and_U35,[0.00-0.05),0.025,48,14.583333333333334,0.03475421110410568
poisson__without_odds,prob_H_and_U35,[0.05-0.10),0.07500000000000001,531,8.286252354048965,0.08022539912582025
poisson__without_odds,prob_H_and_U35,[0.10-0.15),0.125,1158,10.449050086355786,0.12752791058845495
poisson__without_odds,prob_H_and_U35,[0.15-0.20),0.17500000000000002,2142,17.46031746031746,0.17811368021414145
poisson__without_odds,prob_H_and_U35,[0.20-0.25),0.225,5579,22.961104140526974,0.23006032049105077
poisson__without_odds,prob_H_and_U35,[0.25-0.30),0.275,25076,27.47647152655926,0.2805118494890409
poisson__without_odds,prob_H_and_U35,[0.30-0.35),0.32500000000000007,64572,30.940655392430156,0.31540967234549727
poisson__without_odds,prob_H_and_U35,[0.35-0.40),0.375,7987,37.823963941404784,0.37137367174438485
poisson__without_odds,prob_H_and_U35,[0.40-0.45),0.42500000000000004,2412,42.91044776119403,0.41347667874744237
poisson__without_odds,prob_D_and_U35,[0.00-0.05),0.025,37,2.7027027027027026,0.031737389016406395
poisson__without_odds,prob_D_and_U35,[0.05-0.10),0.07500000000000001,816,6.985294117647059,0.08194678412978136
poisson__without_odds,prob_D_and_U35,[0.10-0.15),0.125,3857,11.926367643246046,0.13086341832879209
poisson__without_odds,prob_D_and_U35,[0.15-0.20),0.17500000000000002,100807,18.580058924479452,0.1847805427577939
poisson__without_odds,prob_D_and_U35,[0.20-0.25),0.225,3992,20.791583166332668,0.2047898084579771
poisson__without_odds,prob_A_and_U35,[0.00-0.05),0.025,581,2.2375215146299485,0.03684447108815696
poisson__without_odds,prob_A_and_U35,[0.05-0.10),0.07500000000000001,1890,6.878306878306878,0.07748382054592921
poisson__without_odds,prob_A_and_U35,[0.10-0.15),0.125,3661,12.592187926795958,0.12801507156120187
poisson__without_odds,prob_A_and_U35,[0.15-0.20),0.17500000000000002,14515,17.829831209094042,0.18301187480329636
poisson__without_odds,prob_A_and_U35,[0.20-0.25),0.225,72839,21.78365985255152,0.2201109824590954
poisson__without_odds,prob_A_and_U35,[0.25-0.30),0.275,10443,26.08445848893996,0.26856285758240234
poisson__without_odds,prob_A_and_U35,[0.30-0.35),0.32500000000000007,3298,31.625227410551847,0.32193212872288
poisson__without_odds,prob_A_and_U35,[0.35-0.40),0.375,1681,38.60797144556811,0.3735430925434725
poisson__without_odds,prob_A_and_U35,[0.40-0.45),0.42500000000000004,597,48.743718592964825,0.4136513136682606
poisson__without_odds,prob_H_and_O45,[0.00-0.05),0.025,5957,3.4245425549773376,0.036231917947885287
poisson__without_odds,prob_H_and_O45,[0.05-0.10),0.07500000000000001,93878,7.975244466222119,0.07728054858365212
poisson__without_odds,prob_H_and_O45,[0.10-0.15),0.125,6675,10.936329588014981,0.11737240634180912
poisson__without_odds,prob_H_and_O45,[0.15-0.20),0.17500000000000002,1695,16.519174041297934,0.17104280516419632
poisson__without_odds,prob_H_and_O45,[0.20-0.25),0.225,772,22.020725388601036,0.22070362442337493
poisson__without_odds,prob_H_and_O45,[0.25-0.30),0.275,357,26.330532212885156,0.2713524402927081
poisson__without_odds,prob_H_and_O45,[0.30-0.35),0.32500000000000007,136,27.941176470588236,0.31720874214321787
poisson__without_odds,prob_H_and_O45,[0.35-0.40),0.375,22,27.27272727272727,0.3703149726279951
poisson__without_odds,prob_D_and_O45,[0.00-0.05),0.025,109509,1.1441981937557644,0.011958761132119735
poisson__without_odds,prob_A_and_O45,[0.00-0.05),0.025,69385,4.645096202349211,0.04120346486771568
poisson__without_odds,prob_A_and_O45,[0.05-0.10),0.07500000000000001,37286,6.87121171485276,0.05979788976224278
poisson__without_odds,prob_A_and_O45,[0.10-0.15),0.125,2056,12.45136186770428,0.11973350470292482
poisson__without_odds,prob_A_and_O45,[0.15-0.20),0.17500000000000002,585,15.555555555555555,0.17029422458121546
poisson__without_odds,prob_A_and_O45,[0.20-0.25),0.225,153,16.33986928104575,0.21802363268008226
poisson__without_odds,prob_A_and_O45,[0.25-0.30),0.275,21,23.809523809523807,0.2657450038432163
poisson__without_odds,prob_H_and_U45,[0.00-0.05),0.025,37,18.91891891891892,0.03346747070478083
poisson__without_odds,prob_H_and_U45,[0.05-0.10),0.07500000000000001,387,8.2687338501292,0.08095655413639262
poisson__without_odds,prob_H_and_U45,[0.10-0.15),0.125,850,10.705882352941176,0.1279203958086841
poisson__without_odds,prob_H_and_U45,[0.15-0.20),0.17500000000000002,1310,17.32824427480916,0.17684859719993037
poisson__without_odds,prob_H_and_U45,[0.20-0.25),0.225,2388,22.613065326633166,0.2277762169865411
poisson__without_odds,prob_H_and_U45,[0.25-0.30),0.275,5524,26.882693700217235,0.2794962334442814
poisson__without_odds,prob_H_and_U45,[0.30-0.35),0.32500000000000007,19006,32.44238661475324,0.3302094312734837
poisson__without_odds,prob_H_and_U45,[0.35-0.40),0.375,62408,36.63312395846686,0.37276111910806814
poisson__without_odds,prob_H_and_U45,[0.40-0.45),0.42500000000000004,10556,41.900341038272074,0.419378859591466
poisson__without_odds,prob_H_and_U45,[0.45-0.50),0.475,3584,47.154017857142854,0.4720730737134979
poisson__without_odds,prob_H_and_U45,[0.50-0.55),0.525,2350,54.42553191489362,0.5243603742117791
poisson__without_odds,prob_H_and_U45,[0.55-0.60),0.5750000000000001,1107,60.43360433604336,0.5647898412168453
poisson__without_odds,prob_D_and_U45,[0.00-0.05),0.025,23,4.3478260869565215,0.03087016260712145
poisson__without_odds,prob_D_and_U45,[0.05-0.10),0.07500000000000001,289,8.650519031141869,0.08585936402807613
poisson__without_odds,prob_D_and_U45,[0.10-0.15),0.125,1242,10.950080515297907,0.1300069774652494
poisson__without_odds,prob_D_and_U45,[0.15-0.20),0.17500000000000002,3655,16.935704514363888,0.1802288208692964
poisson__without_odds,prob_D_and_U45,[0.20-0.25),0.225,98210,23.562773648304653,0.2385537130181038
poisson__without_odds,prob_D_and_U45,[0.25-0.30),0.275,6090,25.582922824302134,0.2537903398201774
poisson__without_odds,prob_A_and_U45,[0.00-0.05),0.025,477,2.9350104821802936,0.037315764595237166
poisson__without_odds,prob_A_and_U45,[0.05-0.10),0.07500000000000001,1518,5.862977602108037,0.07715462473933045
poisson__without_odds,prob_A_and_U45,[0.10-0.15),0.125,2619,13.172966781214205,0.1275689139350383
poisson__without_odds,prob_A_and_U45,[0.15-0.20),0.17500000000000002,5470,16.63619744058501,0.17929661621621054
poisson__without_odds,prob_A_and_U45,[0.20-0.25),0.225,36662,23.585729092793628,0.23476152826574864
poisson__without_odds,prob_A_and_U45,[0.25-0.30),0.275,48711,26.65311736568742,0.26379006423343665
poisson__without_odds,prob_A_and_U45,[0.30-0.35),0.32500000000000007,7825,31.603833865814696,0.3197139665245018
poisson__without_odds,prob_A_and_U45,[0.35-0.40),0.375,2887,36.23138205749913,0.37248980095372664
poisson__without_odds,prob_A_and_U45,[0.40-0.45),0.42500000000000004,1512,42.46031746031746,0.42246339543129546
poisson__without_odds,prob_A_and_U45,[0.45-0.50),0.475,980,49.69387755102041,0.47359266841129677
poisson__without_odds,prob_A_and_U45,[0.50-0.55),0.525,659,55.9939301972686,0.5241139721174428
poisson__without_odds,prob_A_and_U45,[0.55-0.60),0.5750000000000001,188,63.297872340425535,0.5630689534035593
poisson__without_odds,prob_1X_and_O15,[0.10-0.15),0.125,62,11.29032258064516,0.13252795672696197
poisson__without_odds,prob_1X_and_O15,[0.15-0.20),0.17500000000000002,243,15.22633744855967,0.17750476999970993
poisson__without_odds,prob_1X_and_O15,[0.20-0.25),0.225,457,19.693654266958426,0.22631289055849263
poisson__without_odds,prob_1X_and_O15,[0.25-0.30),0.275,745,24.295302013422816,0.2769656868790747
poisson__without_odds,prob_1X_and_O15,[0.30-0.35),0.32500000000000007,1111,33.93339333933393,0.3276490822709697
poisson__without_odds,prob_1X_and_O15,[0.35-0.40),0.375,1982,38.24419778002019,0.3778921885710759
poisson__without_odds,prob_1X_and_O15,[0.40-0.45),0.42500000000000004,3980,42.91457286432161,0.42860928432856654
poisson__without_odds,prob_1X_and_O15,[0.45-0.50),0.475,12571,46.61522551905178,0.4806438460394747
poisson__without_odds,prob_1X_and_O15,[0.50-0.55),0.525,62950,51.22001588562352,0.5300720210820681
poisson__without_odds,prob_1X_and_O15,[0.55-0.60),0.5750000000000001,16508,57.05718439544464,0.5676728010559912
poisson__without_odds,prob_1X_and_O15,[0.60-0.65),0.625,3865,63.49288486416559,0.6214760756640116
poisson__without_odds,prob_1X_and_O15,[0.65-0.70),0.675,2129,66.32221700328793,0.6725430545516992
poisson__without_odds,prob_1X_and_O15,[0.70-0.75),0.7250000000000001,1284,72.97507788161994,0.7231867395063314
poisson__without_odds,prob_1X_and_O15,[0.75-0.80),0.775,878,78.92938496583145,0.7736808455384372
poisson__without_odds,prob_1X_and_O15,[0.80-0.85),0.8250000000000001,534,84.45692883895131,0.8231430559290697
poisson__without_odds,prob_1X_and_O15,[0.85-0.90),0.875,178,90.4494382022472,0.8648138493852178
poisson__without_odds,prob_12_and_O15,[0.45-0.50),0.475,24,45.83333333333333,0.49339500972061634
poisson__without_odds,prob_12_and_O15,[0.50-0.55),0.525,8466,54.086935979210956,0.5413003905674251
poisson__without_odds,prob_12_and_O15,[0.55-0.60),0.5750000000000001,91380,57.995184942000435,0.5688801884446792
poisson__without_odds,prob_12_and_O15,[0.60-0.65),0.625,5753,60.664001390578825,0.6196992388134192
poisson__without_odds,prob_12_and_O15,[0.65-0.70),0.675,2038,68.351324828263,0.671861169108148
poisson__without_odds,prob_12_and_O15,[0.70-0.75),0.7250000000000001,1077,73.35190343546888,0.7224663401398392
poisson__without_odds,prob_12_and_O15,[0.75-0.80),0.775,514,76.07003891050583,0.7726938920659452
poisson__without_odds,prob_12_and_O15,[0.80-0.85),0.8250000000000001,222,82.88288288288288,0.8181301758981353
poisson__without_odds,prob_12_and_O15,[0.85-0.90),0.875,35,77.14285714285715,0.8750870710467226
poisson__without_odds,prob_X2_and_O15,[0.05-0.10),0.07500000000000001,178,10.674157303370785,0.08497003578814118
poisson__without_odds,prob_X2_and_O15,[0.10-0.15),0.125,577,12.305025996533796,0.12700348477668436
poisson__without_odds,prob_X2_and_O15,[0.15-0.20),0.17500000000000002,923,13.542795232936077,0.17595249142730376
poisson__without_odds,prob_X2_and_O15,[0.20-0.25),0.225,1452,22.03856749311295,0.22710841118093517
poisson__without_odds,prob_X2_and_O15,[0.25-0.30),0.275,2487,28.387615601125855,0.27704458660391773
poisson__without_odds,prob_X2_and_O15,[0.30-0.35),0.32500000000000007,5896,33.836499321573946,0.3297035955018618
poisson__without_odds,prob_X2_and_O15,[0.35-0.40),0.375,29024,38.47850055126791,0.3829852917770152
poisson__without_odds,prob_X2_and_O15,[0.40-0.45),0.42500000000000004,50509,41.59654715001287,0.4149966369770318
poisson__without_odds,prob_X2_and_O15,[0.45-0.50),0.475,10556,48.029556650246306,0.470452340040508
poisson__without_odds,prob_X2_and_O15,[0.50-0.55),0.525,3604,52.24750277469479,0.5213901247447268
poisson__without_odds,prob_X2_and_O15,[0.55-0.60),0.5750000000000001,1780,59.55056179775281,0.5722105564240767
poisson__without_odds,prob_X2_and_O15,[0.60-0.65),0.625,1053,62.01329534662868,0.623091190215508
poisson__without_odds,prob_X2_and_O15,[0.65-0.70),0.675,723,68.04979253112033,0.6725184051099908
poisson__without_odds,prob_X2_and_O15,[0.70-0.75),0.7250000000000001,430,75.5813953488372,0.7224050837335905
poisson__without_odds,prob_X2_and_O15,[0.75-0.80),0.775,230,68.69565217391305,0.7711469833308265
poisson__without_odds,prob_X2_and_O15,[0.80-0.85),0.8250000000000001,47,78.72340425531915,0.8168218672588083
poisson__without_odds,prob_1X_and_U15,[0.00-0.05),0.025,47,10.638297872340425,0.03561383482235678
poisson__without_odds,prob_1X_and_U15,[0.05-0.10),0.07500000000000001,1150,7.739130434782608,0.08465558643782406
poisson__without_odds,prob_1X_and_U15,[0.10-0.15),0.125,12796,14.027821194123163,0.13669592315531742
poisson__without_odds,prob_1X_and_U15,[0.15-0.20),0.17500000000000002,95109,17.279121849667224,0.16860083351795885
poisson__without_odds,prob_1X_and_U15,[0.20-0.25),0.225,407,22.11302211302211,0.20553964364659288
poisson__without_odds,prob_12_and_U15,[0.05-0.10),0.07500000000000001,344,7.848837209302325,0.08809467850992204
poisson__without_odds,prob_12_and_U15,[0.10-0.15),0.125,3701,14.3204539313699,0.1334290171509199
poisson__without_odds,prob_12_and_U15,[0.15-0.20),0.17500000000000002,103815,17.3780282232818,0.17923855999754704
poisson__without_odds,prob_12_and_U15,[0.20-0.25),0.225,1633,19.167176974892836,0.20523947695766434
poisson__without_odds,prob_X2_and_U15,[0.00-0.05),0.025,474,2.5316455696202533,0.039970781929788486
poisson__without_odds,prob_X2_and_U15,[0.05-0.10),0.07500000000000001,3116,7.2207958921694475,0.08014245453677564
poisson__without_odds,prob_X2_and_U15,[0.10-0.15),0.125,78120,14.391961085509472,0.1416204211831845
poisson__without_odds,prob_X2_and_U15,[0.15-0.20),0.17500000000000002,27731,15.964083516642024,0.1608674421109653
poisson__without_odds,prob_X2_and_U15,[0.20-0.25),0.225,68,19.11764705882353,0.20688700816150596
poisson__without_odds,prob_1X_and_O25,[0.00-0.05),0.025,20,15.0,0.03507246583996393
poisson__without_odds,prob_1X_and_O25,[0.05-0.10),0.07500000000000001,257,7.782101167315175,0.08446024435425213
poisson__without_odds,prob_1X_and_O25,[0.10-0.15),0.125,787,11.689961880559085,0.12793533094303997
poisson__without_odds,prob_1X_and_O25,[0.15-0.20),0.17500000000000002,1553,19.961365099806823,0.17773530842681615
poisson__without_odds,prob_1X_and_O25,[0.20-0.25),0.225,3369,23.745918670228555,0.22824117696532015
poisson__without_odds,prob_1X_and_O25,[0.25-0.30),0.275,10491,27.537889619674004,0.2809852140749283
poisson__without_odds,prob_1X_and_O25,[0.30-0.35),0.32500000000000007,67583,32.172291848541796,0.331431573027666
poisson__without_odds,prob_1X_and_O25,[0.35-0.40),0.375,17213,37.83187126009411,0.3667863344994089
poisson__without_odds,prob_1X_and_O25,[0.40-0.45),0.42500000000000004,3614,41.94798007747648,0.42107087785951564
poisson__without_odds,prob_1X_and_O25,[0.45-0.50),0.475,1879,46.194784459819054,0.4722899060987788
poisson__without_odds,prob_1X_and_O25,[0.50-0.55),0.525,1115,53.09417040358745,0.5228142734963693
poisson__without_odds,prob_1X_and_O25,[0.55-0.60),0.5750000000000001,773,59.50840879689522,0.5747025508264615
poisson__without_odds,prob_1X_and_O25,[0.60-0.65),0.625,447,61.96868008948546,0.6242602072824692
poisson__without_odds,prob_1X_and_O25,[0.65-0.70),0.675,292,72.6027397260274,0.6729378665272501
poisson__without_odds,prob_1X_and_O25,[0.70-0.75),0.7250000000000001,89,79.7752808988764,0.717519791345698
poisson__without_odds,prob_12_and_O25,[0.35-0.40),0.375,759,43.47826086956522,0.39117750157058584
poisson__without_odds,prob_12_and_O25,[0.40-0.45),0.42500000000000004,76517,44.935112458669316,0.4372629343181497
poisson__without_odds,prob_12_and_O25,[0.45-0.50),0.475,26651,47.33030655510112,0.4638466798756644
poisson__without_odds,prob_12_and_O25,[0.50-0.55),0.525,3164,50.853350189633375,0.520634370399058
poisson__without_odds,prob_12_and_O25,[0.55-0.60),0.5750000000000001,1333,57.83945986496624,0.572539638969469
poisson__without_odds,prob_12_and_O25,[0.60-0.65),0.625,638,61.12852664576802,0.6214597994625408
poisson__without_odds,prob_12_and_O25,[0.65-0.70),0.675,324,69.44444444444444,0.6723188490248191
poisson__without_odds,prob_12_and_O25,[0.70-0.75),0.7250000000000001,90,73.33333333333333,0.7173323401689885
poisson__without_odds,prob_X2_and_O25,[0.00-0.05),0.025,210,7.6190476190476195,0.039011100685973805
poisson__without_odds,prob_X2_and_O25,[0.05-0.10),0.07500000000000001,1291,6.506584043377226,0.07799775811179062
poisson__without_odds,prob_X2_and_O25,[0.10-0.15),0.125,2741,13.170375775264501,0.1284853426821737
poisson__without_odds,prob_X2_and_O25,[0.15-0.20),0.17500000000000002,8466,18.462083628632175,0.18120698608710836
poisson__without_odds,prob_X2_and_O25,[0.20-0.25),0.225,64403,23.680573886309645,0.23151085366027055
poisson__without_odds,prob_X2_and_O25,[0.25-0.30),0.275,22220,27.979297929792978,0.26954166516275035
poisson__without_odds,prob_X2_and_O25,[0.30-0.35),0.32500000000000007,5708,32.91871058163981,0.3196399081704224
poisson__without_odds,prob_X2_and_O25,[0.35-0.40),0.375,2022,39.26805143422354,0.37163249660702846
poisson__without_odds,prob_X2_and_O25,[0.40-0.45),0.42500000000000004,1086,43.0939226519337,0.4226210228085501
poisson__without_odds,prob_X2_and_O25,[0.45-0.50),0.475,684,50.58479532163743,0.472152740501693
poisson__without_odds,prob_X2_and_O25,[0.50-0.55),0.525,370,54.054054054054056,0.5217927276632578
poisson__without_odds,prob_X2_and_O25,[0.55-0.60),0.5750000000000001,210,49.523809523809526,0.5720900127002375
poisson__without_odds,prob_X2_and_O25,[0.60-0.65),0.625,64,54.6875,0.6173401087284295
poisson__without_odds,prob_1X_and_U25,[0.05-0.10),0.07500000000000001,22,22.727272727272727,0.07965190994333378
poisson__without_odds,prob_1X_and_U25,[0.10-0.15),0.125,148,12.162162162162163,0.13438085045523246
poisson__without_odds,prob_1X_and_U25,[0.15-0.20),0.17500000000000002,493,17.038539553752535,0.17831142671678515
poisson__without_odds,prob_1X_and_U25,[0.20-0.25),0.225,1169,19.503849443969205,0.22823836912020024
poisson__without_odds,prob_1X_and_U25,[0.25-0.30),0.275,3119,26.386662391792242,0.2797306468337036
poisson__without_odds,prob_1X_and_U25,[0.30-0.35),0.32500000000000007,22064,33.36203770848441,0.33396696758177546
poisson__without_odds,prob_1X_and_U25,[0.35-0.40),0.375,80173,36.61457099023362,0.3690739172057067
poisson__without_odds,prob_1X_and_U25,[0.40-0.45),0.42500000000000004,2314,41.35695764909248,0.40810571305137094
poisson__without_odds,prob_12_and_U25,[0.15-0.20),0.17500000000000002,73,13.698630136986301,0.18682835087259494
poisson__without_odds,prob_12_and_U25,[0.20-0.25),0.225,967,25.33609100310238,0.2327444498202203
poisson__without_odds,prob_12_and_U25,[0.25-0.30),0.275,31516,28.963066378982106,0.289184388396401
poisson__without_odds,prob_12_and_U25,[0.30-0.35),0.32500000000000007,76880,29.86212278876171,0.30909192583749007
poisson__without_odds,prob_12_and_U25,[0.35-0.40),0.375,55,36.36363636363637,0.3553214234318197
poisson__without_odds,prob_X2_and_U25,[0.00-0.05),0.025,22,9.090909090909092,0.03287791812487221
poisson__without_odds,prob_X2_and_U25,[0.05-0.10),0.07500000000000001,279,4.659498207885305,0.08497806217914922
poisson__without_odds,prob_X2_and_U25,[0.10-0.15),0.125,864,10.069444444444445,0.12817045484403802
poisson__without_odds,prob_X2_and_U25,[0.15-0.20),0.17500000000000002,1514,16.842800528401586,0.17742824450623368
poisson__without_odds,prob_X2_and_U25,[0.20-0.25),0.225,3124,23.335467349551855,0.22836624398204453
poisson__without_odds,prob_X2_and_U25,[0.25-0.30),0.275,15295,28.440666884602813,0.2847521668748184
poisson__without_odds,prob_X2_and_U25,[0.30-0.35),0.32500000000000007,79679,31.537795404058787,0.31807312405311017
poisson__without_odds,prob_X2_and_U25,[0.35-0.40),0.375,8531,35.81057320361036,0.3658900398032678
poisson__without_odds,prob_X2_and_U25,[0.40-0.45),0.42500000000000004,201,35.32338308457712,0.408863106733839
poisson__without_odds,prob_1X_and_O35,[0.00-0.05),0.025,66,9.090909090909092,0.03859767130950244
poisson__without_odds,prob_1X_and_O35,[0.05-0.10),0.07500000000000001,1138,7.469244288224957,0.08101920248001881
poisson__without_odds,prob_1X_and_O35,[0.10-0.15),0.125,4176,14.128352490421456,0.13083069637836106
poisson__without_odds,prob_1X_and_O35,[0.15-0.20),0.17500000000000002,27660,17.48373101952278,0.18367296346513026
poisson__without_odds,prob_1X_and_O35,[0.20-0.25),0.225,68571,21.03804815446763,0.2117074063764391
poisson__without_odds,prob_1X_and_O35,[0.25-0.30),0.275,4240,25.54245283018868,0.2701192513600007
poisson__without_odds,prob_1X_and_O35,[0.30-0.35),0.32500000000000007,1764,31.519274376417233,0.32155375205287656
poisson__without_odds,prob_1X_and_O35,[0.35-0.40),0.375,933,38.79957127545552,0.3731996938898268
poisson__without_odds,prob_1X_and_O35,[0.40-0.45),0.42500000000000004,514,40.27237354085603,0.42182157261532915
poisson__without_odds,prob_1X_and_O35,[0.45-0.50),0.475,298,50.0,0.4720399636273042
poisson__without_odds,prob_1X_and_O35,[0.50-0.55),0.525,112,57.14285714285714,0.517947995243942
poisson__without_odds,prob_1X_and_O35,[0.55-0.60),0.5750000000000001,20,65.0,0.5689645460228734
poisson__without_odds,prob_12_and_O35,[0.15-0.20),0.17500000000000002,4751,20.206272363712902,0.19230588482009767
poisson__without_odds,prob_12_and_O35,[0.20-0.25),0.225,93913,23.601631297051526,0.22272018921029196
poisson__without_odds,prob_12_and_O35,[0.25-0.30),0.275,7190,25.702364394993044,0.2672541137522262
poisson__without_odds,prob_12_and_O35,[0.30-0.35),0.32500000000000007,1932,31.67701863354037,0.32110450791769574
poisson__without_odds,prob_12_and_O35,[0.35-0.40),0.375,956,35.35564853556485,0.372162027221027
poisson__without_odds,prob_12_and_O35,[0.40-0.45),0.42500000000000004,427,39.11007025761124,0.42357917748482743
poisson__without_odds,prob_12_and_O35,[0.45-0.50),0.475,230,46.95652173913044,0.47284236574882554
poisson__without_odds,prob_12_and_O35,[0.50-0.55),0.525,69,50.72463768115942,0.5174212730507144
poisson__without_odds,prob_X2_and_O35,[0.00-0.05),0.025,685,5.255474452554744,0.03829076357482462
poisson__without_odds,prob_X2_and_O35,[0.05-0.10),0.07500000000000001,4185,7.789725209080048,0.0809352087238963
poisson__without_odds,prob_X2_and_O35,[0.10-0.15),0.125,58330,14.380250300017144,0.1373053885755425
poisson__without_odds,prob_X2_and_O35,[0.15-0.20),0.17500000000000002,39453,16.913796162522495,0.16424357413787577
poisson__without_odds,prob_X2_and_O35,[0.20-0.25),0.225,4402,23.262153566560652,0.21864147831137665
poisson__without_odds,prob_X2_and_O35,[0.25-0.30),0.275,1420,27.816901408450708,0.27157288006113056
poisson__without_odds,prob_X2_and_O35,[0.30-0.35),0.32500000000000007,649,32.66563944530046,0.32110989839925924
poisson__without_odds,prob_X2_and_O35,[0.35-0.40),0.375,264,31.439393939393938,0.3718000935605497
poisson__without_odds,prob_X2_and_O35,[0.40-0.45),0.42500000000000004,83,31.32530120481928,0.416359337566078
poisson__without_odds,prob_1X_and_U35,[0.10-0.15),0.125,43,20.930232558139537,0.12859290153101718
poisson__without_odds,prob_1X_and_U35,[0.15-0.20),0.17500000000000002,223,17.48878923766816,0.17851197030547247
poisson__without_odds,prob_1X_and_U35,[0.20-0.25),0.225,430,19.767441860465116,0.2270171167077928
poisson__without_odds,prob_1X_and_U35,[0.25-0.30),0.275,778,23.39331619537275,0.2776263523777123
poisson__without_odds,prob_1X_and_U35,[0.30-0.35),0.32500000000000007,1186,32.29342327150084,0.3272322221045994
poisson__without_odds,prob_1X_and_U35,[0.35-0.40),0.375,2434,37.55135579293344,0.37844446944414534
poisson__without_odds,prob_1X_and_U35,[0.40-0.45),0.42500000000000004,8275,42.779456193353475,0.4307936466687136
poisson__without_odds,prob_1X_and_U35,[0.45-0.50),0.475,56766,48.22957404079907,0.4851936457658317
poisson__without_odds,prob_1X_and_U35,[0.50-0.55),0.525,36605,51.28534353230433,0.5168821260297995
poisson__without_odds,prob_1X_and_U35,[0.55-0.60),0.5750000000000001,2749,55.43834121498726,0.5605777624635713
poisson__without_odds,prob_12_and_U35,[0.35-0.40),0.375,60,38.333333333333336,0.38397619677842126
poisson__without_odds,prob_12_and_U35,[0.40-0.45),0.42500000000000004,445,43.146067415730336,0.43131592728325446
poisson__without_odds,prob_12_and_U35,[0.45-0.50),0.475,3794,50.89615181866104,0.48636472983620854
poisson__without_odds,prob_12_and_U35,[0.50-0.55),0.525,104657,51.67451771023438,0.5248729637796953
poisson__without_odds,prob_12_and_U35,[0.55-0.60),0.5750000000000001,530,53.58490566037736,0.5540782502731502
poisson__without_odds,prob_X2_and_U35,[0.05-0.10),0.07500000000000001,131,6.106870229007633,0.08552123708943543
poisson__without_odds,prob_X2_and_U35,[0.10-0.15),0.125,529,9.262759924385634,0.1265053005814014
poisson__without_odds,prob_X2_and_U35,[0.15-0.20),0.17500000000000002,872,14.220183486238533,0.17615713431434127
poisson__without_odds,prob_X2_and_U35,[0.20-0.25),0.225,1305,21.685823754789272,0.22666086566516375
poisson__without_odds,prob_X2_and_U35,[0.25-0.30),0.275,2228,28.81508078994614,0.27740417734955786
poisson__without_odds,prob_X2_and_U35,[0.30-0.35),0.32500000000000007,4468,33.930170098478065,0.32933630970945044
poisson__without_odds,prob_X2_and_U35,[0.35-0.40),0.375,26898,37.526953676853296,0.384114120334771
poisson__without_odds,prob_X2_and_U35,[0.40-0.45),0.42500000000000004,60666,41.25210167144694,0.41327727469193826
poisson__without_odds,prob_X2_and_U35,[0.45-0.50),0.475,8178,47.72560528246515,0.47054513144247084
poisson__without_odds,prob_X2_and_U35,[0.50-0.55),0.525,3758,51.41032464076637,0.5213052146397599
poisson__without_odds,prob_X2_and_U35,[0.55-0.60),0.5750000000000001,459,58.605664488017425,0.5610845118854805
poisson__without_odds,prob_1X_and_O45,[0.00-0.05),0.025,2882,4.233171408743928,0.03739663864434066
poisson__without_odds,prob_1X_and_O45,[0.05-0.10),0.07500000000000001,87267,8.719218032016684,0.08658265554040862
poisson__without_odds,prob_1X_and_O45,[0.10-0.15),0.125,15662,11.58217341335717,0.11285742815697859
poisson__without_odds,prob_1X_and_O45,[0.15-0.20),0.17500000000000002,2207,16.674218396012687,0.17029160642375057
poisson__without_odds,prob_1X_and_O45,[0.20-0.25),0.225,901,21.53163152053274,0.22161525441378918
poisson__without_odds,prob_1X_and_O45,[0.25-0.30),0.275,391,25.575447570332482,0.2720015180671512
poisson__without_odds,prob_1X_and_O45,[0.30-0.35),0.32500000000000007,156,30.128205128205128,0.3180749719867122
poisson__without_odds,prob_1X_and_O45,[0.35-0.40),0.375,25,32.0,0.3689213319574869
poisson__without_odds,prob_12_and_O45,[0.05-0.10),0.07500000000000001,632,13.449367088607595,0.09488381767376937
poisson__without_odds,prob_12_and_O45,[0.10-0.15),0.125,100159,13.558442077097416,0.12660862575085405
poisson__without_odds,prob_12_and_O45,[0.15-0.20),0.17500000000000002,6657,15.712783536127384,0.16611607819271348
poisson__without_odds,prob_12_and_O45,[0.20-0.25),0.225,1377,21.278140885984023,0.22069081783667685
poisson__without_odds,prob_12_and_O45,[0.25-0.30),0.275,453,24.503311258278146,0.271536932900092
poisson__without_odds,prob_12_and_O45,[0.30-0.35),0.32500000000000007,180,28.333333333333332,0.31868174145284694
poisson__without_odds,prob_12_and_O45,[0.35-0.40),0.375,28,32.142857142857146,0.36985403957486135
poisson__without_odds,prob_X2_and_O45,[0.00-0.05),0.025,16967,4.261212942771262,0.039391382930610105
poisson__without_odds,prob_X2_and_O45,[0.05-0.10),0.07500000000000001,88316,6.927397074142851,0.06285511732351584
poisson__without_odds,prob_X2_and_O45,[0.10-0.15),0.125,3175,12.755905511811024,0.11843673576287808
poisson__without_odds,prob_X2_and_O45,[0.15-0.20),0.17500000000000002,779,15.917843388960208,0.1690076176233312
poisson__without_odds,prob_X2_and_O45,[0.20-0.25),0.225,220,17.272727272727273,0.21754561815731224
poisson__without_odds,prob_X2_and_O45,[0.25-0.30),0.275,29,24.137931034482758,0.2667308803250808
poisson__without_odds,prob_1X_and_U45,[0.10-0.15),0.125,22,40.909090909090914,0.1287406607387271
poisson__without_odds,prob_1X_and_U45,[0.15-0.20),0.17500000000000002,68,11.76470588235294,0.1834763997857369
poisson__without_odds,prob_1X_and_U45,[0.20-0.25),0.225,210,21.904761904761905,0.22736301148561963
poisson__without_odds,prob_1X_and_U45,[0.25-0.30),0.275,349,26.64756446991404,0.2762695441920931
poisson__without_odds,prob_1X_and_U45,[0.30-0.35),0.32500000000000007,579,27.806563039723663,0.32781624847018587
poisson__without_odds,prob_1X_and_U45,[0.35-0.40),0.375,785,33.88535031847134,0.3769195678399002
poisson__without_odds,prob_1X_and_U45,[0.40-0.45),0.42500000000000004,1256,43.63057324840764,0.4270758377325961
poisson__without_odds,prob_1X_and_U45,[0.45-0.50),0.475,2355,49.00212314225053,0.4777737296094208
poisson__without_odds,prob_1X_and_U45,[0.50-0.55),0.525,6323,51.937371500869844,0.5299374029086333
poisson__without_odds,prob_1X_and_U45,[0.55-0.60),0.5750000000000001,22040,56.470054446460985,0.5795953676458668
poisson__without_odds,prob_1X_and_U45,[0.60-0.65),0.625,62858,60.905533106366725,0.6173554890406745
poisson__without_odds,prob_1X_and_U45,[0.65-0.70),0.675,10947,67.95469078286288,0.670974877801522
poisson__without_odds,prob_1X_and_U45,[0.70-0.75),0.7250000000000001,1708,70.90163934426229,0.7104496117221568
poisson__without_odds,prob_12_and_U45,[0.55-0.60),0.5750000000000001,849,61.130742049469966,0.591818821691811
poisson__without_odds,prob_12_and_U45,[0.60-0.65),0.625,108443,61.73012550372084,0.6213176338177241
poisson__without_odds,prob_12_and_U45,[0.65-0.70),0.675,183,60.65573770491803,0.6537988838980922
poisson__without_odds,prob_X2_and_U45,[0.05-0.10),0.07500000000000001,42,11.904761904761903,0.08310352814484404
poisson__without_odds,prob_X2_and_U45,[0.10-0.15),0.125,297,10.437710437710438,0.12898377718047552
poisson__without_odds,prob_X2_and_U45,[0.15-0.20),0.17500000000000002,522,15.517241379310345,0.17652238526030226
poisson__without_odds,prob_X2_and_U45,[0.20-0.25),0.225,760,18.026315789473685,0.2253133897847532
poisson__without_odds,prob_X2_and_U45,[0.25-0.30),0.275,1082,26.894639556377083,0.2762916107784999
poisson__without_odds,prob_X2_and_U45,[0.30-0.35),0.32500000000000007,1687,32.483698873740366,0.3272388332148729
poisson__without_odds,prob_X2_and_U45,[0.35-0.40),0.375,2701,38.87449092928545,0.37770153296740977
poisson__without_odds,prob_X2_and_U45,[0.40-0.45),0.42500000000000004,7228,42.93027116768124,0.4307613572763419
poisson__without_odds,prob_X2_and_U45,[0.45-0.50),0.475,58473,48.08373095274742,0.4852416638690771
poisson__without_odds,prob_X2_and_U45,[0.50-0.55),0.525,24068,52.17300980555094,0.5212079644840263
poisson__without_odds,prob_X2_and_U45,[0.55-0.60),0.5750000000000001,6987,56.97724345212538,0.5706138904952808
poisson__without_odds,prob_X2_and_U45,[0.60-0.65),0.625,3154,62.428662016487,0.6227533083279659
poisson__without_odds,prob_X2_and_U45,[0.65-0.70),0.675,2042,67.82566111655241,0.6736780559357007
poisson__without_odds,prob_X2_and_U45,[0.70-0.75),0.7250000000000001,453,76.82119205298014,0.7106584687679923
poisson__without_odds,prob_H_and_BTTS_Y,[0.00-0.05),0.025,236,5.932203389830509,0.03909263798130452
poisson__without_odds,prob_H_and_BTTS_Y,[0.05-0.10),0.07500000000000001,1413,6.723283793347487,0.07893202651714443
poisson__without_odds,prob_H_and_BTTS_Y,[0.10-0.15),0.125,3852,13.291796469366563,0.12991619041253347
poisson__without_odds,prob_H_and_BTTS_Y,[0.15-0.20),0.17500000000000002,23329,17.416091559861115,0.1845335724117868
poisson__without_odds,prob_H_and_BTTS_Y,[0.20-0.25),0.225,73062,20.21160110591005,0.2144860489883287
poisson__without_odds,prob_H_and_BTTS_Y,[0.25-0.30),0.275,5288,26.191376701966718,0.2709901319315788
poisson__without_odds,prob_H_and_BTTS_Y,[0.30-0.35),0.32500000000000007,2272,33.2306338028169,0.31867896463394385
poisson__without_odds,prob_H_and_BTTS_Y,[0.35-0.40),0.375,57,52.63157894736842,0.35517722771996674
poisson__without_odds,prob_D_and_BTTS_Y,[0.00-0.05),0.025,37,5.405405405405405,0.030953616016330184
poisson__without_odds,prob_D_and_BTTS_Y,[0.05-0.10),0.07500000000000001,772,9.196891191709843,0.08209000824873366
poisson__without_odds,prob_D_and_BTTS_Y,[0.10-0.15),0.125,3451,11.735728774268328,0.1307135215302454
poisson__without_odds,prob_D_and_BTTS_Y,[0.15-0.20),0.17500000000000002,105249,17.621070033919562,0.18489644913830022
poisson__without_odds,prob_A_and_BTTS_Y,[0.00-0.05),0.025,1384,3.0346820809248554,0.03463510839559422
poisson__without_odds,prob_A_and_BTTS_Y,[0.05-0.10),0.07500000000000001,5037,7.861822513400833,0.08005410036908747
poisson__without_odds,prob_A_and_BTTS_Y,[0.10-0.15),0.125,66557,13.417071081929773,0.1376744311823904
poisson__without_odds,prob_A_and_BTTS_Y,[0.15-0.20),0.17500000000000002,29538,16.697135892748324,0.16730699643610342
poisson__without_odds,prob_A_and_BTTS_Y,[0.20-0.25),0.225,4641,21.78409825468649,0.21938586160080306
poisson__without_odds,prob_A_and_BTTS_Y,[0.25-0.30),0.275,1805,28.254847645429365,0.2723317730714764
poisson__without_odds,prob_A_and_BTTS_Y,[0.30-0.35),0.32500000000000007,539,31.72541743970315,0.31581321417189184
poisson__without_odds,prob_H_and_BTTS_N,[0.00-0.05),0.025,283,4.946996466431095,0.03837592768811319
poisson__without_odds,prob_H_and_BTTS_N,[0.05-0.10),0.07500000000000001,1470,7.346938775510205,0.07807850403432365
poisson__without_odds,prob_H_and_BTTS_N,[0.10-0.15),0.125,3125,12.224,0.1285706312679304
poisson__without_odds,prob_H_and_BTTS_N,[0.15-0.20),0.17500000000000002,10959,18.322839675152842,0.18153139610576355
poisson__without_odds,prob_H_and_BTTS_N,[0.20-0.25),0.225,63484,24.07693277046185,0.23227342903737447
poisson__without_odds,prob_H_and_BTTS_N,[0.25-0.30),0.275,22297,27.6629142934027,0.2649751436445105
poisson__without_odds,prob_H_and_BTTS_N,[0.30-0.35),0.32500000000000007,4040,31.386138613861387,0.32069323879323963
poisson__without_odds,prob_H_and_BTTS_N,[0.35-0.40),0.375,1870,37.48663101604278,0.37202677064745665
poisson__without_odds,prob_H_and_BTTS_N,[0.40-0.45),0.42500000000000004,996,43.07228915662651,0.42326465278717734
poisson__without_odds,prob_H_and_BTTS_N,[0.45-0.50),0.475,579,48.877374784110536,0.4723668647265321
poisson__without_odds,prob_H_and_BTTS_N,[0.50-0.55),0.525,310,52.58064516129032,0.5211953563546217
poisson__without_odds,prob_H_and_BTTS_N,[0.55-0.60),0.5750000000000001,74,51.35135135135135,0.5671803251343293
poisson__without_odds,prob_D_and_BTTS_N,[0.00-0.05),0.025,4025,4.049689440993789,0.04051632298613131
poisson__without_odds,prob_D_and_BTTS_N,[0.05-0.10),0.07500000000000001,105479,7.154030660131401,0.06626806938143508
poisson__without_odds,prob_A_and_BTTS_N,[0.00-0.05),0.025,1566,2.7458492975734354,0.033855869416637444
poisson__without_odds,prob_A_and_BTTS_N,[0.05-0.10),0.07500000000000001,4587,7.63025942882058,0.07862705517695256
poisson__without_odds,prob_A_and_BTTS_N,[0.10-0.15),0.125,34893,14.429828332330267,0.13726699880722362
poisson__without_odds,prob_A_and_BTTS_N,[0.15-0.20),0.17500000000000002,58824,17.579559363525092,0.16273119026299576
poisson__without_odds,prob_A_and_BTTS_N,[0.20-0.25),0.225,5618,22.62370950516198,0.2199800551943771
poisson__without_odds,prob_A_and_BTTS_N,[0.25-0.30),0.275,2076,25.240847784200387,0.2713769168734014
poisson__without_odds,prob_A_and_BTTS_N,[0.30-0.35),0.32500000000000007,975,33.23076923076923,0.32296513033447366
poisson__without_odds,prob_A_and_BTTS_N,[0.35-0.40),0.375,553,39.42133815551537,0.3725000676114342
poisson__without_odds,prob_A_and_BTTS_N,[0.40-0.45),0.42500000000000004,286,45.45454545454545,0.42249760099209
poisson__without_odds,prob_A_and_BTTS_N,[0.45-0.50),0.475,101,51.48514851485149,0.4686769855358559
poisson__without_odds,prob_A_and_BTTS_N,[0.50-0.55),0.525,22,50.0,0.522393392954029
poisson__without_odds,prob_1X_and_BTTS_Y,[0.10-0.15),0.125,97,12.371134020618557,0.13347066297871457
poisson__without_odds,prob_1X_and_BTTS_Y,[0.15-0.20),0.17500000000000002,386,14.766839378238341,0.17801974872965243
poisson__without_odds,prob_1X_and_BTTS_Y,[0.20-0.25),0.225,758,21.240105540897098,0.22801109530468608
poisson__without_odds,prob_1X_and_BTTS_Y,[0.25-0.30),0.275,1510,28.344370860927153,0.27834105508781964
poisson__without_odds,prob_1X_and_BTTS_Y,[0.30-0.35),0.32500000000000007,4375,33.57714285714285,0.33017728465486496
poisson__without_odds,prob_1X_and_BTTS_Y,[0.35-0.40),0.375,72792,36.61116606220464,0.38958273728931
poisson__without_odds,prob_1X_and_BTTS_Y,[0.40-0.45),0.42500000000000004,28930,39.95852056688559,0.4140409978797315
poisson__without_odds,prob_1X_and_BTTS_Y,[0.45-0.50),0.475,637,47.56671899529042,0.45746914845860226
poisson__without_odds,prob_12_and_BTTS_Y,[0.25-0.30),0.275,65,32.30769230769231,0.29220631151237153
poisson__without_odds,prob_12_and_BTTS_Y,[0.30-0.35),0.32500000000000007,28941,33.464634946961056,0.341064445617156
poisson__without_odds,prob_12_and_BTTS_Y,[0.35-0.40),0.375,80061,34.683553790234946,0.3615129102180584
poisson__without_odds,prob_12_and_BTTS_Y,[0.40-0.45),0.42500000000000004,433,31.177829099307157,0.4095745218504398
poisson__without_odds,prob_X2_and_BTTS_Y,[0.00-0.05),0.025,21,4.761904761904762,0.03240153396223714
poisson__without_odds,prob_X2_and_BTTS_Y,[0.05-0.10),0.07500000000000001,235,10.212765957446807,0.08518194237484918
poisson__without_odds,prob_X2_and_BTTS_Y,[0.10-0.15),0.125,729,12.345679012345679,0.12813992120542578
poisson__without_odds,prob_X2_and_BTTS_Y,[0.15-0.20),0.17500000000000002,1258,14.94435612082671,0.17733860759942868
poisson__without_odds,prob_X2_and_BTTS_Y,[0.20-0.25),0.225,2538,23.364854215918047,0.22813856043964797
poisson__without_odds,prob_X2_and_BTTS_Y,[0.25-0.30),0.275,8339,28.468641323899746,0.28185706542187866
poisson__without_odds,prob_X2_and_BTTS_Y,[0.30-0.35),0.32500000000000007,71365,31.44818888811042,0.3286250086862232
poisson__without_odds,prob_X2_and_BTTS_Y,[0.35-0.40),0.375,19929,35.7770083797481,0.3684227617325355
poisson__without_odds,prob_X2_and_BTTS_Y,[0.40-0.45),0.42500000000000004,4849,42.586100226850895,0.42094665383637503
poisson__without_odds,prob_X2_and_BTTS_Y,[0.45-0.50),0.475,246,43.90243902439025,0.4570731602278616
poisson__without_odds,prob_1X_and_BTTS_N,[0.00-0.05),0.025,25,12.0,0.034057800723219823
poisson__without_odds,prob_1X_and_BTTS_N,[0.05-0.10),0.07500000000000001,350,8.0,0.08293426313967675
poisson__without_odds,prob_1X_and_BTTS_N,[0.10-0.15),0.125,1162,11.962134251290877,0.12816279412775358
poisson__without_odds,prob_1X_and_BTTS_N,[0.15-0.20),0.17500000000000002,2259,17.220008853474987,0.1783491750945909
poisson__without_odds,prob_1X_and_BTTS_N,[0.20-0.25),0.225,6828,23.799062683069714,0.2308029348423319
poisson__without_odds,prob_1X_and_BTTS_N,[0.25-0.30),0.275,29465,29.020872221279486,0.28073264070791226
poisson__without_odds,prob_1X_and_BTTS_N,[0.30-0.35),0.32500000000000007,58522,33.17726666894501,0.3144511279325848
poisson__without_odds,prob_1X_and_BTTS_N,[0.35-0.40),0.375,6678,37.58610362383947,0.3696097684856598
poisson__without_odds,prob_1X_and_BTTS_N,[0.40-0.45),0.42500000000000004,2321,41.189142610943556,0.4216330038472539
poisson__without_odds,prob_1X_and_BTTS_N,[0.45-0.50),0.475,1107,48.509485094850945,0.47227150572300786
poisson__without_odds,prob_1X_and_BTTS_N,[0.50-0.55),0.525,559,50.80500894454383,0.5223127757895913
poisson__without_odds,prob_1X_and_BTTS_N,[0.55-0.60),0.5750000000000001,198,56.56565656565656,0.5681370136022165
poisson__without_odds,prob_1X_and_BTTS_N,[0.60-0.65),0.625,31,61.29032258064516,0.6221097328237581
poisson__without_odds,prob_12_and_BTTS_N,[0.30-0.35),0.32500000000000007,92,40.21739130434783,0.3408945356335374
poisson__without_odds,prob_12_and_BTTS_N,[0.35-0.40),0.375,85247,40.96449141905287,0.3885444550675767
poisson__without_odds,prob_12_and_BTTS_N,[0.40-0.45),0.42500000000000004,21198,41.277479007453536,0.4126630313893283
poisson__without_odds,prob_12_and_BTTS_N,[0.45-0.50),0.475,2091,47.4414155906265,0.47011373266711187
poisson__without_odds,prob_12_and_BTTS_N,[0.50-0.55),0.525,674,51.33531157270029,0.5209877137928801
poisson__without_odds,prob_12_and_BTTS_N,[0.55-0.60),0.5750000000000001,169,55.62130177514793,0.5663087363754605
poisson__without_odds,prob_12_and_BTTS_N,[0.60-0.65),0.625,33,57.57575757575758,0.6186315301820956
poisson__without_odds,prob_X2_and_BTTS_N,[0.00-0.05),0.025,280,1.7857142857142856,0.039905526604258994
poisson__without_odds,prob_X2_and_BTTS_N,[0.05-0.10),0.07500000000000001,1619,6.176652254478073,0.07810294986030024
poisson__without_odds,prob_X2_and_BTTS_N,[0.10-0.15),0.125,3294,13.661202185792352,0.12838499314113935
poisson__without_odds,prob_X2_and_BTTS_N,[0.15-0.20),0.17500000000000002,11906,18.50327565933143,0.18292231667661674
poisson__without_odds,prob_X2_and_BTTS_N,[0.20-0.25),0.225,76809,24.105248082906954,0.22183772842413854
poisson__without_odds,prob_X2_and_BTTS_N,[0.25-0.30),0.275,10342,27.915296847805067,0.268236751595815
poisson__without_odds,prob_X2_and_BTTS_N,[0.30-0.35),0.32500000000000007,2991,30.892678034102307,0.3214828225051982
poisson__without_odds,prob_X2_and_BTTS_N,[0.35-0.40),0.375,1244,36.81672025723473,0.3725988956883388
poisson__without_odds,prob_X2_and_BTTS_N,[0.40-0.45),0.42500000000000004,626,42.17252396166134,0.4221851830508712
poisson__without_odds,prob_X2_and_BTTS_N,[0.45-0.50),0.475,304,49.01315789473684,0.47060415663134664
poisson__without_odds,prob_X2_and_BTTS_N,[0.50-0.55),0.525,75,62.66666666666667,0.5170562520758258
poisson__without_odds,prob_O25_and_BTTS_Y,[0.30-0.35),0.32500000000000007,103,37.86407766990291,0.3388428277193487
poisson__without_odds,prob_O25_and_BTTS_Y,[0.35-0.40),0.375,10152,39.81481481481482,0.38907987520305415
poisson__without_odds,prob_O25_and_BTTS_Y,[0.40-0.45),0.42500000000000004,93382,40.43927095157525,0.4223670268617234
poisson__without_odds,prob_O25_and_BTTS_Y,[0.45-0.50),0.475,5799,41.3347128815313,0.4593623371988614
poisson__without_odds,prob_O25_and_BTTS_Y,[0.50-0.55),0.525,61,36.0655737704918,0.5124984125821487
poisson__without_odds,prob_O25_and_BTTS_N,[0.05-0.10),0.07500000000000001,96466,11.30242779839529,0.0861512728444803
poisson__without_odds,prob_O25_and_BTTS_N,[0.10-0.15),0.125,9057,11.670531080931875,0.11703160285704951
poisson__without_odds,prob_O25_and_BTTS_N,[0.15-0.20),0.17500000000000002,2162,17.16003700277521,0.17135876580759377
poisson__without_odds,prob_O25_and_BTTS_N,[0.20-0.25),0.225,995,22.311557788944725,0.22298134335383646
poisson__without_odds,prob_O25_and_BTTS_N,[0.25-0.30),0.275,459,27.233115468409586,0.2732081356950502
poisson__without_odds,prob_O25_and_BTTS_N,[0.30-0.35),0.32500000000000007,239,30.962343096234306,0.32134150284062785
poisson__without_odds,prob_O25_and_BTTS_N,[0.35-0.40),0.375,93,33.33333333333333,0.3686111541072861
poisson__without_odds,prob_O35_and_BTTS_Y,[0.15-0.20),0.17500000000000002,64,20.3125,0.19300817334197184
poisson__without_odds,prob_O35_and_BTTS_Y,[0.20-0.25),0.225,18756,23.587118788654298,0.2394110970346436
poisson__without_odds,prob_O35_and_BTTS_Y,[0.25-0.30),0.275,88395,25.335143390463262,0.26446698031286825
poisson__without_odds,prob_O35_and_BTTS_Y,[0.30-0.35),0.32500000000000007,2265,28.2560706401766,0.30992245487270886
poisson__without_odds,prob_O35_and_BTTS_Y,[0.35-0.40),0.375,28,17.857142857142858,0.3621828933454786
poisson__without_odds,prob_O35_and_BTTS_N,[0.00-0.05),0.025,102832,4.696981484362844,0.029109651437704536
poisson__without_odds,prob_O35_and_BTTS_N,[0.05-0.10),0.07500000000000001,4829,6.895837647546076,0.06776108796853407
poisson__without_odds,prob_O35_and_BTTS_N,[0.10-0.15),0.125,1182,12.944162436548224,0.1209496399391293
poisson__without_odds,prob_O35_and_BTTS_N,[0.15-0.20),0.17500000000000002,430,14.883720930232558,0.1717849997547034
poisson__without_odds,prob_O35_and_BTTS_N,[0.20-0.25),0.225,175,21.714285714285715,0.2190848896249295
poisson__without_odds,prob_O35_and_BTTS_N,[0.25-0.30),0.275,30,16.666666666666664,0.26476582195769294
gradient_boosting__without_odds,prob_H,[0.00-0.05),0.025,37,5.405405405405405,0.038123744701013124
gradient_boosting__without_odds,prob_H,[0.05-0.10),0.07500000000000001,217,9.67741935483871,0.0806717665890288
gradient_boosting__without_odds,prob_H,[0.10-0.15),0.125,487,15.400410677618071,0.12881379346706925
gradient_boosting__without_odds,prob_H,[0.15-0.20),0.17500000000000002,935,18.609625668449198,0.17708055498225783
gradient_boosting__without_odds,prob_H,[0.20-0.25),0.225,1436,21.378830083565457,0.227733917595752
gradient_boosting__without_odds,prob_H,[0.25-0.30),0.275,2947,28.09636918900577,0.2784174702737443
gradient_boosting__without_odds,prob_H,[0.30-0.35),0.32500000000000007,5948,33.843308675184936,0.3276523117973907
gradient_boosting__without_odds,prob_H,[0.35-0.40),0.375,12423,38.17113418658939,0.37706074493534725
gradient_boosting__without_odds,prob_H,[0.40-0.45),0.42500000000000004,42936,43.98174026457984,0.43775091120109083
gradient_boosting__without_odds,prob_H,[0.45-0.50),0.475,21231,45.64080825208421,0.4694226452627674
gradient_boosting__without_odds,prob_H,[0.50-0.55),0.525,10860,51.72191528545119,0.5231900064604297
gradient_boosting__without_odds,prob_H,[0.55-0.60),0.5750000000000001,4780,53.64016736401673,0.570640379869234
gradient_boosting__without_odds,prob_H,[0.60-0.65),0.625,1912,58.10669456066946,0.6224239651908661
gradient_boosting__without_odds,prob_H,[0.65-0.70),0.675,1191,64.06381192275398,0.6729171599352743
gradient_boosting__without_odds,prob_H,[0.70-0.75),0.7250000000000001,900,72.66666666666667,0.7238560008603818
gradient_boosting__without_odds,prob_H,[0.75-0.80),0.775,647,80.52550231839258,0.7741308958884426
gradient_boosting__without_odds,prob_H,[0.80-0.85),0.8250000000000001,375,81.33333333333333,0.8215211945219862
gradient_boosting__without_odds,prob_H,[0.85-0.90),0.875,180,83.33333333333334,0.8700153457240964
gradient_boosting__without_odds,prob_H,[0.90-0.95),0.925,66,92.42424242424242,0.9159299284793907
gradient_boosting__without_odds,prob_D,[0.05-0.10),0.07500000000000001,243,11.522633744855968,0.0804712433037435
gradient_boosting__without_odds,prob_D,[0.10-0.15),0.125,989,13.144590495449949,0.13046876260724316
gradient_boosting__without_odds,prob_D,[0.15-0.20),0.17500000000000002,2851,17.95861101367941,0.17947822916336853
gradient_boosting__without_odds,prob_D,[0.20-0.25),0.225,42997,23.678396167174455,0.23851933229956168
gradient_boosting__without_odds,prob_D,[0.25-0.30),0.275,61893,25.41482881747532,0.25744089998529324
gradient_boosting__without_odds,prob_D,[0.30-0.35),0.32500000000000007,519,28.709055876685934,0.3123455578767109
gradient_boosting__without_odds,prob_A,[0.00-0.05),0.025,307,3.5830618892508146,0.03740056979362286
gradient_boosting__without_odds,prob_A,[0.05-0.10),0.07500000000000001,1251,7.434052757793765,0.07789158433362325
gradient_boosting__without_odds,prob_A,[0.10-0.15),0.125,1983,14.725163893091276,0.12645489368386423
gradient_boosting__without_odds,prob_A,[0.15-0.20),0.17500000000000002,4163,20.46601008887821,0.1796210135225257
gradient_boosting__without_odds,prob_A,[0.20-0.25),0.225,12389,24.045524255387843,0.22914448701209716
gradient_boosting__without_odds,prob_A,[0.25-0.30),0.275,28098,29.155100007117944,0.28232721656957654
gradient_boosting__without_odds,prob_A,[0.30-0.35),0.32500000000000007,39018,31.357322261520327,0.31194562817528243
gradient_boosting__without_odds,prob_A,[0.35-0.40),0.375,11291,37.924010273669296,0.37252058581532477
gradient_boosting__without_odds,prob_A,[0.40-0.45),0.42500000000000004,5051,41.47693526034449,0.4229249199161994
gradient_boosting__without_odds,prob_A,[0.45-0.50),0.475,2529,48.31949387109529,0.473082431772642
gradient_boosting__without_odds,prob_A,[0.50-0.55),0.525,1316,53.11550151975683,0.5227295649359522
gradient_boosting__without_odds,prob_A,[0.55-0.60),0.5750000000000001,827,58.64570737605804,0.573426477192402
gradient_boosting__without_odds,prob_A,[0.60-0.65),0.625,541,62.661737523105366,0.6232342486674903
gradient_boosting__without_odds,prob_A,[0.65-0.70),0.675,363,66.94214876033058,0.6716801360751717
gradient_boosting__without_odds,prob_A,[0.70-0.75),0.7250000000000001,166,69.27710843373494,0.7231556654473287
gradient_boosting__without_odds,prob_A,[0.75-0.80),0.775,129,72.09302325581395,0.7717012736658209
gradient_boosting__without_odds,prob_A,[0.80-0.85),0.8250000000000001,55,72.72727272727273,0.8244426286240811
gradient_boosting__without_odds,prob_A,[0.85-0.90),0.875,23,78.26086956521739,0.8687778441339754
gradient_boosting__without_odds,prob_1X,[0.10-0.15),0.125,23,21.73913043478261,0.13122215586602473
gradient_boosting__without_odds,prob_1X,[0.15-0.20),0.17500000000000002,55,27.27272727272727,0.17555737137591915
gradient_boosting__without_odds,prob_1X,[0.20-0.25),0.225,129,27.906976744186046,0.22829872633417914
gradient_boosting__without_odds,prob_1X,[0.25-0.30),0.275,166,30.72289156626506,0.2768443345526713
gradient_boosting__without_odds,prob_1X,[0.30-0.35),0.32500000000000007,363,33.057851239669425,0.3283198639248283
gradient_boosting__without_odds,prob_1X,[0.35-0.40),0.375,541,37.33826247689464,0.3767657513325096
gradient_boosting__without_odds,prob_1X,[0.40-0.45),0.42500000000000004,827,41.35429262394196,0.42657352280759786
gradient_boosting__without_odds,prob_1X,[0.45-0.50),0.475,1316,46.88449848024316,0.47727043506404776
gradient_boosting__without_odds,prob_1X,[0.50-0.55),0.525,2529,51.6805061289047,0.526917568227358
gradient_boosting__without_odds,prob_1X,[0.55-0.60),0.5750000000000001,5051,58.52306473965552,0.5770750800838006
gradient_boosting__without_odds,prob_1X,[0.60-0.65),0.625,11291,62.075989726330704,0.6274794141846753
gradient_boosting__without_odds,prob_1X,[0.65-0.70),0.675,39018,68.64267773847968,0.6880543718247174
gradient_boosting__without_odds,prob_1X,[0.70-0.75),0.7250000000000001,28098,70.84489999288206,0.7176727834304235
gradient_boosting__without_odds,prob_1X,[0.75-0.80),0.775,12389,75.95447574461215,0.7708555129879029
gradient_boosting__without_odds,prob_1X,[0.80-0.85),0.8250000000000001,4163,79.53398991112178,0.8203789864774742
gradient_boosting__without_odds,prob_1X,[0.85-0.90),0.875,1983,85.27483610690872,0.8735451063161357
gradient_boosting__without_odds,prob_1X,[0.90-0.95),0.925,1251,92.56594724220624,0.9221084156663766
gradient_boosting__without_odds,prob_1X,[0.95-1.00),0.9750000000000001,307,96.41693811074919,0.9625994302063771
gradient_boosting__without_odds,prob_12,[0.65-0.70),0.675,519,71.29094412331408,0.6876544421232891
gradient_boosting__without_odds,prob_12,[0.70-0.75),0.7250000000000001,61893,74.58517118252468,0.7425591000147067
gradient_boosting__without_odds,prob_12,[0.75-0.80),0.775,42997,76.32160383282555,0.7614806677004383
gradient_boosting__without_odds,prob_12,[0.80-0.85),0.8250000000000001,2851,82.04138898632058,0.8205217708366316
gradient_boosting__without_odds,prob_12,[0.85-0.90),0.875,989,86.85540950455005,0.8695312373927568
gradient_boosting__without_odds,prob_12,[0.90-0.95),0.925,243,88.47736625514403,0.9195287566962564
gradient_boosting__without_odds,prob_X2,[0.05-0.10),0.07500000000000001,66,7.575757575757576,0.08407007152060934
gradient_boosting__without_odds,prob_X2,[0.10-0.15),0.125,180,16.666666666666664,0.12998465427590347
gradient_boosting__without_odds,prob_X2,[0.15-0.20),0.17500000000000002,375,18.666666666666668,0.1784788054780138
gradient_boosting__without_odds,prob_X2,[0.20-0.25),0.225,647,19.47449768160742,0.22586910411155742
gradient_boosting__without_odds,prob_X2,[0.25-0.30),0.275,900,27.333333333333332,0.27614399913961823
gradient_boosting__without_odds,prob_X2,[0.30-0.35),0.32500000000000007,1191,35.936188077246015,0.3270828400647257
gradient_boosting__without_odds,prob_X2,[0.35-0.40),0.375,1912,41.89330543933054,0.37757603480913393
gradient_boosting__without_odds,prob_X2,[0.40-0.45),0.42500000000000004,4780,46.35983263598326,0.42935962013076595
gradient_boosting__without_odds,prob_X2,[0.45-0.50),0.475,10860,48.278084714548804,0.4768099935395703
gradient_boosting__without_odds,prob_X2,[0.50-0.55),0.525,21231,54.35919174791578,0.5305773547372327
gradient_boosting__without_odds,prob_X2,[0.55-0.60),0.5750000000000001,42936,56.01825973542016,0.5622490887989091
gradient_boosting__without_odds,prob_X2,[0.60-0.65),0.625,12423,61.8288658134106,0.6229392550646528
gradient_boosting__without_odds,prob_X2,[0.65-0.70),0.675,5948,66.15669132481507,0.6723476882026093
gradient_boosting__without_odds,prob_X2,[0.70-0.75),0.7250000000000001,2947,71.90363081099423,0.7215825297262557
gradient_boosting__without_odds,prob_X2,[0.75-0.80),0.775,1436,78.62116991643454,0.772266082404248
gradient_boosting__without_odds,prob_X2,[0.80-0.85),0.8250000000000001,935,81.3903743315508,0.8229194450177422
gradient_boosting__without_odds,prob_X2,[0.85-0.90),0.875,487,84.59958932238193,0.8711862065329307
gradient_boosting__without_odds,prob_X2,[0.90-0.95),0.925,217,90.32258064516128,0.9193282334109713
gradient_boosting__without_odds,prob_X2,[0.95-1.00),0.9750000000000001,37,94.5945945945946,0.9618762552989869
gradient_boosting__without_odds,prob_O15,[0.45-0.50),0.475,30,70.0,0.4803158721401716
gradient_boosting__without_odds,prob_O15,[0.50-0.55),0.525,106,75.47169811320755,0.5301547873699985
gradient_boosting__without_odds,prob_O15,[0.55-0.60),0.5750000000000001,336,75.0,0.5794559012915405
gradient_boosting__without_odds,prob_O15,[0.60-0.65),0.625,1388,74.63976945244957,0.6307570724107622
gradient_boosting__without_odds,prob_O15,[0.65-0.70),0.675,5267,72.98272261249288,0.6804476697936154
gradient_boosting__without_odds,prob_O15,[0.70-0.75),0.7250000000000001,19418,74.27129467504378,0.7298370537162955
gradient_boosting__without_odds,prob_O15,[0.75-0.80),0.775,73668,75.81717977955151,0.7651626655795153
gradient_boosting__without_odds,prob_O15,[0.80-0.85),0.8250000000000001,7614,78.80220646178093,0.816703917058396
gradient_boosting__without_odds,prob_O15,[0.85-0.90),0.875,1348,80.78635014836796,0.8687788184388092
gradient_boosting__without_odds,prob_O15,[0.90-0.95),0.925,332,86.14457831325302,0.9171524137266258
gradient_boosting__without_odds,prob_U15,[0.05-0.10),0.07500000000000001,332,13.855421686746988,0.08284758627337423
gradient_boosting__without_odds,prob_U15,[0.10-0.15),0.125,1348,19.21364985163205,0.1312211815611909
gradient_boosting__without_odds,prob_U15,[0.15-0.20),0.17500000000000002,7614,21.19779353821907,0.18329608294160407
gradient_boosting__without_odds,prob_U15,[0.20-0.25),0.225,73668,24.182820220448498,0.23483733442048466
gradient_boosting__without_odds,prob_U15,[0.25-0.30),0.275,19418,25.728705324956223,0.2701629462837046
gradient_boosting__without_odds,prob_U15,[0.30-0.35),0.32500000000000007,5267,27.01727738750712,0.3195523302063847
gradient_boosting__without_odds,prob_U15,[0.35-0.40),0.375,1388,25.360230547550433,0.3692429275892378
gradient_boosting__without_odds,prob_U15,[0.40-0.45),0.42500000000000004,336,25.0,0.42054409870845955
gradient_boosting__without_odds,prob_U15,[0.45-0.50),0.475,106,24.528301886792452,0.4698452126300015
gradient_boosting__without_odds,prob_U15,[0.50-0.55),0.525,30,30.0,0.5196841278598284
gradient_boosting__without_odds,prob_O25,[0.20-0.25),0.225,50,34.0,0.23283254915155344
gradient_boosting__without_odds,prob_O25,[0.25-0.30),0.275,178,53.93258426966292,0.2806250990788173
gradient_boosting__without_odds,prob_O25,[0.30-0.35),0.32500000000000007,580,48.10344827586207,0.33043744157459204
gradient_boosting__without_odds,prob_O25,[0.35-0.40),0.375,1969,48.24784154393093,0.37918109642051745
gradient_boosting__without_odds,prob_O25,[0.40-0.45),0.42500000000000004,6023,48.2815872488793,0.42910977297024316
gradient_boosting__without_odds,prob_O25,[0.45-0.50),0.475,15403,49.59423488930727,0.4781352687564783
gradient_boosting__without_odds,prob_O25,[0.50-0.55),0.525,64914,52.10278214252704,0.5188526786107325
gradient_boosting__without_odds,prob_O25,[0.55-0.60),0.5750000000000001,15309,54.895812920504284,0.5680096526281767
gradient_boosting__without_odds,prob_O25,[0.60-0.65),0.625,3228,56.226765799256505,0.6197712959047951
gradient_boosting__without_odds,prob_O25,[0.65-0.70),0.675,1102,59.98185117967332,0.6718125983959914
gradient_boosting__without_odds,prob_O25,[0.70-0.75),0.7250000000000001,429,57.57575757575758,0.7213209873976901
gradient_boosting__without_odds,prob_O25,[0.75-0.80),0.775,198,63.13131313131313,0.7717774447475961
gradient_boosting__without_odds,prob_O25,[0.80-0.85),0.8250000000000001,85,84.70588235294117,0.8202482530009761
gradient_boosting__without_odds,prob_O25,[0.85-0.90),0.875,36,77.77777777777779,0.8575868804120221
gradient_boosting__without_odds,prob_U25,[0.10-0.15),0.125,36,22.22222222222222,0.14241311958797795
gradient_boosting__without_odds,prob_U25,[0.15-0.20),0.17500000000000002,85,15.294117647058824,0.17975174699902416
gradient_boosting__without_odds,prob_U25,[0.20-0.25),0.225,198,36.868686868686865,0.22822255525240395
gradient_boosting__without_odds,prob_U25,[0.25-0.30),0.275,429,42.42424242424242,0.2786790126023099
gradient_boosting__without_odds,prob_U25,[0.30-0.35),0.32500000000000007,1102,40.01814882032668,0.3281874016040086
gradient_boosting__without_odds,prob_U25,[0.35-0.40),0.375,3228,43.773234200743495,0.380228704095205
gradient_boosting__without_odds,prob_U25,[0.40-0.45),0.42500000000000004,15309,45.10418707949572,0.43199034737182335
gradient_boosting__without_odds,prob_U25,[0.45-0.50),0.475,64914,47.89721785747296,0.4811473213892675
gradient_boosting__without_odds,prob_U25,[0.50-0.55),0.525,15403,50.40576511069273,0.5218647312435216
gradient_boosting__without_odds,prob_U25,[0.55-0.60),0.5750000000000001,6023,51.7184127511207,0.5708902270297568
gradient_boosting__without_odds,prob_U25,[0.60-0.65),0.625,1969,51.752158456069075,0.6208189035794824
gradient_boosting__without_odds,prob_U25,[0.65-0.70),0.675,580,51.89655172413793,0.6695625584254079
gradient_boosting__without_odds,prob_U25,[0.70-0.75),0.7250000000000001,178,46.06741573033708,0.7193749009211827
gradient_boosting__without_odds,prob_U25,[0.75-0.80),0.775,50,66.0,0.7671674508484465
gradient_boosting__without_odds,prob_O35,[0.05-0.10),0.07500000000000001,59,16.94915254237288,0.08666399759741462
gradient_boosting__without_odds,prob_O35,[0.10-0.15),0.125,476,26.89075630252101,0.13144485573836004
gradient_boosting__without_odds,prob_O35,[0.15-0.20),0.17500000000000002,2483,26.94321385420862,0.18079143247094176
gradient_boosting__without_odds,prob_O35,[0.20-0.25),0.225,9260,25.7451403887689,0.22982955254221593
gradient_boosting__without_odds,prob_O35,[0.25-0.30),0.275,57745,29.043207204086936,0.28598558343101554
gradient_boosting__without_odds,prob_O35,[0.30-0.35),0.32500000000000007,29779,32.06957923368817,0.3215263122704096
gradient_boosting__without_odds,prob_O35,[0.35-0.40),0.375,6634,34.02170636116973,0.36858124833707206
gradient_boosting__without_odds,prob_O35,[0.40-0.45),0.42500000000000004,1709,36.22001170275015,0.42148449713682673
gradient_boosting__without_odds,prob_O35,[0.45-0.50),0.475,723,35.40802213001383,0.4713284060203474
gradient_boosting__without_odds,prob_O35,[0.50-0.55),0.525,310,34.516129032258064,0.521106763149416
gradient_boosting__without_odds,prob_O35,[0.55-0.60),0.5750000000000001,167,40.119760479041915,0.5727587755091318
gradient_boosting__without_odds,prob_O35,[0.60-0.65),0.625,85,45.88235294117647,0.622543952862228
gradient_boosting__without_odds,prob_O35,[0.65-0.70),0.675,38,78.94736842105263,0.6740950266451052
gradient_boosting__without_odds,prob_O35,[0.70-0.75),0.7250000000000001,36,50.0,0.7157886403614654
gradient_boosting__without_odds,prob_U35,[0.25-0.30),0.275,36,50.0,0.2842113596385346
gradient_boosting__without_odds,prob_U35,[0.30-0.35),0.32500000000000007,38,21.052631578947366,0.32590497335489477
gradient_boosting__without_odds,prob_U35,[0.35-0.40),0.375,85,54.11764705882353,0.37745604713777203
gradient_boosting__without_odds,prob_U35,[0.40-0.45),0.42500000000000004,167,59.88023952095808,0.4272412244908682
gradient_boosting__without_odds,prob_U35,[0.45-0.50),0.475,310,65.48387096774194,0.478893236850584
gradient_boosting__without_odds,prob_U35,[0.50-0.55),0.525,723,64.59197786998617,0.5286715939796526
gradient_boosting__without_odds,prob_U35,[0.55-0.60),0.5750000000000001,1709,63.77998829724986,0.5785155028631732
gradient_boosting__without_odds,prob_U35,[0.60-0.65),0.625,6634,65.97829363883027,0.6314187516629279
gradient_boosting__without_odds,prob_U35,[0.65-0.70),0.675,29779,67.93042076631183,0.6784736877295904
gradient_boosting__without_odds,prob_U35,[0.70-0.75),0.7250000000000001,57745,70.95679279591307,0.7140144165689846
gradient_boosting__without_odds,prob_U35,[0.75-0.80),0.775,9260,74.25485961123111,0.7701704474577842
gradient_boosting__without_odds,prob_U35,[0.80-0.85),0.8250000000000001,2483,73.05678614579139,0.819208567529058
gradient_boosting__without_odds,prob_U35,[0.85-0.90),0.875,476,73.10924369747899,0.86855514426164
gradient_boosting__without_odds,prob_U35,[0.90-0.95),0.925,59,83.05084745762711,0.9133360024025853
gradient_boosting__without_odds,prob_BTTS_Y,[0.25-0.30),0.275,60,41.66666666666667,0.2869358862410573
gradient_boosting__without_odds,prob_BTTS_Y,[0.30-0.35),0.32500000000000007,279,48.74551971326165,0.3293302865431379
gradient_boosting__without_odds,prob_BTTS_Y,[0.35-0.40),0.375,1032,49.32170542635659,0.37956018175042816
gradient_boosting__without_odds,prob_BTTS_Y,[0.40-0.45),0.42500000000000004,3100,52.03225806451612,0.43020946732230686
gradient_boosting__without_odds,prob_BTTS_Y,[0.45-0.50),0.475,9989,52.36760436480128,0.4794005215644276
gradient_boosting__without_odds,prob_BTTS_Y,[0.50-0.55),0.525,60825,51.26017262638718,0.5369648681940155
gradient_boosting__without_odds,prob_BTTS_Y,[0.55-0.60),0.5750000000000001,29900,52.42140468227425,0.5701929208549961
gradient_boosting__without_odds,prob_BTTS_Y,[0.60-0.65),0.625,3696,52.27272727272727,0.6154592584601641
gradient_boosting__without_odds,prob_BTTS_Y,[0.65-0.70),0.675,510,53.529411764705884,0.6678934675796417
gradient_boosting__without_odds,prob_BTTS_Y,[0.70-0.75),0.7250000000000001,92,58.69565217391305,0.721700115304687
gradient_boosting__without_odds,prob_BTTS_N,[0.25-0.30),0.275,92,41.30434782608695,0.278299884695313
gradient_boosting__without_odds,prob_BTTS_N,[0.30-0.35),0.32500000000000007,510,46.470588235294116,0.3321065324203582
gradient_boosting__without_odds,prob_BTTS_N,[0.35-0.40),0.375,3696,47.72727272727273,0.38454074153983586
gradient_boosting__without_odds,prob_BTTS_N,[0.40-0.45),0.42500000000000004,29900,47.57859531772575,0.42980707914500405
gradient_boosting__without_odds,prob_BTTS_N,[0.45-0.50),0.475,60825,48.739827373612826,0.46303513180598443
gradient_boosting__without_odds,prob_BTTS_N,[0.50-0.55),0.525,9989,47.63239563519872,0.5205994784355724
gradient_boosting__without_odds,prob_BTTS_N,[0.55-0.60),0.5750000000000001,3100,47.96774193548387,0.5697905326776932
gradient_boosting__without_odds,prob_BTTS_N,[0.60-0.65),0.625,1032,50.67829457364341,0.6204398182495718
gradient_boosting__without_odds,prob_BTTS_N,[0.65-0.70),0.675,279,51.25448028673835,0.6706697134568621
gradient_boosting__without_odds,prob_BTTS_N,[0.70-0.75),0.7250000000000001,60,58.333333333333336,0.7130641137589426
gradient_boosting__without_odds,prob_goals_0_1,[0.00-0.05),0.025,57,5.263157894736842,0.039944644324125235
gradient_boosting__without_odds,prob_goals_0_1,[0.05-0.10),0.07500000000000001,316,15.50632911392405,0.08171642449362794
gradient_boosting__without_odds,prob_goals_0_1,[0.10-0.15),0.125,1364,19.13489736070381,0.13129872711394397
gradient_boosting__without_odds,prob_goals_0_1,[0.15-0.20),0.17500000000000002,7612,21.334734629532317,0.18335261251507187
gradient_boosting__without_odds,prob_goals_0_1,[0.20-0.25),0.225,73667,24.176361192935776,0.23481008235989978
gradient_boosting__without_odds,prob_goals_0_1,[0.25-0.30),0.275,19368,25.72800495662949,0.2701895812313852
gradient_boosting__without_odds,prob_goals_0_1,[0.30-0.35),0.32500000000000007,5264,27.032674772036476,0.3195548481215358
gradient_boosting__without_odds,prob_goals_0_1,[0.35-0.40),0.375,1387,25.378514780100936,0.3692470070712534
gradient_boosting__without_odds,prob_goals_0_1,[0.40-0.45),0.42500000000000004,336,25.0,0.42053945870950216
gradient_boosting__without_odds,prob_goals_0_1,[0.45-0.50),0.475,106,24.528301886792452,0.46984293714340897
gradient_boosting__without_odds,prob_goals_0_1,[0.50-0.55),0.525,30,30.0,0.5196830311265415
gradient_boosting__without_odds,prob_goals_2_3,[0.20-0.25),0.225,46,41.30434782608695,0.22689347973185778
gradient_boosting__without_odds,prob_goals_2_3,[0.25-0.30),0.275,68,27.941176470588236,0.28009110718214036
gradient_boosting__without_odds,prob_goals_2_3,[0.30-0.35),0.32500000000000007,209,44.01913875598086,0.32898983050999825
gradient_boosting__without_odds,prob_goals_2_3,[0.35-0.40),0.375,789,45.247148288973385,0.38189338940857287
gradient_boosting__without_odds,prob_goals_2_3,[0.40-0.45),0.42500000000000004,10149,44.221105527638194,0.43825209022603956
gradient_boosting__without_odds,prob_goals_2_3,[0.45-0.50),0.475,98241,45.80674056656589,0.4632040461218136
gradient_boosting__without_odds,prob_goals_2_4,[0.35-0.40),0.375,21,61.904761904761905,0.3788532545415003
gradient_boosting__without_odds,prob_goals_2_4,[0.40-0.45),0.42500000000000004,49,46.93877551020408,0.4246942287877549
gradient_boosting__without_odds,prob_goals_2_4,[0.45-0.50),0.475,155,60.64516129032258,0.4804423856685701
gradient_boosting__without_odds,prob_goals_2_4,[0.50-0.55),0.525,709,61.0719322990127,0.5312644775632006
gradient_boosting__without_odds,prob_goals_2_4,[0.55-0.60),0.5750000000000001,8391,61.32761291860327,0.5861406317232846
gradient_boosting__without_odds,prob_goals_2_4,[0.60-0.65),0.625,100180,60.63186264723498,0.6139485456114523
gradient_boosting__without_odds,prob_goals_3_plus,[0.20-0.25),0.225,50,34.0,0.23283254915155344
gradient_boosting__without_odds,prob_goals_3_plus,[0.25-0.30),0.275,178,53.93258426966292,0.2806250990788173
gradient_boosting__without_odds,prob_goals_3_plus,[0.30-0.35),0.32500000000000007,580,48.10344827586207,0.33043744157459204
gradient_boosting__without_odds,prob_goals_3_plus,[0.35-0.40),0.375,1969,48.24784154393093,0.37918109642051745
gradient_boosting__without_odds,prob_goals_3_plus,[0.40-0.45),0.42500000000000004,6023,48.2815872488793,0.42910977297024316
gradient_boosting__without_odds,prob_goals_3_plus,[0.45-0.50),0.475,15403,49.59423488930727,0.4781352687564783
gradient_boosting__without_odds,prob_goals_3_plus,[0.50-0.55),0.525,64914,52.10278214252704,0.5188526786107325
gradient_boosting__without_odds,prob_goals_3_plus,[0.55-0.60),0.5750000000000001,15309,54.895812920504284,0.5680096526281767
gradient_boosting__without_odds,prob_goals_3_plus,[0.60-0.65),0.625,3228,56.226765799256505,0.6197712959047951
gradient_boosting__without_odds,prob_goals_3_plus,[0.65-0.70),0.675,1102,59.98185117967332,0.6718125983959914
gradient_boosting__without_odds,prob_goals_3_plus,[0.70-0.75),0.7250000000000001,429,57.57575757575758,0.7213209873976901
gradient_boosting__without_odds,prob_goals_3_plus,[0.75-0.80),0.775,198,63.13131313131313,0.7717774447475961
gradient_boosting__without_odds,prob_goals_3_plus,[0.80-0.85),0.8250000000000001,85,84.70588235294117,0.8202482530009761
gradient_boosting__without_odds,prob_goals_3_plus,[0.85-0.90),0.875,36,77.77777777777779,0.8575868804120221
gradient_boosting__without_odds,prob_H_and_O15,[0.00-0.05),0.025,114,5.263157894736842,0.03633020904162121
gradient_boosting__without_odds,prob_H_and_O15,[0.05-0.10),0.07500000000000001,582,9.450171821305842,0.07812994234627292
gradient_boosting__without_odds,prob_H_and_O15,[0.10-0.15),0.125,1249,13.450760608486789,0.12704993769546963
gradient_boosting__without_odds,prob_H_and_O15,[0.15-0.20),0.17500000000000002,2286,18.547681539807524,0.17754510265776582
gradient_boosting__without_odds,prob_H_and_O15,[0.20-0.25),0.225,5878,24.63422932970398,0.2285706123257749
gradient_boosting__without_odds,prob_H_and_O15,[0.25-0.30),0.275,12877,28.523724469985247,0.2788488502834581
gradient_boosting__without_odds,prob_H_and_O15,[0.30-0.35),0.32500000000000007,45075,33.677204658901836,0.3369380902892952
gradient_boosting__without_odds,prob_H_and_O15,[0.35-0.40),0.375,22094,35.860414592196975,0.3684599782534976
gradient_boosting__without_odds,prob_H_and_O15,[0.40-0.45),0.42500000000000004,10712,41.25280059746079,0.42252532658919834
gradient_boosting__without_odds,prob_H_and_O15,[0.45-0.50),0.475,3964,43.99596367305752,0.471579474069417
gradient_boosting__without_odds,prob_H_and_O15,[0.50-0.55),0.525,1652,48.54721549636804,0.5223607882981975
gradient_boosting__without_odds,prob_H_and_O15,[0.55-0.60),0.5750000000000001,1038,54.6242774566474,0.5739594050823589
gradient_boosting__without_odds,prob_H_and_O15,[0.60-0.65),0.625,753,63.87782204515272,0.6240371262555896
gradient_boosting__without_odds,prob_H_and_O15,[0.65-0.70),0.675,575,69.3913043478261,0.6732103867457313
gradient_boosting__without_odds,prob_H_and_O15,[0.70-0.75),0.7250000000000001,334,71.25748502994011,0.7213649210744307
gradient_boosting__without_odds,prob_H_and_O15,[0.75-0.80),0.775,182,73.62637362637363,0.7733117663425615
gradient_boosting__without_odds,prob_H_and_O15,[0.80-0.85),0.8250000000000001,103,76.69902912621359,0.8233790428000533
gradient_boosting__without_odds,prob_H_and_O15,[0.85-0.90),0.875,41,95.1219512195122,0.8610439121373887
gradient_boosting__without_odds,prob_D_and_O15,[0.00-0.05),0.025,53,3.7735849056603774,0.04314209909044594
gradient_boosting__without_odds,prob_D_and_O15,[0.05-0.10),0.07500000000000001,824,9.951456310679612,0.08228395205462147
gradient_boosting__without_odds,prob_D_and_O15,[0.10-0.15),0.125,3908,13.459570112589562,0.13117275163696782
gradient_boosting__without_odds,prob_D_and_O15,[0.15-0.20),0.17500000000000002,104724,17.583361980061877,0.18389737373274745
gradient_boosting__without_odds,prob_A_and_O15,[0.00-0.05),0.025,910,4.395604395604396,0.03460902713087205
gradient_boosting__without_odds,prob_A_and_O15,[0.05-0.10),0.07500000000000001,2745,9.508196721311474,0.07727832723422111
gradient_boosting__without_odds,prob_A_and_O15,[0.10-0.15),0.125,6605,15.261165783497352,0.12992710677360236
gradient_boosting__without_odds,prob_A_and_O15,[0.15-0.20),0.17500000000000002,18077,18.86928140731316,0.17632405849653246
gradient_boosting__without_odds,prob_A_and_O15,[0.20-0.25),0.225,55355,23.275223557040917,0.2222012395827535
gradient_boosting__without_odds,prob_A_and_O15,[0.25-0.30),0.275,12787,28.200516149214046,0.2736806772827271
gradient_boosting__without_odds,prob_A_and_O15,[0.30-0.35),0.32500000000000007,6562,31.42334654068881,0.3215966165923511
gradient_boosting__without_odds,prob_A_and_O15,[0.35-0.40),0.375,2835,38.1305114638448,0.37169182484015373
gradient_boosting__without_odds,prob_A_and_O15,[0.40-0.45),0.42500000000000004,1538,40.89726918075422,0.4211605054086118
gradient_boosting__without_odds,prob_A_and_O15,[0.45-0.50),0.475,853,50.293083235638925,0.47272725034795154
gradient_boosting__without_odds,prob_A_and_O15,[0.50-0.55),0.525,545,51.37614678899083,0.523454305509752
gradient_boosting__without_odds,prob_A_and_O15,[0.55-0.60),0.5750000000000001,310,53.2258064516129,0.5732968030545248
gradient_boosting__without_odds,prob_A_and_O15,[0.60-0.65),0.625,157,57.324840764331206,0.6216954872888305
gradient_boosting__without_odds,prob_A_and_O15,[0.65-0.70),0.675,121,50.413223140495866,0.6730351474202461
gradient_boosting__without_odds,prob_A_and_O15,[0.70-0.75),0.7250000000000001,53,64.15094339622641,0.7247382122899176
gradient_boosting__without_odds,prob_A_and_O15,[0.75-0.80),0.775,35,74.28571428571429,0.7716119594804037
gradient_boosting__without_odds,prob_H_and_U15,[0.00-0.05),0.025,1572,5.2798982188295165,0.0381787753550909
gradient_boosting__without_odds,prob_H_and_U15,[0.05-0.10),0.07500000000000001,54776,9.188330655761648,0.08887811983235647
gradient_boosting__without_odds,prob_H_and_U15,[0.10-0.15),0.125,51986,10.498980494748587,0.10865469239083135
gradient_boosting__without_odds,prob_H_and_U15,[0.15-0.20),0.17500000000000002,1145,11.004366812227074,0.16406371738951522
gradient_boosting__without_odds,prob_H_and_U15,[0.20-0.25),0.225,30,13.333333333333334,0.20936966437305068
gradient_boosting__without_odds,prob_D_and_U15,[0.00-0.05),0.025,9255,5.445705024311183,0.04109637273948458
gradient_boosting__without_odds,prob_D_and_U15,[0.05-0.10),0.07500000000000001,97143,7.162636525534522,0.06614131860375923
gradient_boosting__without_odds,prob_D_and_U15,[0.10-0.15),0.125,2904,8.057851239669422,0.11380971369882047
gradient_boosting__without_odds,prob_D_and_U15,[0.15-0.20),0.17500000000000002,195,6.666666666666667,0.16633140638186972
gradient_boosting__without_odds,prob_A_and_U15,[0.00-0.05),0.025,4496,4.0035587188612105,0.035330055387563425
gradient_boosting__without_odds,prob_A_and_U15,[0.05-0.10),0.07500000000000001,96638,7.493946480680477,0.07741624502921512
gradient_boosting__without_odds,prob_A_and_U15,[0.10-0.15),0.125,8151,9.31174089068826,0.11245633433456291
gradient_boosting__without_odds,prob_A_and_U15,[0.15-0.20),0.17500000000000002,217,13.36405529953917,0.16292017092699865
gradient_boosting__without_odds,prob_H_and_O25,[0.00-0.05),0.025,212,5.188679245283019,0.037014117966095585
gradient_boosting__without_odds,prob_H_and_O25,[0.05-0.10),0.07500000000000001,1077,9.563602599814299,0.07888877004017884
gradient_boosting__without_odds,prob_H_and_O25,[0.10-0.15),0.125,2613,14.236509758897819,0.12844983550933511
gradient_boosting__without_odds,prob_H_and_O25,[0.15-0.20),0.17500000000000002,7553,20.097974314841785,0.1792592160776801
gradient_boosting__without_odds,prob_H_and_O25,[0.20-0.25),0.225,19530,23.195084485407065,0.22834889091483937
gradient_boosting__without_odds,prob_H_and_O25,[0.25-0.30),0.275,55291,27.036949955688993,0.2723156130872818
gradient_boosting__without_odds,prob_H_and_O25,[0.30-0.35),0.32500000000000007,13726,31.85924522803439,0.3232605209667574
gradient_boosting__without_odds,prob_H_and_O25,[0.35-0.40),0.375,5079,35.16440244142548,0.36962594499910384
gradient_boosting__without_odds,prob_H_and_O25,[0.40-0.45),0.42500000000000004,1719,38.39441535776614,0.4211060860076474
gradient_boosting__without_odds,prob_H_and_O25,[0.45-0.50),0.475,1057,47.58751182592243,0.4727333620595049
gradient_boosting__without_odds,prob_H_and_O25,[0.50-0.55),0.525,706,50.56657223796034,0.5237193922796247
gradient_boosting__without_odds,prob_H_and_O25,[0.55-0.60),0.5750000000000001,450,56.666666666666664,0.5730125538341101
gradient_boosting__without_odds,prob_H_and_O25,[0.60-0.65),0.625,219,56.16438356164384,0.6223354474775203
gradient_boosting__without_odds,prob_H_and_O25,[0.65-0.70),0.675,123,63.41463414634146,0.6726361571476976
gradient_boosting__without_odds,prob_H_and_O25,[0.70-0.75),0.7250000000000001,91,63.73626373626373,0.7222298213082069
gradient_boosting__without_odds,prob_H_and_O25,[0.75-0.80),0.775,47,82.97872340425532,0.7751969544583813
gradient_boosting__without_odds,prob_D_and_O25,[0.00-0.05),0.025,8378,5.478634518978277,0.04079885624656023
gradient_boosting__without_odds,prob_D_and_O25,[0.05-0.10),0.07500000000000001,101001,6.127662102355423,0.06702622668835487
gradient_boosting__without_odds,prob_D_and_O25,[0.10-0.15),0.125,130,5.384615384615385,0.10698943940311607
gradient_boosting__without_odds,prob_A_and_O25,[0.00-0.05),0.025,1435,4.668989547038327,0.03445608245262038
gradient_boosting__without_odds,prob_A_and_O25,[0.05-0.10),0.07500000000000001,5075,9.635467980295566,0.07898235157048439
gradient_boosting__without_odds,prob_A_and_O25,[0.10-0.15),0.125,19322,14.496428941103407,0.1301511491987781
gradient_boosting__without_odds,prob_A_and_O25,[0.15-0.20),0.17500000000000002,59208,18.37758411025537,0.17387804171112028
gradient_boosting__without_odds,prob_A_and_O25,[0.20-0.25),0.225,14105,22.467210209145694,0.2227995946269947
gradient_boosting__without_odds,prob_A_and_O25,[0.25-0.30),0.275,5641,27.388760858003902,0.27108958861413684
gradient_boosting__without_odds,prob_A_and_O25,[0.30-0.35),0.32500000000000007,2287,33.318758198513336,0.3214582830641258
gradient_boosting__without_odds,prob_A_and_O25,[0.35-0.40),0.375,1192,37.75167785234899,0.37211433389576054
gradient_boosting__without_odds,prob_A_and_O25,[0.40-0.45),0.42500000000000004,577,38.128249566724435,0.4223569263913533
gradient_boosting__without_odds,prob_A_and_O25,[0.45-0.50),0.475,317,42.586750788643535,0.4725519871146115
gradient_boosting__without_odds,prob_A_and_O25,[0.50-0.55),0.525,156,39.743589743589745,0.5230276862373795
gradient_boosting__without_odds,prob_A_and_O25,[0.55-0.60),0.5750000000000001,94,44.680851063829785,0.5730376237092727
gradient_boosting__without_odds,prob_A_and_O25,[0.60-0.65),0.625,46,54.347826086956516,0.6251739344595801
gradient_boosting__without_odds,prob_A_and_O25,[0.65-0.70),0.675,30,53.333333333333336,0.674348563784307
gradient_boosting__without_odds,prob_H_and_U25,[0.00-0.05),0.025,391,4.603580562659847,0.03558446279352769
gradient_boosting__without_odds,prob_H_and_U25,[0.05-0.10),0.07500000000000001,2939,8.74447090847227,0.08114325052107432
gradient_boosting__without_odds,prob_H_and_U25,[0.10-0.15),0.125,16456,13.636363636363635,0.13190419596750666
gradient_boosting__without_odds,prob_H_and_U25,[0.15-0.20),0.17500000000000002,73419,17.49138506381182,0.17636768430884175
gradient_boosting__without_odds,prob_H_and_U25,[0.20-0.25),0.225,13827,20.80711651117379,0.21750391062164512
gradient_boosting__without_odds,prob_H_and_U25,[0.25-0.30),0.275,2098,20.63870352716873,0.26773843646242124
gradient_boosting__without_odds,prob_H_and_U25,[0.30-0.35),0.32500000000000007,341,21.994134897360702,0.3154719339127236
gradient_boosting__without_odds,prob_H_and_U25,[0.35-0.40),0.375,37,21.62162162162162,0.36192295938984653
gradient_boosting__without_odds,prob_D_and_U25,[0.00-0.05),0.025,123,4.878048780487805,0.03776807743301549
gradient_boosting__without_odds,prob_D_and_U25,[0.05-0.10),0.07500000000000001,959,10.218978102189782,0.0825207904888252
gradient_boosting__without_odds,prob_D_and_U25,[0.10-0.15),0.125,6007,14.69951722989845,0.1333229768550362
gradient_boosting__without_odds,prob_D_and_U25,[0.15-0.20),0.17500000000000002,88088,18.226092089728454,0.18011435955838823
gradient_boosting__without_odds,prob_D_and_U25,[0.20-0.25),0.225,13386,21.24607799193187,0.21528033072037459
gradient_boosting__without_odds,prob_D_and_U25,[0.25-0.30),0.275,878,19.81776765375854,0.2654028313413255
gradient_boosting__without_odds,prob_D_and_U25,[0.30-0.35),0.32500000000000007,67,26.865671641791046,0.31441887788224704
gradient_boosting__without_odds,prob_A_and_U25,[0.00-0.05),0.025,1945,3.444730077120823,0.03431076726722625
gradient_boosting__without_odds,prob_A_and_U25,[0.05-0.10),0.07500000000000001,12453,9.17851120211997,0.08490775880904022
gradient_boosting__without_odds,prob_A_and_U25,[0.10-0.15),0.125,78953,12.427646827859613,0.12589862308679142
gradient_boosting__without_odds,prob_A_and_U25,[0.15-0.20),0.17500000000000002,13568,15.05748820754717,0.16692193486904433
gradient_boosting__without_odds,prob_A_and_U25,[0.20-0.25),0.225,2186,20.082342177493135,0.21780680960144055
gradient_boosting__without_odds,prob_A_and_U25,[0.25-0.30),0.275,347,27.6657060518732,0.2669899718770508
gradient_boosting__without_odds,prob_A_and_U25,[0.30-0.35),0.32500000000000007,52,23.076923076923077,0.31522174372589135
gradient_boosting__without_odds,prob_H_and_O35,[0.00-0.05),0.025,1958,4.647599591419816,0.03461975874963871
gradient_boosting__without_odds,prob_H_and_O35,[0.05-0.10),0.07500000000000001,10977,9.155506969117246,0.08093738926168105
gradient_boosting__without_odds,prob_H_and_O35,[0.10-0.15),0.125,67878,13.45944193995109,0.1339687190443435
gradient_boosting__without_odds,prob_H_and_O35,[0.15-0.20),0.17500000000000002,19978,16.973671038141955,0.17200966742766308
gradient_boosting__without_odds,prob_H_and_O35,[0.20-0.25),0.225,5219,20.06131442805135,0.21824973912076315
gradient_boosting__without_odds,prob_H_and_O35,[0.25-0.30),0.275,1551,25.01611863313991,0.27267790271332765
gradient_boosting__without_odds,prob_H_and_O35,[0.30-0.35),0.32500000000000007,853,29.77725674091442,0.32276947619521357
gradient_boosting__without_odds,prob_H_and_O35,[0.35-0.40),0.375,531,35.02824858757062,0.37244012871585963
gradient_boosting__without_odds,prob_H_and_O35,[0.40-0.45),0.42500000000000004,241,36.09958506224066,0.4225194782631221
gradient_boosting__without_odds,prob_H_and_O35,[0.45-0.50),0.475,126,38.095238095238095,0.47248533338926524
gradient_boosting__without_odds,prob_H_and_O35,[0.50-0.55),0.525,85,47.05882352941176,0.5252828920852739
gradient_boosting__without_odds,prob_H_and_O35,[0.55-0.60),0.5750000000000001,49,36.734693877551024,0.5715837058643513
gradient_boosting__without_odds,prob_H_and_O35,[0.60-0.65),0.625,34,64.70588235294117,0.6194218433413029
gradient_boosting__without_odds,prob_H_and_O35,[0.65-0.70),0.675,24,50.0,0.6719634504309772
gradient_boosting__without_odds,prob_D_and_O35,[0.00-0.05),0.025,8378,5.478634518978277,0.04079885624656023
gradient_boosting__without_odds,prob_D_and_O35,[0.05-0.10),0.07500000000000001,101001,6.127662102355423,0.06702622668835487
gradient_boosting__without_odds,prob_D_and_O35,[0.10-0.15),0.125,130,5.384615384615385,0.10698943940311607
gradient_boosting__without_odds,prob_A_and_O35,[0.00-0.05),0.025,10508,4.3300342596117245,0.03403509073848098
gradient_boosting__without_odds,prob_A_and_O35,[0.05-0.10),0.07500000000000001,75342,8.81181810942104,0.07851833257227013
gradient_boosting__without_odds,prob_A_and_O35,[0.10-0.15),0.125,16985,12.552251987047395,0.12037789225997263
gradient_boosting__without_odds,prob_A_and_O35,[0.15-0.20),0.17500000000000002,4193,18.125447173861197,0.16996067216527427
gradient_boosting__without_odds,prob_A_and_O35,[0.20-0.25),0.225,1443,20.443520443520445,0.22171077511847243
gradient_boosting__without_odds,prob_A_and_O35,[0.25-0.30),0.275,549,21.85792349726776,0.27173183484068764
gradient_boosting__without_odds,prob_A_and_O35,[0.30-0.35),0.32500000000000007,240,21.666666666666668,0.32210933541153075
gradient_boosting__without_odds,prob_A_and_O35,[0.35-0.40),0.375,115,21.73913043478261,0.3738687302714628
gradient_boosting__without_odds,prob_A_and_O35,[0.40-0.45),0.42500000000000004,64,29.6875,0.4222662432848655
gradient_boosting__without_odds,prob_A_and_O35,[0.45-0.50),0.475,28,21.428571428571427,0.472360125490606
gradient_boosting__without_odds,prob_A_and_O35,[0.50-0.55),0.525,23,43.47826086956522,0.5203145920864328
gradient_boosting__without_odds,prob_H_and_U35,[0.00-0.05),0.025,81,6.172839506172839,0.036216672007005804
gradient_boosting__without_odds,prob_H_and_U35,[0.05-0.10),0.07500000000000001,447,10.738255033557047,0.07966805187633759
gradient_boosting__without_odds,prob_H_and_U35,[0.10-0.15),0.125,1315,13.079847908745249,0.12832066029383443
gradient_boosting__without_odds,prob_H_and_U35,[0.15-0.20),0.17500000000000002,3159,17.220639442861664,0.1794895062762855
gradient_boosting__without_odds,prob_H_and_U35,[0.20-0.25),0.225,9223,24.0919440529112,0.22972773063032761
gradient_boosting__without_odds,prob_H_and_U35,[0.25-0.30),0.275,21699,28.33310290796811,0.2777882278969715
gradient_boosting__without_odds,prob_H_and_U35,[0.30-0.35),0.32500000000000007,59619,30.978379375702374,0.31414551226462767
gradient_boosting__without_odds,prob_H_and_U35,[0.35-0.40),0.375,10104,35.82739509105305,0.36985355202189535
gradient_boosting__without_odds,prob_H_and_U35,[0.40-0.45),0.42500000000000004,2920,39.24657534246575,0.4206067263816349
gradient_boosting__without_odds,prob_H_and_U35,[0.45-0.50),0.475,784,39.795918367346935,0.46817347970799944
gradient_boosting__without_odds,prob_H_and_U35,[0.50-0.55),0.525,144,45.13888888888889,0.5183995215724377
gradient_boosting__without_odds,prob_D_and_U35,[0.00-0.05),0.025,123,4.878048780487805,0.03776807743301549
gradient_boosting__without_odds,prob_D_and_U35,[0.05-0.10),0.07500000000000001,959,10.218978102189782,0.0825207904888252
gradient_boosting__without_odds,prob_D_and_U35,[0.10-0.15),0.125,6007,14.69951722989845,0.1333229768550362
gradient_boosting__without_odds,prob_D_and_U35,[0.15-0.20),0.17500000000000002,88088,18.226092089728454,0.18011435955838823
gradient_boosting__without_odds,prob_D_and_U35,[0.20-0.25),0.225,13386,21.24607799193187,0.21528033072037459
gradient_boosting__without_odds,prob_D_and_U35,[0.25-0.30),0.275,878,19.81776765375854,0.2654028313413255
gradient_boosting__without_odds,prob_D_and_U35,[0.30-0.35),0.32500000000000007,67,26.865671641791046,0.31441887788224704
gradient_boosting__without_odds,prob_A_and_U35,[0.00-0.05),0.025,564,4.25531914893617,0.0358627956438186
gradient_boosting__without_odds,prob_A_and_U35,[0.05-0.10),0.07500000000000001,2070,7.777777777777778,0.07730703464937241
gradient_boosting__without_odds,prob_A_and_U35,[0.10-0.15),0.125,4807,14.728520907010608,0.13035862510965246
gradient_boosting__without_odds,prob_A_and_U35,[0.15-0.20),0.17500000000000002,19600,18.372448979591837,0.17785988276855594
gradient_boosting__without_odds,prob_A_and_U35,[0.20-0.25),0.225,61833,21.73111445344719,0.2204126821152677
gradient_boosting__without_odds,prob_A_and_U35,[0.25-0.30),0.275,14648,25.5598033861278,0.26961451075449283
gradient_boosting__without_odds,prob_A_and_U35,[0.30-0.35),0.32500000000000007,3833,32.27237151056613,0.32032680716805817
gradient_boosting__without_odds,prob_A_and_U35,[0.35-0.40),0.375,1481,38.149898717083055,0.3709891211483564
gradient_boosting__without_odds,prob_A_and_U35,[0.40-0.45),0.42500000000000004,534,43.07116104868914,0.4201389030018441
gradient_boosting__without_odds,prob_A_and_U35,[0.45-0.50),0.475,122,42.62295081967213,0.4688976952688481
gradient_boosting__without_odds,prob_H_and_O45,[0.00-0.05),0.025,9557,4.708590561891808,0.03630378185455538
gradient_boosting__without_odds,prob_H_and_O45,[0.05-0.10),0.07500000000000001,82313,7.704736797346714,0.07716470364185353
gradient_boosting__without_odds,prob_H_and_O45,[0.10-0.15),0.125,14391,11.597526231672573,0.1146422555830878
gradient_boosting__without_odds,prob_H_and_O45,[0.15-0.20),0.17500000000000002,1891,14.013749338974089,0.17069468052331682
gradient_boosting__without_odds,prob_H_and_O45,[0.20-0.25),0.225,765,19.477124183006538,0.2219225285575134
gradient_boosting__without_odds,prob_H_and_O45,[0.25-0.30),0.275,297,19.865319865319865,0.2708396881369754
gradient_boosting__without_odds,prob_H_and_O45,[0.30-0.35),0.32500000000000007,121,19.00826446280992,0.3229227466794276
gradient_boosting__without_odds,prob_H_and_O45,[0.35-0.40),0.375,76,25.0,0.37285091482918475
gradient_boosting__without_odds,prob_H_and_O45,[0.40-0.45),0.42500000000000004,46,28.26086956521739,0.42179602256975934
gradient_boosting__without_odds,prob_H_and_O45,[0.45-0.50),0.475,26,53.84615384615385,0.4762381585793586
gradient_boosting__without_odds,prob_H_and_O45,[0.50-0.55),0.525,20,25.0,0.5241619608357911
gradient_boosting__without_odds,prob_D_and_O45,[0.00-0.05),0.025,109502,1.1442713375098172,0.012292545316262681
gradient_boosting__without_odds,prob_A_and_O45,[0.00-0.05),0.025,68372,4.532557187152635,0.03977322045023748
gradient_boosting__without_odds,prob_A_and_O45,[0.05-0.10),0.07500000000000001,36647,6.879144268289355,0.0636739094136713
gradient_boosting__without_odds,prob_A_and_O45,[0.10-0.15),0.125,3430,11.982507288629737,0.11859793500966098
gradient_boosting__without_odds,prob_A_and_O45,[0.15-0.20),0.17500000000000002,697,10.616929698708752,0.1699935246617523
gradient_boosting__without_odds,prob_A_and_O45,[0.20-0.25),0.225,206,12.135922330097088,0.2218031997403332
gradient_boosting__without_odds,prob_A_and_O45,[0.25-0.30),0.275,79,17.72151898734177,0.27311202554403363
gradient_boosting__without_odds,prob_A_and_O45,[0.30-0.35),0.32500000000000007,41,26.82926829268293,0.31998548547079575
gradient_boosting__without_odds,prob_A_and_O45,[0.35-0.40),0.375,21,33.33333333333333,0.37125215488965996
gradient_boosting__without_odds,prob_H_and_U45,[0.00-0.05),0.025,63,4.761904761904762,0.03658861374824765
gradient_boosting__without_odds,prob_H_and_U45,[0.05-0.10),0.07500000000000001,317,11.041009463722396,0.07886018225845694
gradient_boosting__without_odds,prob_H_and_U45,[0.10-0.15),0.125,843,14.590747330960854,0.12770585245040095
gradient_boosting__without_odds,prob_H_and_U45,[0.15-0.20),0.17500000000000002,1594,16.4366373902133,0.17728820314741553
gradient_boosting__without_odds,prob_H_and_U45,[0.20-0.25),0.225,3507,23.068149415454805,0.22814951597434244
gradient_boosting__without_odds,prob_H_and_U45,[0.25-0.30),0.275,8714,28.8730778058297,0.27868434718549
gradient_boosting__without_odds,prob_H_and_U45,[0.30-0.35),0.32500000000000007,15787,33.43257110280611,0.32528775507148594
gradient_boosting__without_odds,prob_H_and_U45,[0.35-0.40),0.375,55105,36.67543780056256,0.36963186630752454
gradient_boosting__without_odds,prob_H_and_U45,[0.40-0.45),0.42500000000000004,14641,40.53684857591694,0.42204521879358103
gradient_boosting__without_odds,prob_H_and_U45,[0.45-0.50),0.475,5155,45.024248302618815,0.47070799364436816
gradient_boosting__without_odds,prob_H_and_U45,[0.50-0.55),0.525,2288,50.30594405594405,0.52270723267837
gradient_boosting__without_odds,prob_H_and_U45,[0.55-0.60),0.5750000000000001,1101,54.13260672116258,0.5702289975159894
gradient_boosting__without_odds,prob_H_and_U45,[0.60-0.65),0.625,330,58.484848484848484,0.617762550807193
gradient_boosting__without_odds,prob_H_and_U45,[0.65-0.70),0.675,62,64.51612903225806,0.6666143447081332
gradient_boosting__without_odds,prob_D_and_U45,[0.00-0.05),0.025,29,6.896551724137931,0.04254255446528839
gradient_boosting__without_odds,prob_D_and_U45,[0.05-0.10),0.07500000000000001,324,10.493827160493826,0.08088590764689728
gradient_boosting__without_odds,prob_D_and_U45,[0.10-0.15),0.125,1275,14.117647058823529,0.13100562582466757
gradient_boosting__without_odds,prob_D_and_U45,[0.15-0.20),0.17500000000000002,4321,19.30108771117797,0.1809645782474782
gradient_boosting__without_odds,prob_D_and_U45,[0.20-0.25),0.225,88965,23.12707244421964,0.2342371171229418
gradient_boosting__without_odds,prob_D_and_U45,[0.25-0.30),0.275,14212,26.400225161835067,0.26246287648752525
gradient_boosting__without_odds,prob_D_and_U45,[0.30-0.35),0.32500000000000007,377,26.525198938992045,0.31337296917537993
gradient_boosting__without_odds,prob_A_and_U45,[0.00-0.05),0.025,456,4.605263157894736,0.036019127559544915
gradient_boosting__without_odds,prob_A_and_U45,[0.05-0.10),0.07500000000000001,1714,7.8763127187864646,0.07776777657966724
gradient_boosting__without_odds,prob_A_and_U45,[0.10-0.15),0.125,2911,14.359326691858469,0.12845779945314906
gradient_boosting__without_odds,prob_A_and_U45,[0.15-0.20),0.17500000000000002,10572,19.608399545970485,0.18141512750315603
gradient_boosting__without_odds,prob_A_and_U45,[0.20-0.25),0.225,31149,23.856303573148416,0.23266546184092815
gradient_boosting__without_odds,prob_A_and_U45,[0.25-0.30),0.275,44043,26.21074858660854,0.26361929718782123
gradient_boosting__without_odds,prob_A_and_U45,[0.30-0.35),0.32500000000000007,11274,30.94731240021288,0.32017227477669746
gradient_boosting__without_odds,prob_A_and_U45,[0.35-0.40),0.375,4114,35.512882839086046,0.37066066107931234
gradient_boosting__without_odds,prob_A_and_U45,[0.40-0.45),0.42500000000000004,1642,43.90986601705237,0.42332101817644163
gradient_boosting__without_odds,prob_A_and_U45,[0.45-0.50),0.475,926,47.084233261339094,0.4727602515052511
gradient_boosting__without_odds,prob_A_and_U45,[0.50-0.55),0.525,497,54.32595573440644,0.5221077142526868
gradient_boosting__without_odds,prob_A_and_U45,[0.55-0.60),0.5750000000000001,168,60.11904761904761,0.5699068825772956
gradient_boosting__without_odds,prob_A_and_U45,[0.60-0.65),0.625,40,55.00000000000001,0.61548864968593
gradient_boosting__without_odds,prob_1X_and_O15,[0.10-0.15),0.125,87,16.091954022988507,0.12769368686873583
gradient_boosting__without_odds,prob_1X_and_O15,[0.15-0.20),0.17500000000000002,219,20.54794520547945,0.17870263697266994
gradient_boosting__without_odds,prob_1X_and_O15,[0.20-0.25),0.225,414,22.705314009661837,0.22742932578615235
gradient_boosting__without_odds,prob_1X_and_O15,[0.25-0.30),0.275,790,27.59493670886076,0.2767608398853619
gradient_boosting__without_odds,prob_1X_and_O15,[0.30-0.35),0.32500000000000007,1325,34.867924528301884,0.32737004974776784
gradient_boosting__without_odds,prob_1X_and_O15,[0.35-0.40),0.375,2705,40.110905730129396,0.3789093812984881
gradient_boosting__without_odds,prob_1X_and_O15,[0.40-0.45),0.42500000000000004,6576,43.67396593673966,0.4280901538567656
gradient_boosting__without_odds,prob_1X_and_O15,[0.45-0.50),0.475,14621,47.41125777990561,0.47809823960572423
gradient_boosting__without_odds,prob_1X_and_O15,[0.50-0.55),0.525,50308,51.47292677109009,0.5290648599472383
gradient_boosting__without_odds,prob_1X_and_O15,[0.55-0.60),0.5750000000000001,19508,55.76686487594833,0.5700951027053889
gradient_boosting__without_odds,prob_1X_and_O15,[0.60-0.65),0.625,7560,59.81481481481481,0.61998498740986
gradient_boosting__without_odds,prob_1X_and_O15,[0.65-0.70),0.675,2513,64.34540389972145,0.6705828595028748
gradient_boosting__without_odds,prob_1X_and_O15,[0.70-0.75),0.7250000000000001,1331,70.39819684447784,0.7234209144872018
gradient_boosting__without_odds,prob_1X_and_O15,[0.75-0.80),0.775,873,77.66323024054984,0.7734441637231962
gradient_boosting__without_odds,prob_1X_and_O15,[0.80-0.85),0.8250000000000001,412,80.09708737864078,0.8204546584974037
gradient_boosting__without_odds,prob_1X_and_O15,[0.85-0.90),0.875,200,88.0,0.8717656167811125
gradient_boosting__without_odds,prob_1X_and_O15,[0.90-0.95),0.925,46,95.65217391304348,0.9060648240808374
gradient_boosting__without_odds,prob_12_and_O15,[0.30-0.35),0.32500000000000007,32,46.875,0.3357269716477045
gradient_boosting__without_odds,prob_12_and_O15,[0.35-0.40),0.375,146,53.42465753424658,0.3813153044344228
gradient_boosting__without_odds,prob_12_and_O15,[0.40-0.45),0.42500000000000004,610,54.75409836065573,0.4310662852819768
gradient_boosting__without_odds,prob_12_and_O15,[0.45-0.50),0.475,3144,54.103053435114504,0.48129247531066743
gradient_boosting__without_odds,prob_12_and_O15,[0.50-0.55),0.525,13186,53.72364629152131,0.5305441731794452
gradient_boosting__without_odds,prob_12_and_O15,[0.55-0.60),0.5750000000000001,72337,58.36570496426449,0.5734459597977104
gradient_boosting__without_odds,prob_12_and_O15,[0.60-0.65),0.625,15174,60.26097271648872,0.6165352878913501
gradient_boosting__without_odds,prob_12_and_O15,[0.65-0.70),0.675,2819,64.1716920893934,0.6709483636705275
gradient_boosting__without_odds,prob_12_and_O15,[0.70-0.75),0.7250000000000001,1213,68.59027205276175,0.722784418086207
gradient_boosting__without_odds,prob_12_and_O15,[0.75-0.80),0.775,509,72.4950884086444,0.7709854230129181
gradient_boosting__without_odds,prob_12_and_O15,[0.80-0.85),0.8250000000000001,232,78.01724137931035,0.8229737818373712
gradient_boosting__without_odds,prob_12_and_O15,[0.85-0.90),0.875,105,87.61904761904762,0.869606019393256
gradient_boosting__without_odds,prob_X2_and_O15,[0.05-0.10),0.07500000000000001,223,10.31390134529148,0.08205860367879705
gradient_boosting__without_odds,prob_X2_and_O15,[0.10-0.15),0.125,610,14.754098360655737,0.12814120962004003
gradient_boosting__without_odds,prob_X2_and_O15,[0.15-0.20),0.17500000000000002,1115,18.206278026905828,0.1774755008368262
gradient_boosting__without_odds,prob_X2_and_O15,[0.20-0.25),0.225,1795,25.793871866295266,0.22644040871119453
gradient_boosting__without_odds,prob_X2_and_O15,[0.25-0.30),0.275,3573,31.45815841029947,0.2785763713370646
gradient_boosting__without_odds,prob_X2_and_O15,[0.30-0.35),0.32500000000000007,10327,35.634743875278396,0.32967817098187974
gradient_boosting__without_odds,prob_X2_and_O15,[0.35-0.40),0.375,20461,38.712672889888076,0.3778683144273943
gradient_boosting__without_odds,prob_X2_and_O15,[0.40-0.45),0.42500000000000004,48443,41.03998513717152,0.4142466497469063
gradient_boosting__without_odds,prob_X2_and_O15,[0.45-0.50),0.475,11566,46.671277883451495,0.4733949518660015
gradient_boosting__without_odds,prob_X2_and_O15,[0.50-0.55),0.525,5993,50.70916068746871,0.5221560437107463
gradient_boosting__without_odds,prob_X2_and_O15,[0.55-0.60),0.5750000000000001,2592,56.13425925925925,0.5736039078203207
gradient_boosting__without_odds,prob_X2_and_O15,[0.60-0.65),0.625,1344,63.31845238095239,0.62310873325518
gradient_boosting__without_odds,prob_X2_and_O15,[0.65-0.70),0.675,760,66.1842105263158,0.6719728722707011
gradient_boosting__without_odds,prob_X2_and_O15,[0.70-0.75),0.7250000000000001,394,63.70558375634518,0.7219088626139967
gradient_boosting__without_odds,prob_X2_and_O15,[0.75-0.80),0.775,177,67.79661016949152,0.7731606530104861
gradient_boosting__without_odds,prob_X2_and_O15,[0.80-0.85),0.8250000000000001,87,79.3103448275862,0.8217015184222723
gradient_boosting__without_odds,prob_X2_and_O15,[0.85-0.90),0.875,37,78.37837837837837,0.8731274455699055
gradient_boosting__without_odds,prob_1X_and_U15,[0.00-0.05),0.025,212,7.547169811320755,0.036703710867626665
gradient_boosting__without_odds,prob_1X_and_U15,[0.05-0.10),0.07500000000000001,2325,12.172043010752688,0.08393121858411373
gradient_boosting__without_odds,prob_1X_and_U15,[0.10-0.15),0.125,24183,14.783112103543811,0.13417124544742468
gradient_boosting__without_odds,prob_1X_and_U15,[0.15-0.20),0.17500000000000002,73395,17.430342666394168,0.16817902442858668
gradient_boosting__without_odds,prob_1X_and_U15,[0.20-0.25),0.225,7710,18.53437094682231,0.21767169145731
gradient_boosting__without_odds,prob_1X_and_U15,[0.25-0.30),0.275,1349,19.49592290585619,0.26866176368871153
gradient_boosting__without_odds,prob_1X_and_U15,[0.30-0.35),0.32500000000000007,273,17.216117216117215,0.3192264431352589
gradient_boosting__without_odds,prob_1X_and_U15,[0.35-0.40),0.375,53,9.433962264150944,0.36560633355476047
gradient_boosting__without_odds,prob_12_and_U15,[0.00-0.05),0.025,80,2.5,0.03687847160719092
gradient_boosting__without_odds,prob_12_and_U15,[0.05-0.10),0.07500000000000001,795,13.836477987421384,0.08259875153569003
gradient_boosting__without_odds,prob_12_and_U15,[0.10-0.15),0.125,8508,15.550070521861779,0.13567262300433877
gradient_boosting__without_odds,prob_12_and_U15,[0.15-0.20),0.17500000000000002,87334,17.268188792451966,0.17532564413310275
gradient_boosting__without_odds,prob_12_and_U15,[0.20-0.25),0.225,11609,18.84744594711,0.216375978793637
gradient_boosting__without_odds,prob_12_and_U15,[0.25-0.30),0.275,1104,17.844202898550723,0.2657036424774105
gradient_boosting__without_odds,prob_12_and_U15,[0.30-0.35),0.32500000000000007,79,17.72151898734177,0.3126888967351126
gradient_boosting__without_odds,prob_X2_and_U15,[0.00-0.05),0.025,556,4.676258992805756,0.03542009130715757
gradient_boosting__without_odds,prob_X2_and_U15,[0.05-0.10),0.07500000000000001,4346,10.515416474919466,0.08207580584514415
gradient_boosting__without_odds,prob_X2_and_U15,[0.10-0.15),0.125,78627,14.397090058122528,0.13693937565806405
gradient_boosting__without_odds,prob_X2_and_U15,[0.15-0.20),0.17500000000000002,21710,15.716259788116075,0.16822057086660194
gradient_boosting__without_odds,prob_X2_and_U15,[0.20-0.25),0.225,3593,16.142499304202616,0.21704551257378554
gradient_boosting__without_odds,prob_X2_and_U15,[0.25-0.30),0.275,553,18.264014466546115,0.2679274146593508
gradient_boosting__without_odds,prob_X2_and_U15,[0.30-0.35),0.32500000000000007,94,19.148936170212767,0.3177446883870282
gradient_boosting__without_odds,prob_X2_and_U15,[0.35-0.40),0.375,27,14.814814814814813,0.37000140867837705
gradient_boosting__without_odds,prob_1X_and_O25,[0.00-0.05),0.025,32,3.125,0.040347278581075625
gradient_boosting__without_odds,prob_1X_and_O25,[0.05-0.10),0.07500000000000001,301,13.621262458471762,0.08167231472661973
gradient_boosting__without_odds,prob_1X_and_O25,[0.10-0.15),0.125,876,15.52511415525114,0.1283661445435127
gradient_boosting__without_odds,prob_1X_and_O25,[0.15-0.20),0.17500000000000002,2134,22.492970946579195,0.17863269950140612
gradient_boosting__without_odds,prob_1X_and_O25,[0.20-0.25),0.225,5270,26.148007590132828,0.22868241273261006
gradient_boosting__without_odds,prob_1X_and_O25,[0.25-0.30),0.275,13437,27.967552281015106,0.2784267060076725
gradient_boosting__without_odds,prob_1X_and_O25,[0.30-0.35),0.32500000000000007,54136,32.35000738879858,0.3312826129170561
gradient_boosting__without_odds,prob_1X_and_O25,[0.35-0.40),0.375,20560,36.08949416342412,0.36944758724136345
gradient_boosting__without_odds,prob_1X_and_O25,[0.40-0.45),0.42500000000000004,7673,40.127720578652415,0.41948046418401397
gradient_boosting__without_odds,prob_1X_and_O25,[0.45-0.50),0.475,2288,44.18706293706294,0.470941943459993
gradient_boosting__without_odds,prob_1X_and_O25,[0.50-0.55),0.525,1175,51.31914893617021,0.5227758713902165
gradient_boosting__without_odds,prob_1X_and_O25,[0.55-0.60),0.5750000000000001,752,54.25531914893617,0.5732850347443504
gradient_boosting__without_odds,prob_1X_and_O25,[0.60-0.65),0.625,436,60.550458715596335,0.6217366518232926
gradient_boosting__without_odds,prob_1X_and_O25,[0.65-0.70),0.675,203,57.635467980295566,0.6720574735297833
gradient_boosting__without_odds,prob_1X_and_O25,[0.70-0.75),0.7250000000000001,119,68.90756302521008,0.7239353806839898
gradient_boosting__without_odds,prob_1X_and_O25,[0.75-0.80),0.775,74,75.67567567567568,0.7724172288950676
gradient_boosting__without_odds,prob_1X_and_O25,[0.80-0.85),0.8250000000000001,43,86.04651162790698,0.8232789824633834
gradient_boosting__without_odds,prob_12_and_O25,[0.20-0.25),0.225,118,38.13559322033898,0.23099145644407562
gradient_boosting__without_odds,prob_12_and_O25,[0.25-0.30),0.275,445,43.82022471910113,0.28068189501809837
gradient_boosting__without_odds,prob_12_and_O25,[0.30-0.35),0.32500000000000007,1973,41.9158641662443,0.3303756580335503
gradient_boosting__without_odds,prob_12_and_O25,[0.35-0.40),0.375,7393,41.79629379142432,0.37966128096847973
gradient_boosting__without_odds,prob_12_and_O25,[0.40-0.45),0.42500000000000004,50262,44.72364808403963,0.43704364164526016
gradient_boosting__without_odds,prob_12_and_O25,[0.45-0.50),0.475,39108,47.45576352664416,0.4686771858123047
gradient_boosting__without_odds,prob_12_and_O25,[0.50-0.55),0.525,6825,49.2014652014652,0.5184587460066875
gradient_boosting__without_odds,prob_12_and_O25,[0.55-0.60),0.5750000000000001,1900,52.31578947368421,0.571527129724227
gradient_boosting__without_odds,prob_12_and_O25,[0.60-0.65),0.625,822,54.74452554744526,0.6216359748260665
gradient_boosting__without_odds,prob_12_and_O25,[0.65-0.70),0.675,347,56.48414985590778,0.6709358708006902
gradient_boosting__without_odds,prob_12_and_O25,[0.70-0.75),0.7250000000000001,168,64.28571428571429,0.7225863219880247
gradient_boosting__without_odds,prob_12_and_O25,[0.75-0.80),0.775,89,75.28089887640449,0.7720196819076097
gradient_boosting__without_odds,prob_12_and_O25,[0.80-0.85),0.8250000000000001,46,82.6086956521739,0.8186651274289274
gradient_boosting__without_odds,prob_X2_and_O25,[0.00-0.05),0.025,314,5.414012738853503,0.03912132987692305
gradient_boosting__without_odds,prob_X2_and_O25,[0.05-0.10),0.07500000000000001,1809,11.055831951354339,0.07977871470168417
gradient_boosting__without_odds,prob_X2_and_O25,[0.10-0.15),0.125,4089,15.82293959403277,0.12846844313336472
gradient_boosting__without_odds,prob_X2_and_O25,[0.15-0.20),0.17500000000000002,13153,19.919410020527636,0.18022876452273162
gradient_boosting__without_odds,prob_X2_and_O25,[0.20-0.25),0.225,58002,23.871590634805695,0.23426269412363257
gradient_boosting__without_odds,prob_X2_and_O25,[0.25-0.30),0.275,16620,26.901323706377855,0.27298681507777584
gradient_boosting__without_odds,prob_X2_and_O25,[0.30-0.35),0.32500000000000007,8641,31.975465802569147,0.3216385614761836
gradient_boosting__without_odds,prob_X2_and_O25,[0.35-0.40),0.375,3664,36.872270742358076,0.3709929395202166
gradient_boosting__without_odds,prob_X2_and_O25,[0.40-0.45),0.42500000000000004,1637,41.84483811850947,0.42289181119710306
gradient_boosting__without_odds,prob_X2_and_O25,[0.45-0.50),0.475,796,43.84422110552764,0.4716731218665756
gradient_boosting__without_odds,prob_X2_and_O25,[0.50-0.55),0.525,392,48.724489795918366,0.5221391605532846
gradient_boosting__without_odds,prob_X2_and_O25,[0.55-0.60),0.5750000000000001,183,44.26229508196721,0.5718367189943276
gradient_boosting__without_odds,prob_X2_and_O25,[0.60-0.65),0.625,112,46.42857142857143,0.6238511175831153
gradient_boosting__without_odds,prob_X2_and_O25,[0.65-0.70),0.675,45,60.0,0.6735924993287116
gradient_boosting__without_odds,prob_X2_and_O25,[0.70-0.75),0.7250000000000001,33,63.63636363636363,0.7225708302633302
gradient_boosting__without_odds,prob_1X_and_U25,[0.05-0.10),0.07500000000000001,65,15.384615384615385,0.08121353417673038
gradient_boosting__without_odds,prob_1X_and_U25,[0.10-0.15),0.125,246,15.853658536585366,0.1272810146931099
gradient_boosting__without_odds,prob_1X_and_U25,[0.15-0.20),0.17500000000000002,697,22.525107604017215,0.17882554594270963
gradient_boosting__without_odds,prob_1X_and_U25,[0.20-0.25),0.225,2150,26.6046511627907,0.22972495837068171
gradient_boosting__without_odds,prob_1X_and_U25,[0.25-0.30),0.275,7504,29.637526652452024,0.28113235315608015
gradient_boosting__without_odds,prob_1X_and_U25,[0.30-0.35),0.32500000000000007,23917,33.273403854998534,0.3293145034367353
gradient_boosting__without_odds,prob_1X_and_U25,[0.35-0.40),0.375,62481,36.625534162385364,0.36612385828770155
gradient_boosting__without_odds,prob_1X_and_U25,[0.40-0.45),0.42500000000000004,9232,40.229636048526864,0.41962127614172784
gradient_boosting__without_odds,prob_1X_and_U25,[0.45-0.50),0.475,2379,39.09205548549811,0.468955917654408
gradient_boosting__without_odds,prob_1X_and_U25,[0.50-0.55),0.525,640,41.09375,0.5207219812094246
gradient_boosting__without_odds,prob_1X_and_U25,[0.55-0.60),0.5750000000000001,158,43.037974683544306,0.5683125657337414
gradient_boosting__without_odds,prob_1X_and_U25,[0.60-0.65),0.625,28,35.714285714285715,0.6148142236703861
gradient_boosting__without_odds,prob_12_and_U25,[0.05-0.10),0.07500000000000001,41,12.195121951219512,0.08758863454599658
gradient_boosting__without_odds,prob_12_and_U25,[0.10-0.15),0.125,141,19.148936170212767,0.13064272070014882
gradient_boosting__without_odds,prob_12_and_U25,[0.15-0.20),0.17500000000000002,587,28.109028960817717,0.18123092787338327
gradient_boosting__without_odds,prob_12_and_U25,[0.20-0.25),0.225,3356,28.06912991656734,0.2330642898798075
gradient_boosting__without_odds,prob_12_and_U25,[0.25-0.30),0.275,36893,28.623316076220423,0.28184091185385135
gradient_boosting__without_odds,prob_12_and_U25,[0.30-0.35),0.32500000000000007,61972,30.06680436326083,0.3103629852346902
gradient_boosting__without_odds,prob_12_and_U25,[0.35-0.40),0.375,5711,31.16792155489406,0.36740762049308023
gradient_boosting__without_odds,prob_12_and_U25,[0.40-0.45),0.42500000000000004,764,31.544502617801047,0.4166200918476612
gradient_boosting__without_odds,prob_12_and_U25,[0.45-0.50),0.475,42,33.33333333333333,0.45811246020677937
gradient_boosting__without_odds,prob_X2_and_U25,[0.00-0.05),0.025,57,3.508771929824561,0.039481864059651595
gradient_boosting__without_odds,prob_X2_and_U25,[0.05-0.10),0.07500000000000001,277,10.108303249097473,0.07932769248016104
gradient_boosting__without_odds,prob_X2_and_U25,[0.10-0.15),0.125,905,13.812154696132598,0.1302396237143901
gradient_boosting__without_odds,prob_X2_and_U25,[0.15-0.20),0.17500000000000002,1785,19.15966386554622,0.17811360484846725
gradient_boosting__without_odds,prob_X2_and_U25,[0.20-0.25),0.225,4991,26.427569625325585,0.231378674394203
gradient_boosting__without_odds,prob_X2_and_U25,[0.25-0.30),0.275,22318,28.739134331033245,0.27808272428183484
gradient_boosting__without_odds,prob_X2_and_U25,[0.30-0.35),0.32500000000000007,65661,31.444845494281232,0.31594201465677807
gradient_boosting__without_odds,prob_X2_and_U25,[0.35-0.40),0.375,9867,35.58325732238776,0.37040891822990707
gradient_boosting__without_odds,prob_X2_and_U25,[0.40-0.45),0.42500000000000004,2816,35.33380681818182,0.418865439214407
gradient_boosting__without_odds,prob_X2_and_U25,[0.45-0.50),0.475,641,35.8814352574103,0.4683505039567861
gradient_boosting__without_odds,prob_X2_and_U25,[0.50-0.55),0.525,149,42.281879194630875,0.5195447087406024
gradient_boosting__without_odds,prob_X2_and_U25,[0.55-0.60),0.5750000000000001,32,40.625,0.5724588565764998
gradient_boosting__without_odds,prob_1X_and_O35,[0.00-0.05),0.025,157,9.554140127388536,0.03869451925931397
gradient_boosting__without_odds,prob_1X_and_O35,[0.05-0.10),0.07500000000000001,1704,13.145539906103288,0.08158507027683203
gradient_boosting__without_odds,prob_1X_and_O35,[0.10-0.15),0.125,7385,15.396073121191606,0.12996996883321024
gradient_boosting__without_odds,prob_1X_and_O35,[0.15-0.20),0.17500000000000002,25031,18.033638288522233,0.18031926604586543
gradient_boosting__without_odds,prob_1X_and_O35,[0.20-0.25),0.225,61432,20.640708425576246,0.2144689975325492
gradient_boosting__without_odds,prob_1X_and_O35,[0.25-0.30),0.275,9667,25.09568635564291,0.267597560026943
gradient_boosting__without_odds,prob_1X_and_O35,[0.30-0.35),0.32500000000000007,2100,30.0,0.32048339210407806
gradient_boosting__without_odds,prob_1X_and_O35,[0.35-0.40),0.375,966,34.26501035196687,0.37222177889164626
gradient_boosting__without_odds,prob_1X_and_O35,[0.40-0.45),0.42500000000000004,538,36.80297397769517,0.42216060347032136
gradient_boosting__without_odds,prob_1X_and_O35,[0.45-0.50),0.475,239,37.238493723849366,0.47129022229566014
gradient_boosting__without_odds,prob_1X_and_O35,[0.50-0.55),0.525,114,42.98245614035088,0.5225111077160233
gradient_boosting__without_odds,prob_1X_and_O35,[0.55-0.60),0.5750000000000001,82,45.1219512195122,0.5731769868357696
gradient_boosting__without_odds,prob_1X_and_O35,[0.60-0.65),0.625,44,54.54545454545454,0.6215205072823972
gradient_boosting__without_odds,prob_1X_and_O35,[0.65-0.70),0.675,32,62.5,0.6744316198827045
gradient_boosting__without_odds,prob_12_and_O35,[0.05-0.10),0.07500000000000001,273,19.413919413919416,0.08449435021364317
gradient_boosting__without_odds,prob_12_and_O35,[0.10-0.15),0.125,2432,20.80592105263158,0.13262475569345944
gradient_boosting__without_odds,prob_12_and_O35,[0.15-0.20),0.17500000000000002,12748,19.587386256667713,0.1806266088172372
gradient_boosting__without_odds,prob_12_and_O35,[0.20-0.25),0.225,69441,23.63733241168762,0.22635088742195847
gradient_boosting__without_odds,prob_12_and_O35,[0.25-0.30),0.275,18940,26.74762407602957,0.26715711943447495
gradient_boosting__without_odds,prob_12_and_O35,[0.30-0.35),0.32500000000000007,3300,27.545454545454547,0.31970315224158674
gradient_boosting__without_odds,prob_12_and_O35,[0.35-0.40),0.375,1241,31.506849315068493,0.3719892680777587
gradient_boosting__without_odds,prob_12_and_O35,[0.40-0.45),0.42500000000000004,572,32.69230769230769,0.4221594992766184
gradient_boosting__without_odds,prob_12_and_O35,[0.45-0.50),0.475,247,33.603238866396765,0.4723199102449729
gradient_boosting__without_odds,prob_12_and_O35,[0.50-0.55),0.525,138,44.927536231884055,0.5220933923412527
gradient_boosting__without_odds,prob_12_and_O35,[0.55-0.60),0.5750000000000001,85,38.82352941176471,0.5710078161425834
gradient_boosting__without_odds,prob_12_and_O35,[0.60-0.65),0.625,46,56.52173913043478,0.6247056770533683
gradient_boosting__without_odds,prob_12_and_O35,[0.65-0.70),0.675,31,54.83870967741935,0.6725328651696972
gradient_boosting__without_odds,prob_X2_and_O35,[0.00-0.05),0.025,1164,5.412371134020619,0.03781091307956319
gradient_boosting__without_odds,prob_X2_and_O35,[0.05-0.10),0.07500000000000001,7778,10.336847518642324,0.08113869134723864
gradient_boosting__without_odds,prob_X2_and_O35,[0.10-0.15),0.125,49974,14.455516868771761,0.13604554716595604
gradient_boosting__without_odds,prob_X2_and_O35,[0.15-0.20),0.17500000000000002,38345,16.29156343721476,0.1644624830327635
gradient_boosting__without_odds,prob_X2_and_O35,[0.20-0.25),0.225,8290,21.12183353437877,0.2199817735978482
gradient_boosting__without_odds,prob_X2_and_O35,[0.25-0.30),0.275,2470,26.88259109311741,0.27061284398965363
gradient_boosting__without_odds,prob_X2_and_O35,[0.30-0.35),0.32500000000000007,865,27.74566473988439,0.3198127610582417
gradient_boosting__without_odds,prob_X2_and_O35,[0.35-0.40),0.375,331,27.492447129909365,0.3709866240144109
gradient_boosting__without_odds,prob_X2_and_O35,[0.40-0.45),0.42500000000000004,149,25.503355704697988,0.4222128235717199
gradient_boosting__without_odds,prob_X2_and_O35,[0.45-0.50),0.475,67,35.82089552238806,0.4761839337012892
gradient_boosting__without_odds,prob_X2_and_O35,[0.50-0.55),0.525,40,30.0,0.5225465961601605
gradient_boosting__without_odds,prob_1X_and_U35,[0.05-0.10),0.07500000000000001,28,17.857142857142858,0.07864272373966474
gradient_boosting__without_odds,prob_1X_and_U35,[0.10-0.15),0.125,84,17.857142857142858,0.12669097391174142
gradient_boosting__without_odds,prob_1X_and_U35,[0.15-0.20),0.17500000000000002,208,20.673076923076923,0.1760221996634238
gradient_boosting__without_odds,prob_1X_and_U35,[0.20-0.25),0.225,468,28.63247863247863,0.22825682399096706
gradient_boosting__without_odds,prob_1X_and_U35,[0.25-0.30),0.275,982,29.429735234215887,0.2780187507998872
gradient_boosting__without_odds,prob_1X_and_U35,[0.30-0.35),0.32500000000000007,2050,32.829268292682926,0.32780377360476065
gradient_boosting__without_odds,prob_1X_and_U35,[0.35-0.40),0.375,5215,38.849472674976035,0.37967108359799734
gradient_boosting__without_odds,prob_1X_and_U35,[0.40-0.45),0.42500000000000004,12545,44.0175368672778,0.42891957002248743
gradient_boosting__without_odds,prob_1X_and_U35,[0.45-0.50),0.475,53328,48.98552355235524,0.4850921200546795
gradient_boosting__without_odds,prob_1X_and_U35,[0.50-0.55),0.525,24927,50.816383840815185,0.5186500394231751
gradient_boosting__without_odds,prob_1X_and_U35,[0.55-0.60),0.5750000000000001,7003,55.21919177495359,0.5706719841574522
gradient_boosting__without_odds,prob_1X_and_U35,[0.60-0.65),0.625,1961,54.7679755226925,0.6198063791953903
gradient_boosting__without_odds,prob_1X_and_U35,[0.65-0.70),0.675,580,54.82758620689655,0.6705474776497401
gradient_boosting__without_odds,prob_1X_and_U35,[0.70-0.75),0.7250000000000001,114,60.526315789473685,0.7177315172414245
gradient_boosting__without_odds,prob_12_and_U35,[0.20-0.25),0.225,39,41.02564102564102,0.2308789582862078
gradient_boosting__without_odds,prob_12_and_U35,[0.25-0.30),0.275,44,15.909090909090908,0.2777489588914403
gradient_boosting__without_odds,prob_12_and_U35,[0.30-0.35),0.32500000000000007,138,50.72463768115942,0.3268638983595874
gradient_boosting__without_odds,prob_12_and_U35,[0.35-0.40),0.375,353,51.55807365439094,0.37895389030714455
gradient_boosting__without_odds,prob_12_and_U35,[0.40-0.45),0.42500000000000004,1378,50.14513788098694,0.4307839676554851
gradient_boosting__without_odds,prob_12_and_U35,[0.45-0.50),0.475,13558,49.60908688597138,0.48630633569022974
gradient_boosting__without_odds,prob_12_and_U35,[0.50-0.55),0.525,82903,51.85578326477932,0.5227341810732634
gradient_boosting__without_odds,prob_12_and_U35,[0.55-0.60),0.5750000000000001,10864,52.69698085419735,0.565350669745872
gradient_boosting__without_odds,prob_12_and_U35,[0.60-0.65),0.625,225,50.66666666666667,0.6076715920487716
gradient_boosting__without_odds,prob_X2_and_U35,[0.00-0.05),0.025,26,3.8461538461538463,0.0404143220363941
gradient_boosting__without_odds,prob_X2_and_U35,[0.05-0.10),0.07500000000000001,177,6.779661016949152,0.07802007030021758
gradient_boosting__without_odds,prob_X2_and_U35,[0.10-0.15),0.125,452,16.371681415929203,0.12931081304571712
gradient_boosting__without_odds,prob_X2_and_U35,[0.15-0.20),0.17500000000000002,947,16.578669482576558,0.17703311336206573
gradient_boosting__without_odds,prob_X2_and_U35,[0.20-0.25),0.225,1411,24.167257264351523,0.2264707852244352
gradient_boosting__without_odds,prob_X2_and_U35,[0.25-0.30),0.275,2812,30.97439544807966,0.279095506892177
gradient_boosting__without_odds,prob_X2_and_U35,[0.30-0.35),0.32500000000000007,10437,34.86634090255821,0.33158173237619987
gradient_boosting__without_odds,prob_X2_and_U35,[0.35-0.40),0.375,26934,38.66859731194772,0.38232375127335594
gradient_boosting__without_odds,prob_X2_and_U35,[0.40-0.45),0.42500000000000004,50925,41.36671575846834,0.41398384189125864
gradient_boosting__without_odds,prob_X2_and_U35,[0.45-0.50),0.475,9637,45.62623222994708,0.47003375701799643
gradient_boosting__without_odds,prob_X2_and_U35,[0.50-0.55),0.525,4053,49.938317295830245,0.5211677332343783
gradient_boosting__without_odds,prob_X2_and_U35,[0.55-0.60),0.5750000000000001,1241,48.831587429492345,0.5701392239923812
gradient_boosting__without_odds,prob_X2_and_U35,[0.60-0.65),0.625,345,52.7536231884058,0.6199532066072064
gradient_boosting__without_odds,prob_X2_and_U35,[0.65-0.70),0.675,92,55.434782608695656,0.6694516741050774
gradient_boosting__without_odds,prob_1X_and_O45,[0.00-0.05),0.025,5599,5.590283979282015,0.03747643754314693
gradient_boosting__without_odds,prob_1X_and_O45,[0.05-0.10),0.07500000000000001,76717,8.554818358382105,0.08584798315967533
gradient_boosting__without_odds,prob_1X_and_O45,[0.10-0.15),0.125,22777,11.62137243710761,0.11761424357757917
gradient_boosting__without_odds,prob_1X_and_O45,[0.15-0.20),0.17500000000000002,2765,14.683544303797468,0.16888275986149884
gradient_boosting__without_odds,prob_1X_and_O45,[0.20-0.25),0.225,922,18.655097613882862,0.22123550571577555
gradient_boosting__without_odds,prob_1X_and_O45,[0.25-0.30),0.275,389,19.53727506426735,0.2706460325013386
gradient_boosting__without_odds,prob_1X_and_O45,[0.30-0.35),0.32500000000000007,146,17.80821917808219,0.3212826434434393
gradient_boosting__without_odds,prob_1X_and_O45,[0.35-0.40),0.375,86,25.581395348837212,0.37402922871133876
gradient_boosting__without_odds,prob_1X_and_O45,[0.40-0.45),0.42500000000000004,49,30.612244897959183,0.4242425565162266
gradient_boosting__without_odds,prob_1X_and_O45,[0.45-0.50),0.475,26,42.30769230769231,0.47698328176930843
gradient_boosting__without_odds,prob_1X_and_O45,[0.50-0.55),0.525,23,39.130434782608695,0.5233569747230008
gradient_boosting__without_odds,prob_12_and_O45,[0.00-0.05),0.025,449,12.47216035634744,0.0402056182912731
gradient_boosting__without_odds,prob_12_and_O45,[0.05-0.10),0.07500000000000001,9578,10.962622676968053,0.08394181691557794
gradient_boosting__without_odds,prob_12_and_O45,[0.10-0.15),0.125,78131,13.48248454518693,0.12861529489853601
gradient_boosting__without_odds,prob_12_and_O45,[0.15-0.20),0.17500000000000002,17835,16.254555649004764,0.16507512446772343
gradient_boosting__without_odds,prob_12_and_O45,[0.20-0.25),0.225,2237,17.210549843540456,0.21974813137685661
gradient_boosting__without_odds,prob_12_and_O45,[0.25-0.30),0.275,740,17.7027027027027,0.27066447194463006
gradient_boosting__without_odds,prob_12_and_O45,[0.30-0.35),0.32500000000000007,261,15.32567049808429,0.32291747029300927
gradient_boosting__without_odds,prob_12_and_O45,[0.35-0.40),0.375,136,27.205882352941174,0.3726166869144226
gradient_boosting__without_odds,prob_12_and_O45,[0.40-0.45),0.42500000000000004,67,26.865671641791046,0.42289262339013645
gradient_boosting__without_odds,prob_12_and_O45,[0.45-0.50),0.475,33,42.42424242424242,0.47498570094912845
gradient_boosting__without_odds,prob_12_and_O45,[0.50-0.55),0.525,32,37.5,0.5223575947779892
gradient_boosting__without_odds,prob_X2_and_O45,[0.00-0.05),0.025,23696,4.819378798109385,0.03654261270856013
gradient_boosting__without_odds,prob_X2_and_O45,[0.05-0.10),0.07500000000000001,77434,6.756721853449389,0.06511530043227585
gradient_boosting__without_odds,prob_X2_and_O45,[0.10-0.15),0.125,6672,11.91546762589928,0.11667542447220916
gradient_boosting__without_odds,prob_X2_and_O45,[0.15-0.20),0.17500000000000002,1190,14.033613445378151,0.16800795916273537
gradient_boosting__without_odds,prob_X2_and_O45,[0.20-0.25),0.225,310,13.870967741935484,0.22069847179781685
gradient_boosting__without_odds,prob_X2_and_O45,[0.25-0.30),0.275,104,14.423076923076922,0.26975332047919753
gradient_boosting__without_odds,prob_X2_and_O45,[0.30-0.35),0.32500000000000007,61,19.672131147540984,0.32421954429738836
gradient_boosting__without_odds,prob_X2_and_O45,[0.35-0.40),0.375,21,33.33333333333333,0.3724340543147273
gradient_boosting__without_odds,prob_1X_and_U45,[0.10-0.15),0.125,41,14.634146341463413,0.1306153506566839
gradient_boosting__without_odds,prob_1X_and_U45,[0.15-0.20),0.17500000000000002,81,28.39506172839506,0.17878980068038627
gradient_boosting__without_odds,prob_1X_and_U45,[0.20-0.25),0.225,174,27.586206896551722,0.2254962048301549
gradient_boosting__without_odds,prob_1X_and_U45,[0.25-0.30),0.275,320,31.874999999999996,0.278732301362935
gradient_boosting__without_odds,prob_1X_and_U45,[0.30-0.35),0.32500000000000007,612,33.006535947712415,0.3275677363884576
gradient_boosting__without_odds,prob_1X_and_U45,[0.35-0.40),0.375,1009,36.47175421209118,0.37752814630100684
gradient_boosting__without_odds,prob_1X_and_U45,[0.40-0.45),0.42500000000000004,1991,42.74234053239578,0.42787653255230573
gradient_boosting__without_odds,prob_1X_and_U45,[0.45-0.50),0.475,4098,48.02342606149341,0.4790615527991061
gradient_boosting__without_odds,prob_1X_and_U45,[0.50-0.55),0.525,9825,53.50636132315522,0.5286773885667421
gradient_boosting__without_odds,prob_1X_and_U45,[0.55-0.60),0.5750000000000001,23463,59.13992243106168,0.5834518456044466
gradient_boosting__without_odds,prob_1X_and_U45,[0.60-0.65),0.625,50597,60.77633061248691,0.61630583852313
gradient_boosting__without_odds,prob_1X_and_U45,[0.65-0.70),0.675,12394,65.78182991770211,0.6694657039387742
gradient_boosting__without_odds,prob_1X_and_U45,[0.70-0.75),0.7250000000000001,3791,68.10867844895806,0.7196800656571066
gradient_boosting__without_odds,prob_1X_and_U45,[0.75-0.80),0.775,943,68.9289501590668,0.7695199150700763
gradient_boosting__without_odds,prob_1X_and_U45,[0.80-0.85),0.8250000000000001,151,72.18543046357617,0.8166960370465506
gradient_boosting__without_odds,prob_12_and_U45,[0.35-0.40),0.375,37,51.35135135135135,0.3768481517970174
gradient_boosting__without_odds,prob_12_and_U45,[0.40-0.45),0.42500000000000004,46,43.47826086956522,0.4276246088213911
gradient_boosting__without_odds,prob_12_and_U45,[0.45-0.50),0.475,152,67.10526315789474,0.47732104153836197
gradient_boosting__without_odds,prob_12_and_U45,[0.50-0.55),0.525,571,61.12084063047285,0.5312682466959077
gradient_boosting__without_odds,prob_12_and_U45,[0.55-0.60),0.5750000000000001,9378,60.684580934101085,0.5884182934827025
gradient_boosting__without_odds,prob_12_and_U45,[0.60-0.65),0.625,95457,61.76812596247525,0.6210380199999599
gradient_boosting__without_odds,prob_12_and_U45,[0.65-0.70),0.675,3740,63.36898395721925,0.662245359167354
gradient_boosting__without_odds,prob_12_and_U45,[0.70-0.75),0.7250000000000001,120,65.83333333333333,0.7113541685978328
gradient_boosting__without_odds,prob_X2_and_U45,[0.05-0.10),0.07500000000000001,98,8.16326530612245,0.0790883355448413
gradient_boosting__without_odds,prob_X2_and_U45,[0.10-0.15),0.125,236,15.677966101694915,0.12816369648637038
gradient_boosting__without_odds,prob_X2_and_U45,[0.15-0.20),0.17500000000000002,523,17.590822179732314,0.17857962145853676
gradient_boosting__without_odds,prob_X2_and_U45,[0.20-0.25),0.225,830,20.602409638554217,0.2264999144633238
gradient_boosting__without_odds,prob_X2_and_U45,[0.25-0.30),0.275,1137,29.023746701846964,0.2762409066954627
gradient_boosting__without_odds,prob_X2_and_U45,[0.30-0.35),0.32500000000000007,1841,36.28462791960891,0.32747848892815956
gradient_boosting__without_odds,prob_X2_and_U45,[0.35-0.40),0.375,4485,40.82497212931995,0.37905780599710764
gradient_boosting__without_odds,prob_X2_and_U45,[0.40-0.45),0.42500000000000004,12655,42.9632556301857,0.4267943581227693
gradient_boosting__without_odds,prob_X2_and_U45,[0.45-0.50),0.475,51313,48.82583360941672,0.4862164568956922
gradient_boosting__without_odds,prob_X2_and_U45,[0.50-0.55),0.525,20085,51.96415235250187,0.5239381707496339
gradient_boosting__without_odds,prob_X2_and_U45,[0.55-0.60),0.5750000000000001,10025,55.571072319201996,0.5714278054338982
gradient_boosting__without_odds,prob_X2_and_U45,[0.60-0.65),0.625,3740,60.45454545454545,0.6213387111970191
gradient_boosting__without_odds,prob_X2_and_U45,[0.65-0.70),0.675,1738,67.26121979286536,0.6710773053850686
gradient_boosting__without_odds,prob_X2_and_U45,[0.70-0.75),0.7250000000000001,634,66.7192429022082,0.7204102857488963
gradient_boosting__without_odds,prob_X2_and_U45,[0.75-0.80),0.775,148,67.56756756756756,0.7710812810060284
gradient_boosting__without_odds,prob_H_and_BTTS_Y,[0.00-0.05),0.025,263,6.083650190114068,0.037366250008685986
gradient_boosting__without_odds,prob_H_and_BTTS_Y,[0.05-0.10),0.07500000000000001,1588,8.816120906801007,0.0803433080764686
gradient_boosting__without_odds,prob_H_and_BTTS_Y,[0.10-0.15),0.125,5937,14.738083207006905,0.13107626194897268
gradient_boosting__without_odds,prob_H_and_BTTS_Y,[0.15-0.20),0.17500000000000002,25136,17.902609802673457,0.1805210326329204
gradient_boosting__without_odds,prob_H_and_BTTS_Y,[0.20-0.25),0.225,64771,20.251347053465285,0.21670723149628557
gradient_boosting__without_odds,prob_H_and_BTTS_Y,[0.25-0.30),0.275,9445,23.88565378507147,0.2666320022146385
gradient_boosting__without_odds,prob_H_and_BTTS_Y,[0.30-0.35),0.32500000000000007,1741,29.29350947731189,0.3199597531946603
gradient_boosting__without_odds,prob_H_and_BTTS_Y,[0.35-0.40),0.375,464,30.81896551724138,0.369395216617584
gradient_boosting__without_odds,prob_H_and_BTTS_Y,[0.40-0.45),0.42500000000000004,105,38.095238095238095,0.4203686191055921
gradient_boosting__without_odds,prob_H_and_BTTS_Y,[0.45-0.50),0.475,41,39.02439024390244,0.4702147669842042
gradient_boosting__without_odds,prob_D_and_BTTS_Y,[0.00-0.05),0.025,53,3.7735849056603774,0.04314209909044594
gradient_boosting__without_odds,prob_D_and_BTTS_Y,[0.05-0.10),0.07500000000000001,824,9.951456310679612,0.08228395205462147
gradient_boosting__without_odds,prob_D_and_BTTS_Y,[0.10-0.15),0.125,3908,13.459570112589562,0.13117275163696782
gradient_boosting__without_odds,prob_D_and_BTTS_Y,[0.15-0.20),0.17500000000000002,104724,17.583361980061877,0.18389737373274745
gradient_boosting__without_odds,prob_A_and_BTTS_Y,[0.00-0.05),0.025,1720,4.651162790697675,0.03499410767577875
gradient_boosting__without_odds,prob_A_and_BTTS_Y,[0.05-0.10),0.07500000000000001,7775,9.234726688102894,0.08098843354510811
gradient_boosting__without_odds,prob_A_and_BTTS_Y,[0.10-0.15),0.125,59793,13.628685632097405,0.13650298360937274
gradient_boosting__without_odds,prob_A_and_BTTS_Y,[0.15-0.20),0.17500000000000002,29122,16.00508206853925,0.16728846919610263
gradient_boosting__without_odds,prob_A_and_BTTS_Y,[0.20-0.25),0.225,7909,19.80022758882286,0.2193700540531387
gradient_boosting__without_odds,prob_A_and_BTTS_Y,[0.25-0.30),0.275,2340,24.957264957264957,0.2703642092797084
gradient_boosting__without_odds,prob_A_and_BTTS_Y,[0.30-0.35),0.32500000000000007,608,26.973684210526315,0.3193334532954295
gradient_boosting__without_odds,prob_A_and_BTTS_Y,[0.35-0.40),0.375,170,26.47058823529412,0.36943203918326517
gradient_boosting__without_odds,prob_A_and_BTTS_Y,[0.40-0.45),0.42500000000000004,58,32.758620689655174,0.41859446459982935
gradient_boosting__without_odds,prob_H_and_BTTS_N,[0.00-0.05),0.025,297,5.05050505050505,0.03526360755517491
gradient_boosting__without_odds,prob_H_and_BTTS_N,[0.05-0.10),0.07500000000000001,1611,9.31098696461825,0.08020411290995112
gradient_boosting__without_odds,prob_H_and_BTTS_N,[0.10-0.15),0.125,4717,14.055543777824889,0.12968965121796835
gradient_boosting__without_odds,prob_H_and_BTTS_N,[0.15-0.20),0.17500000000000002,15157,19.232038002243186,0.17914018315561803
gradient_boosting__without_odds,prob_H_and_BTTS_N,[0.20-0.25),0.225,58639,24.45641978887771,0.2328788857206534
gradient_boosting__without_odds,prob_H_and_BTTS_N,[0.25-0.30),0.275,18160,27.890969162995592,0.27320067927646124
gradient_boosting__without_odds,prob_H_and_BTTS_N,[0.30-0.35),0.32500000000000007,6198,30.542110358180057,0.32039981231545095
gradient_boosting__without_odds,prob_H_and_BTTS_N,[0.35-0.40),0.375,2262,34.04067197170645,0.3722664994359553
gradient_boosting__without_odds,prob_H_and_BTTS_N,[0.40-0.45),0.42500000000000004,1291,38.80712625871418,0.422509965232134
gradient_boosting__without_odds,prob_H_and_BTTS_N,[0.45-0.50),0.475,636,42.76729559748428,0.47181888817354917
gradient_boosting__without_odds,prob_H_and_BTTS_N,[0.50-0.55),0.525,354,51.12994350282486,0.5215133174744728
gradient_boosting__without_odds,prob_H_and_BTTS_N,[0.55-0.60),0.5750000000000001,137,50.36496350364964,0.5723671761742444
gradient_boosting__without_odds,prob_H_and_BTTS_N,[0.60-0.65),0.625,44,54.54545454545454,0.6187208883187926
gradient_boosting__without_odds,prob_D_and_BTTS_N,[0.00-0.05),0.025,9255,5.445705024311183,0.04109637273948458
gradient_boosting__without_odds,prob_D_and_BTTS_N,[0.05-0.10),0.07500000000000001,97143,7.162636525534522,0.06614131860375923
gradient_boosting__without_odds,prob_D_and_BTTS_N,[0.10-0.15),0.125,2904,8.057851239669422,0.11380971369882047
gradient_boosting__without_odds,prob_D_and_BTTS_N,[0.15-0.20),0.17500000000000002,195,6.666666666666667,0.16633140638186972
gradient_boosting__without_odds,prob_A_and_BTTS_N,[0.00-0.05),0.025,1623,3.0191004313000613,0.034176680927751835
gradient_boosting__without_odds,prob_A_and_BTTS_N,[0.05-0.10),0.07500000000000001,5798,9.830976198689203,0.08094045290568448
gradient_boosting__without_odds,prob_A_and_BTTS_N,[0.10-0.15),0.125,33982,14.175151550821022,0.13149311582778841
gradient_boosting__without_odds,prob_A_and_BTTS_N,[0.15-0.20),0.17500000000000002,55366,17.42946934942022,0.16362856236011497
gradient_boosting__without_odds,prob_A_and_BTTS_N,[0.20-0.25),0.225,8516,22.592766557069048,0.2195209568642012
gradient_boosting__without_odds,prob_A_and_BTTS_N,[0.25-0.30),0.275,2277,25.823451910408433,0.27130232394736525
gradient_boosting__without_odds,prob_A_and_BTTS_N,[0.30-0.35),0.32500000000000007,1038,31.88824662813102,0.3217844843622256
gradient_boosting__without_odds,prob_A_and_BTTS_N,[0.35-0.40),0.375,507,40.03944773175542,0.37257603263903993
gradient_boosting__without_odds,prob_A_and_BTTS_N,[0.40-0.45),0.42500000000000004,250,40.0,0.4213742748178653
gradient_boosting__without_odds,prob_A_and_BTTS_N,[0.45-0.50),0.475,92,48.91304347826087,0.4691371777971235
gradient_boosting__without_odds,prob_A_and_BTTS_N,[0.50-0.55),0.525,43,37.2093023255814,0.5195858179930806
gradient_boosting__without_odds,prob_1X_and_BTTS_Y,[0.05-0.10),0.07500000000000001,27,11.11111111111111,0.0823657450483802
gradient_boosting__without_odds,prob_1X_and_BTTS_Y,[0.10-0.15),0.125,111,18.01801801801802,0.128472856886859
gradient_boosting__without_odds,prob_1X_and_BTTS_Y,[0.15-0.20),0.17500000000000002,349,18.05157593123209,0.1780344569253545
gradient_boosting__without_odds,prob_1X_and_BTTS_Y,[0.20-0.25),0.225,864,23.37962962962963,0.2289261884155664
gradient_boosting__without_odds,prob_1X_and_BTTS_Y,[0.25-0.30),0.275,2316,31.519861830742656,0.2797498312016716
gradient_boosting__without_odds,prob_1X_and_BTTS_Y,[0.30-0.35),0.32500000000000007,8646,35.31112653250058,0.3305026841508158
gradient_boosting__without_odds,prob_1X_and_BTTS_Y,[0.35-0.40),0.375,58634,36.88474264078862,0.3866292495630237
gradient_boosting__without_odds,prob_1X_and_BTTS_Y,[0.40-0.45),0.42500000000000004,35622,38.5435966537533,0.4157425135861239
gradient_boosting__without_odds,prob_1X_and_BTTS_Y,[0.45-0.50),0.475,2562,41.60811865729899,0.4645800946837613
gradient_boosting__without_odds,prob_1X_and_BTTS_Y,[0.50-0.55),0.525,309,39.80582524271845,0.5179343624894346
gradient_boosting__without_odds,prob_1X_and_BTTS_Y,[0.55-0.60),0.5750000000000001,51,41.17647058823529,0.5676830212295375
gradient_boosting__without_odds,prob_12_and_BTTS_Y,[0.15-0.20),0.17500000000000002,218,31.19266055045872,0.18206442863401262
gradient_boosting__without_odds,prob_12_and_BTTS_Y,[0.20-0.25),0.225,1197,34.58646616541353,0.2312918145170388
gradient_boosting__without_odds,prob_12_and_BTTS_Y,[0.25-0.30),0.275,5650,33.769911504424776,0.28109628512236556
gradient_boosting__without_odds,prob_12_and_BTTS_Y,[0.30-0.35),0.32500000000000007,20518,33.71186275465445,0.32947605363509497
gradient_boosting__without_odds,prob_12_and_BTTS_Y,[0.35-0.40),0.375,73033,34.42416441882437,0.3663098618257186
gradient_boosting__without_odds,prob_12_and_BTTS_Y,[0.40-0.45),0.42500000000000004,7665,35.66862361382909,0.4152521043199489
gradient_boosting__without_odds,prob_12_and_BTTS_Y,[0.45-0.50),0.475,954,34.90566037735849,0.4694076220413935
gradient_boosting__without_odds,prob_12_and_BTTS_Y,[0.50-0.55),0.525,192,34.89583333333333,0.5203546164979651
gradient_boosting__without_odds,prob_12_and_BTTS_Y,[0.55-0.60),0.5750000000000001,53,39.62264150943396,0.5697925555997796
gradient_boosting__without_odds,prob_X2_and_BTTS_Y,[0.05-0.10),0.07500000000000001,268,9.701492537313433,0.08145691232881819
gradient_boosting__without_odds,prob_X2_and_BTTS_Y,[0.10-0.15),0.125,778,15.167095115681233,0.1278536980454992
gradient_boosting__without_odds,prob_X2_and_BTTS_Y,[0.15-0.20),0.17500000000000002,1696,18.514150943396228,0.17788124551217058
gradient_boosting__without_odds,prob_X2_and_BTTS_Y,[0.20-0.25),0.225,3591,25.675299359509886,0.22939013928241728
gradient_boosting__without_odds,prob_X2_and_BTTS_Y,[0.25-0.30),0.275,14118,30.02549936251594,0.28133133268144356
gradient_boosting__without_odds,prob_X2_and_BTTS_Y,[0.30-0.35),0.32500000000000007,62240,31.613110539845756,0.3298763594543941
gradient_boosting__without_odds,prob_X2_and_BTTS_Y,[0.35-0.40),0.375,18505,35.06619832477709,0.37286038920877723
gradient_boosting__without_odds,prob_X2_and_BTTS_Y,[0.40-0.45),0.42500000000000004,6741,38.64411808337042,0.4191884346515027
gradient_boosting__without_odds,prob_X2_and_BTTS_Y,[0.45-0.50),0.475,1337,40.23934181002244,0.4672052440095342
gradient_boosting__without_odds,prob_X2_and_BTTS_Y,[0.50-0.55),0.525,198,38.38383838383838,0.5180146042958348
gradient_boosting__without_odds,prob_X2_and_BTTS_Y,[0.55-0.60),0.5750000000000001,28,39.285714285714285,0.568315672607884
gradient_boosting__without_odds,prob_1X_and_BTTS_N,[0.00-0.05),0.025,65,7.6923076923076925,0.03598974941401031
gradient_boosting__without_odds,prob_1X_and_BTTS_N,[0.05-0.10),0.07500000000000001,381,13.910761154855644,0.08022860860578779
gradient_boosting__without_odds,prob_1X_and_BTTS_N,[0.10-0.15),0.125,1384,15.390173410404625,0.12976712195651857
gradient_boosting__without_odds,prob_1X_and_BTTS_N,[0.15-0.20),0.17500000000000002,3730,19.70509383378016,0.17847663083923299
gradient_boosting__without_odds,prob_1X_and_BTTS_N,[0.20-0.25),0.225,11219,25.563775737588017,0.22862986509195757
gradient_boosting__without_odds,prob_1X_and_BTTS_N,[0.25-0.30),0.275,28183,30.30550331760281,0.2830569632430096
gradient_boosting__without_odds,prob_1X_and_BTTS_N,[0.30-0.35),0.32500000000000007,48143,33.012068213447435,0.3136193870490096
gradient_boosting__without_odds,prob_1X_and_BTTS_N,[0.35-0.40),0.375,9568,36.52801003344482,0.3706894124583635
gradient_boosting__without_odds,prob_1X_and_BTTS_N,[0.40-0.45),0.42500000000000004,3650,37.917808219178085,0.42137729064886675
gradient_boosting__without_odds,prob_1X_and_BTTS_N,[0.45-0.50),0.475,1716,40.20979020979021,0.47218305176734787
gradient_boosting__without_odds,prob_1X_and_BTTS_N,[0.50-0.55),0.525,884,43.43891402714932,0.5207876680646257
gradient_boosting__without_odds,prob_1X_and_BTTS_N,[0.55-0.60),0.5750000000000001,380,52.368421052631575,0.5705610322459013
gradient_boosting__without_odds,prob_1X_and_BTTS_N,[0.60-0.65),0.625,151,49.668874172185426,0.620590022757977
gradient_boosting__without_odds,prob_1X_and_BTTS_N,[0.65-0.70),0.675,46,65.21739130434783,0.6700354393769442
gradient_boosting__without_odds,prob_12_and_BTTS_N,[0.20-0.25),0.225,36,55.55555555555556,0.23433737323999315
gradient_boosting__without_odds,prob_12_and_BTTS_N,[0.25-0.30),0.275,263,36.88212927756654,0.28291216662058183
gradient_boosting__without_odds,prob_12_and_BTTS_N,[0.30-0.35),0.32500000000000007,3815,41.36304062909568,0.337314092429592
gradient_boosting__without_odds,prob_12_and_BTTS_N,[0.35-0.40),0.375,75752,41.27415777801246,0.3837746674885647
gradient_boosting__without_odds,prob_12_and_BTTS_N,[0.40-0.45),0.42500000000000004,23253,40.59261170601643,0.4190285531215027
gradient_boosting__without_odds,prob_12_and_BTTS_N,[0.45-0.50),0.475,4715,41.69671261930011,0.46878697130142
gradient_boosting__without_odds,prob_12_and_BTTS_N,[0.50-0.55),0.525,1191,45.50797649034425,0.5192906732626005
gradient_boosting__without_odds,prob_12_and_BTTS_N,[0.55-0.60),0.5750000000000001,352,52.55681818181818,0.5694208287363997
gradient_boosting__without_odds,prob_12_and_BTTS_N,[0.60-0.65),0.625,107,53.271028037383175,0.6191709213587564
gradient_boosting__without_odds,prob_X2_and_BTTS_N,[0.00-0.05),0.025,319,3.4482758620689653,0.034250164713319244
gradient_boosting__without_odds,prob_X2_and_BTTS_N,[0.05-0.10),0.07500000000000001,1610,8.75776397515528,0.07940572391200591
gradient_boosting__without_odds,prob_X2_and_BTTS_N,[0.10-0.15),0.125,4032,15.699404761904761,0.12998960234132353
gradient_boosting__without_odds,prob_X2_and_BTTS_N,[0.15-0.20),0.17500000000000002,18894,19.323594791997458,0.17853519638733836
gradient_boosting__without_odds,prob_X2_and_BTTS_N,[0.20-0.25),0.225,64083,24.25916389682131,0.22181373770682547
gradient_boosting__without_odds,prob_X2_and_BTTS_N,[0.25-0.30),0.275,13422,27.32081656981076,0.26966638134258675
gradient_boosting__without_odds,prob_X2_and_BTTS_N,[0.30-0.35),0.32500000000000007,4272,30.407303370786515,0.32147551488684517
gradient_boosting__without_odds,prob_X2_and_BTTS_N,[0.35-0.40),0.375,1646,33.59659781287971,0.3711179337642242
gradient_boosting__without_odds,prob_X2_and_BTTS_N,[0.40-0.45),0.42500000000000004,713,38.008415147265076,0.42224133563227245
gradient_boosting__without_odds,prob_X2_and_BTTS_N,[0.45-0.50),0.475,317,43.84858044164038,0.47151380498905404
gradient_boosting__without_odds,prob_X2_and_BTTS_N,[0.50-0.55),0.525,125,44.800000000000004,0.5212002816526292
gradient_boosting__without_odds,prob_X2_and_BTTS_N,[0.55-0.60),0.5750000000000001,56,55.35714285714286,0.5696905297437628
gradient_boosting__without_odds,prob_O25_and_BTTS_Y,[0.15-0.20),0.17500000000000002,86,32.55813953488372,0.18576661197131045
gradient_boosting__without_odds,prob_O25_and_BTTS_Y,[0.20-0.25),0.225,384,42.1875,0.23115125542061676
gradient_boosting__without_odds,prob_O25_and_BTTS_Y,[0.25-0.30),0.275,1492,39.41018766756032,0.2798823016817966
gradient_boosting__without_odds,prob_O25_and_BTTS_Y,[0.30-0.35),0.32500000000000007,5123,39.976576224868246,0.33015388309477395
gradient_boosting__without_odds,prob_O25_and_BTTS_Y,[0.35-0.40),0.375,14401,39.900006943962225,0.37871849435956706
gradient_boosting__without_odds,prob_O25_and_BTTS_Y,[0.40-0.45),0.42500000000000004,65799,40.10243316767732,0.42588939888699884
gradient_boosting__without_odds,prob_O25_and_BTTS_Y,[0.45-0.50),0.475,18899,41.96518334303402,0.4683489843504198
gradient_boosting__without_odds,prob_O25_and_BTTS_Y,[0.50-0.55),0.525,2568,41.1993769470405,0.5177714697668802
gradient_boosting__without_odds,prob_O25_and_BTTS_Y,[0.55-0.60),0.5750000000000001,555,44.14414414414414,0.5695841602534721
gradient_boosting__without_odds,prob_O25_and_BTTS_Y,[0.60-0.65),0.625,130,35.38461538461539,0.6209530079062145
gradient_boosting__without_odds,prob_O25_and_BTTS_Y,[0.65-0.70),0.675,55,41.81818181818181,0.6689780209815492
gradient_boosting__without_odds,prob_O25_and_BTTS_N,[0.00-0.05),0.025,34,11.76470588235294,0.04617023138624179
gradient_boosting__without_odds,prob_O25_and_BTTS_N,[0.05-0.10),0.07500000000000001,90430,11.111356850602675,0.085913390703068
gradient_boosting__without_odds,prob_O25_and_BTTS_N,[0.10-0.15),0.125,15059,12.909223720034532,0.11350274475594746
gradient_boosting__without_odds,prob_O25_and_BTTS_N,[0.15-0.20),0.17500000000000002,2179,16.888480954566315,0.17076026026098196
gradient_boosting__without_odds,prob_O25_and_BTTS_N,[0.20-0.25),0.225,1007,22.542204568023834,0.22185042943213779
gradient_boosting__without_odds,prob_O25_and_BTTS_N,[0.25-0.30),0.275,473,22.621564482029598,0.27170898357489665
gradient_boosting__without_odds,prob_O25_and_BTTS_N,[0.30-0.35),0.32500000000000007,209,29.1866028708134,0.3217310648357838
gradient_boosting__without_odds,prob_O25_and_BTTS_N,[0.35-0.40),0.375,82,28.04878048780488,0.36937953954307806
gradient_boosting__without_odds,prob_O25_and_BTTS_N,[0.40-0.45),0.42500000000000004,33,36.36363636363637,0.4181100615685341
gradient_boosting__without_odds,prob_O35_and_BTTS_Y,[0.05-0.10),0.07500000000000001,144,20.13888888888889,0.0857268499783334
gradient_boosting__without_odds,prob_O35_and_BTTS_Y,[0.10-0.15),0.125,1112,25.179856115107913,0.13235033189970657
gradient_boosting__without_odds,prob_O35_and_BTTS_Y,[0.15-0.20),0.17500000000000002,5560,23.1294964028777,0.1808596830282815
gradient_boosting__without_odds,prob_O35_and_BTTS_Y,[0.20-0.25),0.225,18399,23.620848959182563,0.22909049798462672
gradient_boosting__without_odds,prob_O35_and_BTTS_Y,[0.25-0.30),0.275,69855,25.217951470904016,0.26903292545442037
gradient_boosting__without_odds,prob_O35_and_BTTS_Y,[0.30-0.35),0.32500000000000007,11918,26.99278402416513,0.3165300438048462
gradient_boosting__without_odds,prob_O35_and_BTTS_Y,[0.35-0.40),0.375,1795,28.022284122562674,0.3691750130593684
gradient_boosting__without_odds,prob_O35_and_BTTS_Y,[0.40-0.45),0.42500000000000004,479,26.096033402922757,0.4213246254113009
gradient_boosting__without_odds,prob_O35_and_BTTS_Y,[0.45-0.50),0.475,148,32.432432432432435,0.47050249976654573
gradient_boosting__without_odds,prob_O35_and_BTTS_Y,[0.50-0.55),0.525,68,22.058823529411764,0.5205535257105267
gradient_boosting__without_odds,prob_O35_and_BTTS_Y,[0.55-0.60),0.5750000000000001,24,37.5,0.5697145514958569
gradient_boosting__without_odds,prob_O35_and_BTTS_N,[0.00-0.05),0.025,102305,4.702604955769512,0.029794716551574497
gradient_boosting__without_odds,prob_O35_and_BTTS_N,[0.05-0.10),0.07500000000000001,5364,6.935123042505594,0.06611688494788799
gradient_boosting__without_odds,prob_O35_and_BTTS_N,[0.10-0.15),0.125,1224,11.928104575163399,0.12091224762568759
gradient_boosting__without_odds,prob_O35_and_BTTS_N,[0.15-0.20),0.17500000000000002,391,15.34526854219949,0.17059585704018435
gradient_boosting__without_odds,prob_O35_and_BTTS_N,[0.20-0.25),0.225,140,16.428571428571427,0.21902595117425036
gradient_boosting__without_odds,prob_O35_and_BTTS_N,[0.25-0.30),0.275,69,17.391304347826086,0.27105890485126394
