model,market_suffix,prob_bin_label,prob_bin_mid,num_bets,actual_win_rate_pct,avg_pred_prob,wins_in_bin,cumulative_bets_onwards,cumulative_wins_onwards,cumulative_wr_onwards
gradient_boosting_pca_without_odds,prob_12,[0.65-0.70),0.675,249,71.4859437751004,0.6922338259162454,178.0,109756,82955.0,75.58128940559058
gradient_boosting_pca_without_odds,prob_12,[0.70-0.75),0.7250000000000001,50656,72.85810170562223,0.7356792364510707,36907.0,109507,82777.0,75.59060151405846
gradient_boosting_pca_without_odds,prob_12,[0.75-0.80),0.775,49715,76.77562103992759,0.765743310894225,38169.0,58851,45870.0,77.94260080542387
gradient_boosting_pca_without_odds,prob_12,[0.80-0.85),0.8250000000000001,7325,83.31740614334471,0.8189634987933984,6103.0,9136,7701.0,84.29290718038528
gradient_boosting_pca_without_odds,prob_12,[0.85-0.90),0.875,1614,87.9182156133829,0.8674939403548263,1419.0,1811,1598.0,88.23854224185533
gradient_boosting_pca_without_odds,prob_12,[0.90-0.95),0.925,197,90.86294416243655,0.9149424305741718,179.0,197,179.0,90.86294416243655
gradient_boosting_pca_without_odds,prob_12_and_BTTS_N,[0.20-0.25),0.225,31,61.29032258064516,0.23389321648112885,19.0,109757,45287.0,41.261149630547486
gradient_boosting_pca_without_odds,prob_12_and_BTTS_N,[0.25-0.30),0.275,441,42.857142857142854,0.28324012109610935,189.0,109726,45268.0,41.255490950185006
gradient_boosting_pca_without_odds,prob_12_and_BTTS_N,[0.30-0.35),0.32500000000000007,6372,38.010043942247336,0.3347623920963036,2422.0,109285,45079.0,41.24902777142334
gradient_boosting_pca_without_odds,prob_12_and_BTTS_N,[0.35-0.40),0.375,39844,39.82531874309808,0.3799143639216733,15868.0,102913,42657.0,41.449573911945045
gradient_boosting_pca_without_odds,prob_12_and_BTTS_N,[0.40-0.45),0.42500000000000004,54343,41.93364370756123,0.41911561187802343,22788.0,63069,26789.0,42.47570121612837
gradient_boosting_pca_without_odds,prob_12_and_BTTS_N,[0.45-0.50),0.475,7610,45.34822601839685,0.46591503546493906,3451.0,8726,4001.0,45.851478340591335
gradient_boosting_pca_without_odds,prob_12_and_BTTS_N,[0.50-0.55),0.525,936,48.504273504273506,0.5182485808470874,454.0,1116,550.0,49.283154121863795
gradient_boosting_pca_without_odds,prob_12_and_BTTS_N,[0.55-0.60),0.5750000000000001,157,52.86624203821656,0.5695531315620258,83.0,180,96.0,53.333333333333336
gradient_boosting_pca_without_odds,prob_12_and_BTTS_N,[0.60-0.65),0.625,23,56.52173913043478,0.6129208385539324,13.0,23,13.0,56.52173913043478
gradient_boosting_pca_without_odds,prob_12_and_BTTS_Y,[0.15-0.20),0.17500000000000002,42,38.095238095238095,0.18429003067524577,16.0,109741,37662.0,34.31898743404926
gradient_boosting_pca_without_odds,prob_12_and_BTTS_Y,[0.20-0.25),0.225,835,30.898203592814372,0.23527563824827313,258.0,109699,37646.0,34.317541636660316
gradient_boosting_pca_without_odds,prob_12_and_BTTS_Y,[0.25-0.30),0.275,11358,30.102130656805777,0.2836710453369584,3419.0,108864,37388.0,34.343768371546155
gradient_boosting_pca_without_odds,prob_12_and_BTTS_Y,[0.30-0.35),0.32500000000000007,39069,32.38117177301697,0.3268549295303521,12651.0,97506,33969.0,34.837856131930344
gradient_boosting_pca_without_odds,prob_12_and_BTTS_Y,[0.35-0.40),0.375,42509,35.31957938318944,0.36979636196703874,15014.0,58437,21318.0,36.48031213101289
gradient_boosting_pca_without_odds,prob_12_and_BTTS_Y,[0.40-0.45),0.42500000000000004,13234,39.30028713918694,0.41860633343029363,5201.0,15928,6304.0,39.57810145655449
gradient_boosting_pca_without_odds,prob_12_and_BTTS_Y,[0.45-0.50),0.475,2158,41.890639481000925,0.46753512605102904,904.0,2694,1103.0,40.942835931700074
gradient_boosting_pca_without_odds,prob_12_and_BTTS_Y,[0.50-0.55),0.525,423,38.297872340425535,0.5204128728153633,162.0,536,199.0,37.12686567164179
gradient_boosting_pca_without_odds,prob_12_and_BTTS_Y,[0.55-0.60),0.5750000000000001,113,32.743362831858406,0.5691425953125239,37.0,113,37.0,32.743362831858406
gradient_boosting_pca_without_odds,prob_12_and_O15,[0.35-0.40),0.375,30,56.666666666666664,0.3870669301086012,17.0,109756,64019.0,58.32847406975473
gradient_boosting_pca_without_odds,prob_12_and_O15,[0.40-0.45),0.42500000000000004,441,53.96825396825397,0.4344015180856406,238.0,109726,64002.0,58.32892842170497
gradient_boosting_pca_without_odds,prob_12_and_O15,[0.45-0.50),0.475,6116,50.147155003270115,0.484219223700386,3067.0,109285,63764.0,58.34652514068719
gradient_boosting_pca_without_odds,prob_12_and_O15,[0.50-0.55),0.525,28499,53.240464577704486,0.5284837996975017,15173.0,103169,60697.0,58.83259506247032
gradient_boosting_pca_without_odds,prob_12_and_O15,[0.55-0.60),0.5750000000000001,42332,57.49314939053198,0.574783566174472,24338.0,74670,45524.0,60.966921119592875
gradient_boosting_pca_without_odds,prob_12_and_O15,[0.60-0.65),0.625,20521,62.82832220652015,0.6211568405854729,12893.0,32338,21186.0,65.51425567443874
gradient_boosting_pca_without_odds,prob_12_and_O15,[0.65-0.70),0.675,7475,67.35785953177258,0.6705715464848423,5035.0,11817,8293.0,70.17855631717018
gradient_boosting_pca_without_odds,prob_12_and_O15,[0.70-0.75),0.7250000000000001,2893,73.24576564120291,0.7210872853912383,2119.0,4342,3258.0,75.03454629203132
gradient_boosting_pca_without_odds,prob_12_and_O15,[0.75-0.80),0.775,1059,77.62039660056658,0.7702982706693736,822.0,1449,1139.0,78.60593512767426
gradient_boosting_pca_without_odds,prob_12_and_O15,[0.80-0.85),0.8250000000000001,316,79.74683544303798,0.8207636879178292,252.0,390,317.0,81.28205128205128
gradient_boosting_pca_without_odds,prob_12_and_O15,[0.85-0.90),0.875,74,87.83783783783784,0.8632588498809174,65.0,74,65.0,87.83783783783784
gradient_boosting_pca_without_odds,prob_12_and_O25,[0.25-0.30),0.275,240,35.833333333333336,0.2835441077504997,86.0,109745,50473.0,45.99116132853433
gradient_boosting_pca_without_odds,prob_12_and_O25,[0.30-0.35),0.32500000000000007,2974,39.81170141223941,0.33442234549853045,1184.0,109505,50387.0,46.013424044564175
gradient_boosting_pca_without_odds,prob_12_and_O25,[0.35-0.40),0.375,18412,39.26786878122963,0.3801521382286268,7230.0,106531,49203.0,46.1865560259455
gradient_boosting_pca_without_odds,prob_12_and_O25,[0.40-0.45),0.42500000000000004,32986,43.33353543927727,0.4254768893408537,14294.0,88119,41973.0,47.63217921220168
gradient_boosting_pca_without_odds,prob_12_and_O25,[0.45-0.50),0.475,33455,47.04528471080556,0.46951742954042386,15739.0,55133,27679.0,50.204052019661546
gradient_boosting_pca_without_odds,prob_12_and_O25,[0.50-0.55),0.525,13548,52.42102155299675,0.5213507827118675,7102.0,21678,11940.0,55.078881815665646
gradient_boosting_pca_without_odds,prob_12_and_O25,[0.55-0.60),0.5750000000000001,5028,56.74224343675418,0.5712462499639812,2853.0,8130,4838.0,59.5079950799508
gradient_boosting_pca_without_odds,prob_12_and_O25,[0.60-0.65),0.625,1960,62.142857142857146,0.6209986009441701,1218.0,3102,1985.0,63.99097356544166
gradient_boosting_pca_without_odds,prob_12_and_O25,[0.65-0.70),0.675,754,64.85411140583554,0.6703572525603868,489.0,1142,767.0,67.16287215411558
gradient_boosting_pca_without_odds,prob_12_and_O25,[0.70-0.75),0.7250000000000001,248,69.35483870967742,0.7214882267312526,172.0,388,278.0,71.64948453608247
gradient_boosting_pca_without_odds,prob_12_and_O25,[0.75-0.80),0.775,108,74.07407407407408,0.7714792418996056,80.0,140,106.0,75.71428571428571
gradient_boosting_pca_without_odds,prob_12_and_O25,[0.80-0.85),0.8250000000000001,32,81.25,0.8195033563958887,26.0,32,26.0,81.25
gradient_boosting_pca_without_odds,prob_12_and_O35,[0.05-0.10),0.07500000000000001,78,16.666666666666664,0.08937341688372903,13.0,109749,26268.0,23.934614438400352
gradient_boosting_pca_without_odds,prob_12_and_O35,[0.10-0.15),0.125,3562,17.88321167883212,0.13731533258545559,637.0,109671,26255.0,23.93978353438922
gradient_boosting_pca_without_odds,prob_12_and_O35,[0.15-0.20),0.17500000000000002,28465,19.093623748463028,0.1792465408419704,5435.0,106109,25618.0,24.143098134936718
gradient_boosting_pca_without_odds,prob_12_and_O35,[0.20-0.25),0.225,42748,22.606905586226254,0.22542017340579062,9664.0,77644,20183.0,25.994281592911232
gradient_boosting_pca_without_odds,prob_12_and_O35,[0.25-0.30),0.275,21190,27.418593676262386,0.2716555592857118,5810.0,34896,10519.0,30.143856029344335
gradient_boosting_pca_without_odds,prob_12_and_O35,[0.30-0.35),0.32500000000000007,8268,31.54329946782777,0.3208519999735452,2608.0,13706,4709.0,34.35721581788997
gradient_boosting_pca_without_odds,prob_12_and_O35,[0.35-0.40),0.375,3173,36.274818783485664,0.37138649702083254,1151.0,5438,2101.0,38.635527767561605
gradient_boosting_pca_without_odds,prob_12_and_O35,[0.40-0.45),0.42500000000000004,1307,38.56159143075746,0.42095388243858123,504.0,2265,950.0,41.94260485651214
gradient_boosting_pca_without_odds,prob_12_and_O35,[0.45-0.50),0.475,571,45.008756567425564,0.471011607756766,257.0,958,446.0,46.5553235908142
gradient_boosting_pca_without_odds,prob_12_and_O35,[0.50-0.55),0.525,201,41.7910447761194,0.5226606952553912,84.0,387,189.0,48.837209302325576
gradient_boosting_pca_without_odds,prob_12_and_O35,[0.55-0.60),0.5750000000000001,103,54.36893203883495,0.573932222823153,56.0,186,105.0,56.451612903225815
gradient_boosting_pca_without_odds,prob_12_and_O35,[0.60-0.65),0.625,63,60.317460317460316,0.6222383005390926,38.0,83,49.0,59.036144578313255
gradient_boosting_pca_without_odds,prob_12_and_O35,[0.65-0.70),0.675,20,55.00000000000001,0.6732130276837046,11.0,20,11.0,55.00000000000001
gradient_boosting_pca_without_odds,prob_12_and_O45,[0.00-0.05),0.025,160,6.875000000000001,0.04330173803968566,11.0,109728,15180.0,13.834208223972002
gradient_boosting_pca_without_odds,prob_12_and_O45,[0.05-0.10),0.07500000000000001,21332,9.64747796737296,0.08635147282426806,2058.0,109568,15169.0,13.844370619158877
gradient_boosting_pca_without_odds,prob_12_and_O45,[0.10-0.15),0.125,56753,12.758796891794265,0.12490078752030533,7241.0,88236,13111.0,14.859014461217642
gradient_boosting_pca_without_odds,prob_12_and_O45,[0.15-0.20),0.17500000000000002,22761,17.147752734941346,0.16995662020581764,3903.0,31483,5870.0,18.644983006702027
gradient_boosting_pca_without_odds,prob_12_and_O45,[0.20-0.25),0.225,6077,20.536448905710053,0.2196621777731544,1248.0,8722,1967.0,22.552166934189405
gradient_boosting_pca_without_odds,prob_12_and_O45,[0.25-0.30),0.275,1727,25.246091488129707,0.26988373030522084,436.0,2645,719.0,27.183364839319466
gradient_boosting_pca_without_odds,prob_12_and_O45,[0.30-0.35),0.32500000000000007,588,27.380952380952383,0.32039119652256504,161.0,918,283.0,30.82788671023965
gradient_boosting_pca_without_odds,prob_12_and_O45,[0.35-0.40),0.375,185,30.810810810810814,0.37381605350461383,57.0,330,122.0,36.96969696969697
gradient_boosting_pca_without_odds,prob_12_and_O45,[0.40-0.45),0.42500000000000004,89,37.07865168539326,0.42521149984930146,33.0,145,65.0,44.827586206896555
gradient_boosting_pca_without_odds,prob_12_and_O45,[0.45-0.50),0.475,56,57.14285714285714,0.47484193756281723,32.0,56,32.0,57.14285714285714
gradient_boosting_pca_without_odds,prob_12_and_U15,[0.00-0.05),0.025,116,5.172413793103448,0.039473491174039685,6.0,109750,18937.0,17.254669703872437
gradient_boosting_pca_without_odds,prob_12_and_U15,[0.05-0.10),0.07500000000000001,1558,11.10397946084724,0.08519940167199284,173.0,109634,18931.0,17.267453527190472
gradient_boosting_pca_without_odds,prob_12_and_U15,[0.10-0.15),0.125,18008,13.721679253665037,0.13322496388541133,2471.0,108076,18758.0,17.35630482253229
gradient_boosting_pca_without_odds,prob_12_and_U15,[0.15-0.20),0.17500000000000002,63040,17.211294416243657,0.17650457750476548,10850.0,90068,16287.0,18.08300395256917
gradient_boosting_pca_without_odds,prob_12_and_U15,[0.20-0.25),0.225,26213,20.10071338648762,0.21562832604887364,5269.0,27028,5437.0,20.116175817670566
gradient_boosting_pca_without_odds,prob_12_and_U15,[0.25-0.30),0.275,815,20.61349693251534,0.26080664809167686,168.0,815,168.0,20.61349693251534
gradient_boosting_pca_without_odds,prob_12_and_U25,[0.05-0.10),0.07500000000000001,47,8.51063829787234,0.08056338384271766,4.0,109755,32477.0,29.590451460070156
gradient_boosting_pca_without_odds,prob_12_and_U25,[0.10-0.15),0.125,232,19.82758620689655,0.1299750236642648,46.0,109708,32473.0,29.599482262004596
gradient_boosting_pca_without_odds,prob_12_and_U25,[0.15-0.20),0.17500000000000002,1145,22.62008733624454,0.18280616391856414,259.0,109476,32427.0,29.620190726734624
gradient_boosting_pca_without_odds,prob_12_and_U25,[0.20-0.25),0.225,8465,24.548139397519197,0.23257829863480675,2078.0,108331,32168.0,29.69417802844984
gradient_boosting_pca_without_odds,prob_12_and_U25,[0.25-0.30),0.275,35176,27.930975665226292,0.2788356473662073,9825.0,99866,30090.0,30.130374702100816
gradient_boosting_pca_without_odds,prob_12_and_U25,[0.30-0.35),0.32500000000000007,53027,31.06530635336715,0.32121209714949045,16473.0,64690,20265.0,31.326325552635648
gradient_boosting_pca_without_odds,prob_12_and_U25,[0.35-0.40),0.375,11316,32.48497702368328,0.3642309740409828,3676.0,11663,3792.0,32.513075538026236
gradient_boosting_pca_without_odds,prob_12_and_U25,[0.40-0.45),0.42500000000000004,347,33.429394812680115,0.41207668619896104,116.0,347,116.0,33.429394812680115
gradient_boosting_pca_without_odds,prob_12_and_U35,[0.20-0.25),0.225,26,30.76923076923077,0.23012278987432658,8.0,109745,56678.0,51.645177456831746
gradient_boosting_pca_without_odds,prob_12_and_U35,[0.25-0.30),0.275,87,33.33333333333333,0.27463523596684597,29.0,109719,56670.0,51.65012440871681
gradient_boosting_pca_without_odds,prob_12_and_U35,[0.30-0.35),0.32500000000000007,198,41.91919191919192,0.3275562910988812,83.0,109632,56641.0,51.66465995329831
gradient_boosting_pca_without_odds,prob_12_and_U35,[0.35-0.40),0.375,689,46.00870827285922,0.38034037020260214,317.0,109434,56558.0,51.68229252334741
gradient_boosting_pca_without_odds,prob_12_and_U35,[0.40-0.45),0.42500000000000004,3532,46.03624009060023,0.43194713056045003,1626.0,108745,56241.0,51.71823991907674
gradient_boosting_pca_without_odds,prob_12_and_U35,[0.45-0.50),0.475,19630,49.0728476821192,0.48135583058621384,9633.0,105213,54615.0,51.90898463117676
gradient_boosting_pca_without_odds,prob_12_and_U35,[0.50-0.55),0.525,62899,52.04534253326762,0.5265655817815933,32736.0,85583,44982.0,52.559503639741536
gradient_boosting_pca_without_odds,prob_12_and_U35,[0.55-0.60),0.5750000000000001,22616,53.983905199858505,0.5620964490763151,12209.0,22684,12246.0,53.98518779756657
gradient_boosting_pca_without_odds,prob_12_and_U35,[0.60-0.65),0.625,68,54.41176470588235,0.6072185284521313,37.0,68,37.0,54.41176470588235
gradient_boosting_pca_without_odds,prob_12_and_U45,[0.35-0.40),0.375,31,35.483870967741936,0.37540147263276047,11.0,109743,67755.0,61.739700937645225
gradient_boosting_pca_without_odds,prob_12_and_U45,[0.40-0.45),0.42500000000000004,93,49.46236559139785,0.4260446938482996,46.0,109712,67744.0,61.74711973166107
gradient_boosting_pca_without_odds,prob_12_and_U45,[0.45-0.50),0.475,251,58.16733067729084,0.48024730684680994,146.0,109619,67698.0,61.75754203194702
gradient_boosting_pca_without_odds,prob_12_and_U45,[0.50-0.55),0.525,1151,57.080799304952215,0.5330388340728341,657.0,109368,67552.0,61.76578158144979
gradient_boosting_pca_without_odds,prob_12_and_U45,[0.55-0.60),0.5750000000000001,14397,59.54018198235743,0.5850345184310081,8572.0,108217,66895.0,61.815611225593024
gradient_boosting_pca_without_odds,prob_12_and_U45,[0.60-0.65),0.625,88873,62.07622112452601,0.6262309636783862,55169.0,93820,58323.0,62.164783628224264
gradient_boosting_pca_without_odds,prob_12_and_U45,[0.65-0.70),0.675,4921,63.7065637065637,0.6586130460324473,3135.0,4947,3154.0,63.755811602991706
gradient_boosting_pca_without_odds,prob_12_and_U45,[0.70-0.75),0.7250000000000001,26,73.07692307692307,0.7076344843990813,19.0,26,19.0,73.07692307692307
gradient_boosting_pca_without_odds,prob_1X,[0.10-0.15),0.125,31,12.903225806451612,0.1304512761586994,4.0,109757,75341.0,68.64345782045793
gradient_boosting_pca_without_odds,prob_1X,[0.15-0.20),0.17500000000000002,63,25.396825396825395,0.17842818164714136,16.0,109726,75337.0,68.65920565772925
gradient_boosting_pca_without_odds,prob_1X,[0.20-0.25),0.225,174,22.988505747126435,0.22829468090692362,40.0,109663,75321.0,68.68405934544924
gradient_boosting_pca_without_odds,prob_1X,[0.25-0.30),0.275,322,21.73913043478261,0.27779295736927273,70.0,109489,75281.0,68.75667875311674
gradient_boosting_pca_without_odds,prob_1X,[0.30-0.35),0.32500000000000007,685,28.759124087591243,0.3272906456019122,197.0,109167,75211.0,68.89536215156595
gradient_boosting_pca_without_odds,prob_1X,[0.35-0.40),0.375,1214,32.948929159802304,0.3778075332737494,400.0,108482,75014.0,69.14879887907671
gradient_boosting_pca_without_odds,prob_1X,[0.40-0.45),0.42500000000000004,1890,38.99470899470899,0.42734871338452773,737.0,107268,74614.0,69.55848901816012
gradient_boosting_pca_without_odds,prob_1X,[0.45-0.50),0.475,3228,44.578686493184634,0.47703446455888526,1439.0,105378,73877.0,70.10666362997969
gradient_boosting_pca_without_odds,prob_1X,[0.50-0.55),0.525,5431,51.003498434910696,0.5267908731181642,2770.0,102150,72438.0,70.91336270190895
gradient_boosting_pca_without_odds,prob_1X,[0.55-0.60),0.5750000000000001,8599,55.48319572043261,0.5770230915482568,4771.0,96719,69668.0,72.03134854578728
gradient_boosting_pca_without_odds,prob_1X,[0.60-0.65),0.625,12924,61.629526462395546,0.6264308980726047,7965.0,88120,64897.0,73.64616432137994
gradient_boosting_pca_without_odds,prob_1X,[0.65-0.70),0.675,23817,68.80379560817903,0.6785296901943495,16387.0,75196,56932.0,75.71147401457524
gradient_boosting_pca_without_odds,prob_1X,[0.70-0.75),0.7250000000000001,19780,74.07482305358948,0.7244087062092336,14652.0,51379,40545.0,78.91356390743299
gradient_boosting_pca_without_odds,prob_1X,[0.75-0.80),0.775,15279,78.0221218666143,0.7730615796262628,11921.0,31599,25893.0,81.94246653375107
gradient_boosting_pca_without_odds,prob_1X,[0.80-0.85),0.8250000000000001,9396,82.65219242230737,0.8226327418545675,7766.0,16320,13972.0,85.61274509803921
gradient_boosting_pca_without_odds,prob_1X,[0.85-0.90),0.875,4819,87.92280556131978,0.8719457927268764,4237.0,6924,6206.0,89.63027151935297
gradient_boosting_pca_without_odds,prob_1X,[0.90-0.95),0.925,1908,93.13417190775681,0.918633708812195,1777.0,2105,1969.0,93.53919239904988
gradient_boosting_pca_without_odds,prob_1X,[0.95-1.00),0.9750000000000001,197,97.46192893401016,0.9596932687698458,192.0,197,192.0,97.46192893401016
gradient_boosting_pca_without_odds,prob_1X_and_BTTS_N,[0.00-0.05),0.025,183,7.103825136612022,0.03404109717788695,13.0,109755,34608.0,31.53204865381987
gradient_boosting_pca_without_odds,prob_1X_and_BTTS_N,[0.05-0.10),0.07500000000000001,888,10.022522522522523,0.08107269949414717,89.0,109572,34595.0,31.572847077720585
gradient_boosting_pca_without_odds,prob_1X_and_BTTS_N,[0.10-0.15),0.125,3020,13.675496688741722,0.12918784878714754,413.0,108684,34506.0,31.748923484597547
gradient_boosting_pca_without_odds,prob_1X_and_BTTS_N,[0.15-0.20),0.17500000000000002,7112,18.48987626546682,0.17824166459471463,1315.0,105664,34093.0,32.265483040581465
gradient_boosting_pca_without_odds,prob_1X_and_BTTS_N,[0.20-0.25),0.225,13337,23.131138936792382,0.22717495564506326,3085.0,98552,32778.0,33.25959899342479
gradient_boosting_pca_without_odds,prob_1X_and_BTTS_N,[0.25-0.30),0.275,21628,28.555576105049013,0.27651025293225745,6176.0,85215,29693.0,34.84480431848853
gradient_boosting_pca_without_odds,prob_1X_and_BTTS_N,[0.30-0.35),0.32500000000000007,32169,33.81205508408717,0.3214452223839197,10877.0,63587,23517.0,36.98397471181216
gradient_boosting_pca_without_odds,prob_1X_and_BTTS_N,[0.35-0.40),0.375,18827,37.63212407712328,0.3724328846105994,7085.0,31418,12640.0,40.23171430390222
gradient_boosting_pca_without_odds,prob_1X_and_BTTS_N,[0.40-0.45),0.42500000000000004,8732,42.55611543747137,0.4205745964320442,3716.0,12591,5555.0,44.118815026606306
gradient_boosting_pca_without_odds,prob_1X_and_BTTS_N,[0.45-0.50),0.475,2842,46.586910626319494,0.4697184934715902,1324.0,3859,1839.0,47.654832858253435
gradient_boosting_pca_without_odds,prob_1X_and_BTTS_N,[0.50-0.55),0.525,772,49.611398963730565,0.5193182632256474,383.0,1017,515.0,50.63913470993116
gradient_boosting_pca_without_odds,prob_1X_and_BTTS_N,[0.55-0.60),0.5750000000000001,190,51.05263157894737,0.5684344615841003,97.0,245,132.0,53.87755102040816
gradient_boosting_pca_without_odds,prob_1X_and_BTTS_N,[0.60-0.65),0.625,55,63.63636363636363,0.6161103479021003,35.0,55,35.0,63.63636363636363
gradient_boosting_pca_without_odds,prob_1X_and_BTTS_Y,[0.10-0.15),0.125,101,13.861386138613863,0.13203957209338169,14.0,109746,40728.0,37.111147558908755
gradient_boosting_pca_without_odds,prob_1X_and_BTTS_Y,[0.15-0.20),0.17500000000000002,411,18.491484184914842,0.1798110948309822,76.0,109645,40714.0,37.13256418441333
gradient_boosting_pca_without_odds,prob_1X_and_BTTS_Y,[0.20-0.25),0.225,1427,19.48142957252978,0.22902785760677877,278.0,109234,40638.0,37.20270245527949
gradient_boosting_pca_without_odds,prob_1X_and_BTTS_Y,[0.25-0.30),0.275,4673,26.193023753477423,0.28084405247712174,1224.0,107807,40360.0,37.43727216229002
gradient_boosting_pca_without_odds,prob_1X_and_BTTS_Y,[0.30-0.35),0.32500000000000007,19901,32.20943671172303,0.3302224361027575,6410.0,103134,39136.0,37.94674888979387
gradient_boosting_pca_without_odds,prob_1X_and_BTTS_Y,[0.35-0.40),0.375,48003,37.33308334895736,0.3758998762135464,17921.0,83233,32726.0,39.318539521583986
gradient_boosting_pca_without_odds,prob_1X_and_BTTS_Y,[0.40-0.45),0.42500000000000004,27194,41.259101272339485,0.4216721830979612,11220.0,35230,14805.0,42.02384331535623
gradient_boosting_pca_without_odds,prob_1X_and_BTTS_Y,[0.45-0.50),0.475,7363,44.39766399565394,0.46747477000491433,3269.0,8036,3585.0,44.61174713787954
gradient_boosting_pca_without_odds,prob_1X_and_BTTS_Y,[0.50-0.55),0.525,640,47.03125,0.5137591675597019,301.0,673,316.0,46.95393759286775
gradient_boosting_pca_without_odds,prob_1X_and_BTTS_Y,[0.55-0.60),0.5750000000000001,33,45.45454545454545,0.5647940652795919,15.0,33,15.0,45.45454545454545
gradient_boosting_pca_without_odds,prob_1X_and_O15,[0.10-0.15),0.125,64,15.625,0.13195535071419012,10.0,109743,56899.0,51.84749824590179
gradient_boosting_pca_without_odds,prob_1X_and_O15,[0.15-0.20),0.17500000000000002,253,18.972332015810274,0.1791354830012696,48.0,109679,56889.0,51.86863483438032
gradient_boosting_pca_without_odds,prob_1X_and_O15,[0.20-0.25),0.225,691,19.247467438494937,0.22916239368715602,133.0,109426,56841.0,51.94469321733409
gradient_boosting_pca_without_odds,prob_1X_and_O15,[0.25-0.30),0.275,1485,24.309764309764308,0.27731219422411973,361.0,108735,56708.0,52.15248080194969
gradient_boosting_pca_without_odds,prob_1X_and_O15,[0.30-0.35),0.32500000000000007,3213,30.469965764083412,0.32834395894044904,979.0,107250,56347.0,52.53799533799533
gradient_boosting_pca_without_odds,prob_1X_and_O15,[0.35-0.40),0.375,6973,35.23590993833357,0.3778434621351586,2457.0,104037,55368.0,53.21952766804118
gradient_boosting_pca_without_odds,prob_1X_and_O15,[0.40-0.45),0.42500000000000004,12926,42.27139099489401,0.4268693218649721,5464.0,97064,52911.0,54.51145635869117
gradient_boosting_pca_without_odds,prob_1X_and_O15,[0.45-0.50),0.475,19105,46.87254645380791,0.47631812764914927,8955.0,84138,47447.0,56.39188000665574
gradient_boosting_pca_without_odds,prob_1X_and_O15,[0.50-0.55),0.525,26850,52.487895716946,0.5233632477529405,14093.0,65033,38492.0,59.18841203696584
gradient_boosting_pca_without_odds,prob_1X_and_O15,[0.55-0.60),0.5750000000000001,15567,57.981627802402514,0.5732805316347293,9026.0,38183,24399.0,63.90016499489302
gradient_boosting_pca_without_odds,prob_1X_and_O15,[0.60-0.65),0.625,9995,63.11155577788894,0.6233650883875133,6308.0,22616,15373.0,67.97400070746374
gradient_boosting_pca_without_odds,prob_1X_and_O15,[0.65-0.70),0.675,6154,66.85082872928176,0.6729942586404634,4114.0,12621,9065.0,71.82473655019412
gradient_boosting_pca_without_odds,prob_1X_and_O15,[0.70-0.75),0.7250000000000001,3575,73.37062937062937,0.7223041015527606,2623.0,6467,4951.0,76.55790938611412
gradient_boosting_pca_without_odds,prob_1X_and_O15,[0.75-0.80),0.775,1935,79.58656330749353,0.7725103435137165,1540.0,2892,2328.0,80.49792531120332
gradient_boosting_pca_without_odds,prob_1X_and_O15,[0.80-0.85),0.8250000000000001,776,81.70103092783505,0.820012554188589,634.0,957,788.0,82.34064785788924
gradient_boosting_pca_without_odds,prob_1X_and_O15,[0.85-0.90),0.875,181,85.0828729281768,0.8693216450132095,154.0,181,154.0,85.0828729281768
gradient_boosting_pca_without_odds,prob_1X_and_O25,[0.05-0.10),0.07500000000000001,216,10.185185185185185,0.08477016384694788,22.0,109750,36412.0,33.177220956719815
gradient_boosting_pca_without_odds,prob_1X_and_O25,[0.10-0.15),0.125,1229,14.239218877135883,0.13068019564308486,175.0,109534,36390.0,33.222561031277955
gradient_boosting_pca_without_odds,prob_1X_and_O25,[0.15-0.20),0.17500000000000002,4652,17.798796216680998,0.1804338438845359,828.0,108305,36215.0,33.437976086053276
gradient_boosting_pca_without_odds,prob_1X_and_O25,[0.20-0.25),0.225,13771,22.111683973567644,0.22831937273294184,3045.0,103653,35387.0,34.139870529555346
gradient_boosting_pca_without_odds,prob_1X_and_O25,[0.25-0.30),0.275,23284,27.271946400962033,0.2763580016563704,6350.0,89882,32342.0,35.98273291649051
gradient_boosting_pca_without_odds,prob_1X_and_O25,[0.30-0.35),0.32500000000000007,29282,32.5558363499761,0.32529097084518127,9533.0,66598,25992.0,39.028199045016365
gradient_boosting_pca_without_odds,prob_1X_and_O25,[0.35-0.40),0.375,15531,38.014293992659844,0.3732107049081282,5904.0,37316,16459.0,44.10708543252224
gradient_boosting_pca_without_odds,prob_1X_and_O25,[0.40-0.45),0.42500000000000004,9451,42.9478362078087,0.42302993717754883,4059.0,21785,10555.0,48.45076887766812
gradient_boosting_pca_without_odds,prob_1X_and_O25,[0.45-0.50),0.475,5623,47.270140494398014,0.4729021969325105,2658.0,12334,6496.0,52.667423382519864
gradient_boosting_pca_without_odds,prob_1X_and_O25,[0.50-0.55),0.525,3317,52.54748266505879,0.5223622596417188,1743.0,6711,3838.0,57.189688571002826
gradient_boosting_pca_without_odds,prob_1X_and_O25,[0.55-0.60),0.5750000000000001,1820,58.40659340659341,0.5722216705703639,1063.0,3394,2095.0,61.72657631113731
gradient_boosting_pca_without_odds,prob_1X_and_O25,[0.60-0.65),0.625,972,62.757201646090536,0.6212607624154085,610.0,1574,1032.0,65.56543837357052
gradient_boosting_pca_without_odds,prob_1X_and_O25,[0.65-0.70),0.675,429,69.23076923076923,0.67037977549246,297.0,602,422.0,70.09966777408638
gradient_boosting_pca_without_odds,prob_1X_and_O25,[0.70-0.75),0.7250000000000001,126,68.25396825396825,0.720009183819133,86.0,173,125.0,72.25433526011561
gradient_boosting_pca_without_odds,prob_1X_and_O25,[0.75-0.80),0.775,47,82.97872340425532,0.7700614411048183,39.0,47,39.0,82.97872340425532
gradient_boosting_pca_without_odds,prob_1X_and_O35,[0.00-0.05),0.025,71,9.859154929577464,0.0413926068398395,7.0,109756,22388.0,20.397973687087724
gradient_boosting_pca_without_odds,prob_1X_and_O35,[0.05-0.10),0.07500000000000001,2020,9.702970297029703,0.08519460157650596,196.0,109685,22381.0,20.404795550895745
gradient_boosting_pca_without_odds,prob_1X_and_O35,[0.10-0.15),0.125,18529,12.898699336175726,0.13142624359437674,2390.0,107665,22185.0,20.60558212975433
gradient_boosting_pca_without_odds,prob_1X_and_O35,[0.15-0.20),0.17500000000000002,36938,17.028534300720125,0.174965685713386,6290.0,89136,19795.0,22.207637767007718
gradient_boosting_pca_without_odds,prob_1X_and_O35,[0.20-0.25),0.225,30106,22.105228193715536,0.2189529278290047,6655.0,52198,13505.0,25.872638798421395
gradient_boosting_pca_without_odds,prob_1X_and_O35,[0.25-0.30),0.275,11714,27.334813044220592,0.27202626251043066,3202.0,22092,6850.0,31.006699257649828
gradient_boosting_pca_without_odds,prob_1X_and_O35,[0.30-0.35),0.32500000000000007,5609,31.360313781422715,0.3222197956003361,1759.0,10378,3648.0,35.1512815571401
gradient_boosting_pca_without_odds,prob_1X_and_O35,[0.35-0.40),0.375,2677,35.861038475905865,0.37201941067816297,960.0,4769,1889.0,39.6099811281191
gradient_boosting_pca_without_odds,prob_1X_and_O35,[0.40-0.45),0.42500000000000004,1281,42.54488680718189,0.42168802323832527,545.0,2092,929.0,44.40726577437859
gradient_boosting_pca_without_odds,prob_1X_and_O35,[0.45-0.50),0.475,538,45.539033457249076,0.4727242716262694,245.0,811,384.0,47.348951911220716
gradient_boosting_pca_without_odds,prob_1X_and_O35,[0.50-0.55),0.525,184,46.73913043478261,0.5197955128280137,86.0,273,139.0,50.91575091575091
gradient_boosting_pca_without_odds,prob_1X_and_O35,[0.55-0.60),0.5750000000000001,58,60.3448275862069,0.5698235249671342,35.0,89,53.0,59.55056179775281
gradient_boosting_pca_without_odds,prob_1X_and_O35,[0.60-0.65),0.625,31,58.06451612903226,0.6179475871021697,18.0,31,18.0,58.06451612903226
gradient_boosting_pca_without_odds,prob_1X_and_O45,[0.00-0.05),0.025,10349,4.425548362160595,0.040928263177366066,458.0,109751,10259.0,9.347523029402922
gradient_boosting_pca_without_odds,prob_1X_and_O45,[0.05-0.10),0.07500000000000001,65053,7.493889597712634,0.0759701046682443,4875.0,99402,9801.0,9.85996257620571
gradient_boosting_pca_without_odds,prob_1X_and_O45,[0.10-0.15),0.125,23479,12.253503130457004,0.12014802012454347,2877.0,34349,4926.0,14.341028850912691
gradient_boosting_pca_without_odds,prob_1X_and_O45,[0.15-0.20),0.17500000000000002,7145,17.01889433170049,0.17061721410717984,1216.0,10870,2049.0,18.850045998160073
gradient_boosting_pca_without_odds,prob_1X_and_O45,[0.20-0.25),0.225,2498,20.89671737389912,0.2210908296054824,522.0,3725,833.0,22.36241610738255
gradient_boosting_pca_without_odds,prob_1X_and_O45,[0.25-0.30),0.275,840,22.976190476190474,0.27076561049568876,193.0,1227,311.0,25.34637326813366
gradient_boosting_pca_without_odds,prob_1X_and_O45,[0.30-0.35),0.32500000000000007,278,28.41726618705036,0.31826981141559124,79.0,387,118.0,30.490956072351423
gradient_boosting_pca_without_odds,prob_1X_and_O45,[0.35-0.40),0.375,77,31.16883116883117,0.3697733588305457,24.0,109,39.0,35.77981651376147
gradient_boosting_pca_without_odds,prob_1X_and_O45,[0.40-0.45),0.42500000000000004,32,46.875,0.42356952690742233,15.0,32,15.0,46.875
gradient_boosting_pca_without_odds,prob_1X_and_U15,[0.00-0.05),0.025,456,6.578947368421052,0.03522678745653094,30.0,109751,18433.0,16.79529115907828
gradient_boosting_pca_without_odds,prob_1X_and_U15,[0.05-0.10),0.07500000000000001,4687,9.30232558139535,0.08410580949945587,436.0,109295,18403.0,16.837915732650167
gradient_boosting_pca_without_odds,prob_1X_and_U15,[0.10-0.15),0.125,30408,13.614838200473558,0.1302756218116735,4140.0,104608,17967.0,17.17555062710309
gradient_boosting_pca_without_odds,prob_1X_and_U15,[0.15-0.20),0.17500000000000002,55475,17.878323569175304,0.17305528875225573,9918.0,74200,13827.0,18.63477088948787
gradient_boosting_pca_without_odds,prob_1X_and_U15,[0.20-0.25),0.225,17388,20.92247527030136,0.2165003336263685,3638.0,18725,3909.0,20.875834445927904
gradient_boosting_pca_without_odds,prob_1X_and_U15,[0.25-0.30),0.275,1260,20.555555555555554,0.26423376172704055,259.0,1337,271.0,20.269259536275243
gradient_boosting_pca_without_odds,prob_1X_and_U15,[0.30-0.35),0.32500000000000007,77,15.584415584415584,0.3160603291767563,12.0,77,12.0,15.584415584415584
gradient_boosting_pca_without_odds,prob_1X_and_U25,[0.00-0.05),0.025,27,7.4074074074074066,0.0370026849023891,2.0,109755,38924.0,35.46444353332422
gradient_boosting_pca_without_odds,prob_1X_and_U25,[0.05-0.10),0.07500000000000001,161,9.937888198757763,0.0776084447535131,16.0,109728,38922.0,35.47134733158355
gradient_boosting_pca_without_odds,prob_1X_and_U25,[0.10-0.15),0.125,456,15.131578947368421,0.12929931063053174,69.0,109567,38906.0,35.50886672081923
gradient_boosting_pca_without_odds,prob_1X_and_U25,[0.15-0.20),0.17500000000000002,1399,16.654753395282345,0.17923394925247987,233.0,109111,38837.0,35.594028099824946
gradient_boosting_pca_without_odds,prob_1X_and_U25,[0.20-0.25),0.225,4127,21.904531136418708,0.22892249463334907,904.0,107712,38604.0,35.840017825311946
gradient_boosting_pca_without_odds,prob_1X_and_U25,[0.25-0.30),0.275,12135,27.482488669138856,0.2790080219753135,3335.0,103585,37700.0,36.395230969734996
gradient_boosting_pca_without_odds,prob_1X_and_U25,[0.30-0.35),0.32500000000000007,26287,33.47281926427512,0.3275443631369593,8799.0,91450,34365.0,37.5779114270093
gradient_boosting_pca_without_odds,prob_1X_and_U25,[0.35-0.40),0.375,40661,37.86429256535747,0.37166425695090577,15396.0,65163,25566.0,39.23392109018921
gradient_boosting_pca_without_odds,prob_1X_and_U25,[0.40-0.45),0.42500000000000004,20397,41.290385841055055,0.4200250619236736,8422.0,24502,10170.0,41.506815770141216
gradient_boosting_pca_without_odds,prob_1X_and_U25,[0.45-0.50),0.475,3730,42.573726541554954,0.4664859317104763,1588.0,4105,1748.0,42.58221680876979
gradient_boosting_pca_without_odds,prob_1X_and_U25,[0.50-0.55),0.525,343,41.98250728862974,0.5173458911980828,144.0,375,160.0,42.66666666666667
gradient_boosting_pca_without_odds,prob_1X_and_U25,[0.55-0.60),0.5750000000000001,32,50.0,0.5680309980478477,16.0,32,16.0,50.0
gradient_boosting_pca_without_odds,prob_1X_and_U35,[0.05-0.10),0.07500000000000001,77,11.688311688311687,0.07935140177974805,9.0,109748,52948.0,48.24507052520319
gradient_boosting_pca_without_odds,prob_1X_and_U35,[0.10-0.15),0.125,174,15.517241379310345,0.128814212963516,27.0,109671,52939.0,48.27073702254926
gradient_boosting_pca_without_odds,prob_1X_and_U35,[0.15-0.20),0.17500000000000002,420,18.571428571428573,0.17795180928613655,78.0,109497,52912.0,48.32278509913513
gradient_boosting_pca_without_odds,prob_1X_and_U35,[0.20-0.25),0.225,994,21.026156941649898,0.22860218140696376,209.0,109077,52834.0,48.437342427826216
gradient_boosting_pca_without_odds,prob_1X_and_U35,[0.25-0.30),0.275,2078,25.264677574590955,0.27773203541847874,525.0,108083,52625.0,48.68943312084232
gradient_boosting_pca_without_odds,prob_1X_and_U35,[0.30-0.35),0.32500000000000007,4032,31.770833333333332,0.32817189195924956,1281.0,106005,52100.0,49.14862506485543
gradient_boosting_pca_without_odds,prob_1X_and_U35,[0.35-0.40),0.375,7861,37.959547131408215,0.37743881260195233,2984.0,101973,50819.0,49.83574083335785
gradient_boosting_pca_without_odds,prob_1X_and_U35,[0.40-0.45),0.42500000000000004,14541,42.81686266419091,0.42780423001702356,6226.0,94112,47835.0,50.82773716422986
gradient_boosting_pca_without_odds,prob_1X_and_U35,[0.45-0.50),0.475,31534,48.94716813598021,0.47728838359327214,15435.0,79571,41609.0,52.291664048459864
gradient_boosting_pca_without_odds,prob_1X_and_U35,[0.50-0.55),0.525,29642,52.94514540179475,0.524271198583535,15694.0,48037,26174.0,54.487166142764956
gradient_boosting_pca_without_odds,prob_1X_and_U35,[0.55-0.60),0.5750000000000001,15307,56.69301626706735,0.5698705963201655,8678.0,18395,10480.0,56.97200326175591
gradient_boosting_pca_without_odds,prob_1X_and_U35,[0.60-0.65),0.625,2791,58.366176997491934,0.6161480008670362,1629.0,3088,1802.0,58.354922279792746
gradient_boosting_pca_without_odds,prob_1X_and_U35,[0.65-0.70),0.675,266,56.390977443609025,0.6673829319513483,150.0,297,173.0,58.24915824915825
gradient_boosting_pca_without_odds,prob_1X_and_U35,[0.70-0.75),0.7250000000000001,31,74.19354838709677,0.7175935322473449,23.0,31,23.0,74.19354838709677
gradient_boosting_pca_without_odds,prob_1X_and_U45,[0.05-0.10),0.07500000000000001,24,12.5,0.0845533285601648,3.0,109758,65077.0,59.29135006104339
gradient_boosting_pca_without_odds,prob_1X_and_U45,[0.10-0.15),0.125,65,18.461538461538463,0.1274120748253073,12.0,109734,65074.0,59.30158382998888
gradient_boosting_pca_without_odds,prob_1X_and_U45,[0.15-0.20),0.17500000000000002,143,19.58041958041958,0.17857952040346753,28.0,109669,65062.0,59.325789420893784
gradient_boosting_pca_without_odds,prob_1X_and_U45,[0.20-0.25),0.225,324,19.1358024691358,0.2269754633470877,62.0,109526,65034.0,59.37768201157716
gradient_boosting_pca_without_odds,prob_1X_and_U45,[0.25-0.30),0.275,672,25.148809523809522,0.2789056080445914,169.0,109202,64972.0,59.49707880808044
gradient_boosting_pca_without_odds,prob_1X_and_U45,[0.30-0.35),0.32500000000000007,1328,30.57228915662651,0.3279270919171926,406.0,108530,64803.0,59.70975767069013
gradient_boosting_pca_without_odds,prob_1X_and_U45,[0.35-0.40),0.375,2249,33.259226322810136,0.3772600153449839,748.0,107202,64397.0,60.070707636051566
gradient_boosting_pca_without_odds,prob_1X_and_U45,[0.40-0.45),0.42500000000000004,4121,41.00946372239748,0.4279926719684538,1690.0,104953,63649.0,60.645241203205245
gradient_boosting_pca_without_odds,prob_1X_and_U45,[0.45-0.50),0.475,6883,47.20325439488595,0.47722496094776745,3249.0,100832,61959.0,61.44775468105364
gradient_boosting_pca_without_odds,prob_1X_and_U45,[0.50-0.55),0.525,11679,51.45988526414933,0.527231089365307,6010.0,93949,58710.0,62.49135169081097
gradient_boosting_pca_without_odds,prob_1X_and_U45,[0.55-0.60),0.5750000000000001,25232,59.10748256182625,0.5804358126838931,14914.0,82270,52700.0,64.05737206758235
gradient_boosting_pca_without_odds,prob_1X_and_U45,[0.60-0.65),0.625,26702,63.42970564002697,0.625921982348322,16937.0,57038,37786.0,66.24706336126792
gradient_boosting_pca_without_odds,prob_1X_and_U45,[0.65-0.70),0.675,22540,67.92812777284827,0.6725869248252665,15311.0,30336,20849.0,68.72692510548524
gradient_boosting_pca_without_odds,prob_1X_and_U45,[0.70-0.75),0.7250000000000001,7107,70.90192767693823,0.7173189261663361,5039.0,7796,5538.0,71.03642893791688
gradient_boosting_pca_without_odds,prob_1X_and_U45,[0.75-0.80),0.775,645,72.24806201550388,0.7647671365177128,466.0,689,499.0,72.42380261248186
gradient_boosting_pca_without_odds,prob_1X_and_U45,[0.80-0.85),0.8250000000000001,44,75.0,0.8157561127200634,33.0,44,33.0,75.0
gradient_boosting_pca_without_odds,prob_A,[0.00-0.05),0.025,197,2.5380710659898478,0.04030673123015411,5.0,109757,34416.0,31.35654217954208
gradient_boosting_pca_without_odds,prob_A,[0.05-0.10),0.07500000000000001,1908,6.865828092243187,0.0813662911878049,131.0,109560,34411.0,31.408360715589634
gradient_boosting_pca_without_odds,prob_A,[0.10-0.15),0.125,4819,12.077194438680223,0.12805420727312355,582.0,107652,34280.0,31.84334708133616
gradient_boosting_pca_without_odds,prob_A,[0.15-0.20),0.17500000000000002,9396,17.347807577692635,0.1773672581454325,1630.0,102833,33698.0,32.769636206276196
gradient_boosting_pca_without_odds,prob_A,[0.20-0.25),0.225,15279,21.97787813338569,0.22693842037373738,3358.0,93437,32068.0,34.32045121311686
gradient_boosting_pca_without_odds,prob_A,[0.25-0.30),0.275,19780,25.925176946410517,0.27559129379076636,5128.0,78158,28710.0,36.73328386089716
gradient_boosting_pca_without_odds,prob_A,[0.30-0.35),0.32500000000000007,23817,31.19620439182097,0.32147030980565056,7430.0,58378,23582.0,40.395354414334165
gradient_boosting_pca_without_odds,prob_A,[0.35-0.40),0.375,12924,38.370473537604454,0.37356910192739534,4959.0,34561,16152.0,46.734758832209714
gradient_boosting_pca_without_odds,prob_A,[0.40-0.45),0.42500000000000004,8599,44.51680427956739,0.42297690845174324,3828.0,21637,11193.0,51.73083144613394
gradient_boosting_pca_without_odds,prob_A,[0.45-0.50),0.475,5431,48.996501565089304,0.47320912688183575,2661.0,13038,7365.0,56.48872526461114
gradient_boosting_pca_without_odds,prob_A,[0.50-0.55),0.525,3228,55.42131350681536,0.5229655354411148,1789.0,7607,4704.0,61.837780991192325
gradient_boosting_pca_without_odds,prob_A,[0.55-0.60),0.5750000000000001,1890,61.00529100529101,0.5726512866154723,1153.0,4379,2915.0,66.56770952272208
gradient_boosting_pca_without_odds,prob_A,[0.60-0.65),0.625,1214,67.0510708401977,0.6221924667262506,814.0,2489,1762.0,70.79148252310165
gradient_boosting_pca_without_odds,prob_A,[0.65-0.70),0.675,685,71.24087591240877,0.6727093543980878,488.0,1275,948.0,74.3529411764706
gradient_boosting_pca_without_odds,prob_A,[0.70-0.75),0.7250000000000001,322,78.26086956521739,0.7222070426307272,252.0,590,460.0,77.96610169491525
gradient_boosting_pca_without_odds,prob_A,[0.75-0.80),0.775,174,77.01149425287356,0.7717053190930765,134.0,268,208.0,77.61194029850746
gradient_boosting_pca_without_odds,prob_A,[0.80-0.85),0.8250000000000001,63,74.60317460317461,0.8215718183528586,47.0,94,74.0,78.72340425531915
gradient_boosting_pca_without_odds,prob_A,[0.85-0.90),0.875,31,87.09677419354838,0.8695487238413006,27.0,31,27.0,87.09677419354838
gradient_boosting_pca_without_odds,prob_A_and_BTTS_N,[0.00-0.05),0.025,2629,3.195131228604032,0.03770846964228078,84.0,109747,18391.0,16.757633466062856
gradient_boosting_pca_without_odds,prob_A_and_BTTS_N,[0.05-0.10),0.07500000000000001,13735,7.681106661812887,0.07930877315951561,1055.0,107118,18307.0,17.09049832894565
gradient_boosting_pca_without_odds,prob_A_and_BTTS_N,[0.10-0.15),0.125,28814,12.285694454084819,0.12725272267998525,3540.0,93383,17252.0,18.47445466519602
gradient_boosting_pca_without_odds,prob_A_and_BTTS_N,[0.15-0.20),0.17500000000000002,37798,17.233716069633314,0.17181823753208608,6514.0,64569,13712.0,21.236196936610447
gradient_boosting_pca_without_odds,prob_A_and_BTTS_N,[0.20-0.25),0.225,17009,23.581633252983714,0.2217765783636327,4011.0,26771,7198.0,26.887303425348325
gradient_boosting_pca_without_odds,prob_A_and_BTTS_N,[0.25-0.30),0.275,6642,30.126467931345978,0.27057601430630884,2001.0,9762,3187.0,32.646998565867655
gradient_boosting_pca_without_odds,prob_A_and_BTTS_N,[0.30-0.35),0.32500000000000007,2125,36.188235294117646,0.3204795532627731,769.0,3120,1186.0,38.01282051282051
gradient_boosting_pca_without_odds,prob_A_and_BTTS_N,[0.35-0.40),0.375,748,42.513368983957214,0.3708085670349637,318.0,995,417.0,41.90954773869347
gradient_boosting_pca_without_odds,prob_A_and_BTTS_N,[0.40-0.45),0.42500000000000004,187,39.57219251336899,0.41908410596472734,74.0,247,99.0,40.08097165991903
gradient_boosting_pca_without_odds,prob_A_and_BTTS_N,[0.45-0.50),0.475,60,41.66666666666667,0.4674495326715128,25.0,60,25.0,41.66666666666667
gradient_boosting_pca_without_odds,prob_A_and_BTTS_Y,[0.00-0.05),0.025,1875,3.52,0.03883455978805796,66.0,109754,16022.0,14.598101208156422
gradient_boosting_pca_without_odds,prob_A_and_BTTS_Y,[0.05-0.10),0.07500000000000001,17188,8.02885734233186,0.08130563798585147,1380.0,107879,15956.0,14.790645074574291
gradient_boosting_pca_without_odds,prob_A_and_BTTS_Y,[0.10-0.15),0.125,40049,12.140128342780095,0.12552018739496767,4862.0,90691,14576.0,16.07215710489464
gradient_boosting_pca_without_odds,prob_A_and_BTTS_Y,[0.15-0.20),0.17500000000000002,32373,16.550829394866092,0.1676219643218531,5358.0,50642,9714.0,19.181706883614392
gradient_boosting_pca_without_odds,prob_A_and_BTTS_Y,[0.20-0.25),0.225,11407,21.55693872183747,0.22171408618115956,2459.0,18269,4356.0,23.843669604247633
gradient_boosting_pca_without_odds,prob_A_and_BTTS_Y,[0.25-0.30),0.275,4535,26.174200661521503,0.27092200680615824,1187.0,6862,1897.0,27.645001457301078
gradient_boosting_pca_without_odds,prob_A_and_BTTS_Y,[0.30-0.35),0.32500000000000007,1527,29.99345121152587,0.3203718435265084,458.0,2327,710.0,30.511388053287497
gradient_boosting_pca_without_odds,prob_A_and_BTTS_Y,[0.35-0.40),0.375,487,30.184804928131413,0.3702312053422113,147.0,800,252.0,31.5
gradient_boosting_pca_without_odds,prob_A_and_BTTS_Y,[0.40-0.45),0.42500000000000004,179,32.960893854748605,0.42281406403247823,59.0,313,105.0,33.54632587859425
gradient_boosting_pca_without_odds,prob_A_and_BTTS_Y,[0.45-0.50),0.475,94,38.297872340425535,0.47522628585058446,36.0,134,46.0,34.32835820895522
gradient_boosting_pca_without_odds,prob_A_and_BTTS_Y,[0.50-0.55),0.525,40,25.0,0.5180499678025826,10.0,40,10.0,25.0
gradient_boosting_pca_without_odds,prob_A_and_O15,[0.00-0.05),0.025,782,3.1969309462915603,0.03857041120327627,25.0,109759,26198.0,23.8686576954965
gradient_boosting_pca_without_odds,prob_A_and_O15,[0.05-0.10),0.07500000000000001,5634,7.454739084132056,0.07991747874960904,420.0,108977,26173.0,24.016994411664847
gradient_boosting_pca_without_odds,prob_A_and_O15,[0.10-0.15),0.125,14190,13.107822410147993,0.12803614243248848,1860.0,103343,25753.0,24.91992684555316
gradient_boosting_pca_without_odds,prob_A_and_O15,[0.15-0.20),0.17500000000000002,23350,17.53747323340471,0.17608046351689424,4095.0,89153,23893.0,26.799995513331016
gradient_boosting_pca_without_odds,prob_A_and_O15,[0.20-0.25),0.225,28269,22.105486575400615,0.22596401304449878,6249.0,65803,19798.0,30.08677415923286
gradient_boosting_pca_without_odds,prob_A_and_O15,[0.25-0.30),0.275,15064,28.757302177376527,0.2729574383596576,4332.0,37534,13549.0,36.09793786966484
gradient_boosting_pca_without_odds,prob_A_and_O15,[0.30-0.35),0.32500000000000007,9104,33.820298769771526,0.32274831137051413,3079.0,22470,9217.0,41.01913662661326
gradient_boosting_pca_without_odds,prob_A_and_O15,[0.35-0.40),0.375,5543,37.651091466714774,0.3730877245703496,2087.0,13366,6138.0,45.92248989974562
gradient_boosting_pca_without_odds,prob_A_and_O15,[0.40-0.45),0.42500000000000004,3285,45.29680365296804,0.4223094692951146,1488.0,7823,4051.0,51.78320337466445
gradient_boosting_pca_without_odds,prob_A_and_O15,[0.45-0.50),0.475,1933,52.0951888256596,0.4729806607567957,1007.0,4538,2563.0,56.47862494490965
gradient_boosting_pca_without_odds,prob_A_and_O15,[0.50-0.55),0.525,1192,55.45302013422819,0.523214950367273,661.0,2605,1556.0,59.731285988483684
gradient_boosting_pca_without_odds,prob_A_and_O15,[0.55-0.60),0.5750000000000001,671,56.482861400894194,0.5729962294882527,379.0,1413,895.0,63.34041047416844
gradient_boosting_pca_without_odds,prob_A_and_O15,[0.60-0.65),0.625,339,67.84660766961652,0.6226289853486656,230.0,742,516.0,69.54177897574124
gradient_boosting_pca_without_odds,prob_A_and_O15,[0.65-0.70),0.675,209,70.81339712918661,0.671846859374391,148.0,403,286.0,70.96774193548387
gradient_boosting_pca_without_odds,prob_A_and_O15,[0.70-0.75),0.7250000000000001,105,66.66666666666666,0.7213733021967802,70.0,194,138.0,71.1340206185567
gradient_boosting_pca_without_odds,prob_A_and_O15,[0.75-0.80),0.775,54,70.37037037037037,0.7748692039585797,38.0,89,68.0,76.40449438202246
gradient_boosting_pca_without_odds,prob_A_and_O15,[0.80-0.85),0.8250000000000001,35,85.71428571428571,0.8201588537383012,30.0,35,30.0,85.71428571428571
gradient_boosting_pca_without_odds,prob_A_and_O25,[0.00-0.05),0.025,1462,3.2147742818057456,0.03840146273198426,47.0,109753,20722.0,18.880577296292582
gradient_boosting_pca_without_odds,prob_A_and_O25,[0.05-0.10),0.07500000000000001,11444,8.082838168472561,0.08044973996552608,925.0,108291,20675.0,19.09207598046006
gradient_boosting_pca_without_odds,prob_A_and_O25,[0.10-0.15),0.125,28156,12.814320215939764,0.12708169304815503,3608.0,96847,19750.0,20.392991006432826
gradient_boosting_pca_without_odds,prob_A_and_O25,[0.15-0.20),0.17500000000000002,34179,17.472717165510986,0.17521227445855442,5972.0,68691,16142.0,23.499439519005403
gradient_boosting_pca_without_odds,prob_A_and_O25,[0.20-0.25),0.225,16122,24.060290286564943,0.22235188573014417,3879.0,34512,10170.0,29.468011126564676
gradient_boosting_pca_without_odds,prob_A_and_O25,[0.25-0.30),0.275,8493,28.07017543859649,0.27261544184007686,2384.0,18390,6291.0,34.208809135399676
gradient_boosting_pca_without_odds,prob_A_and_O25,[0.30-0.35),0.32500000000000007,4653,33.999570169782935,0.3222561328868236,1582.0,9897,3907.0,39.4766090734566
gradient_boosting_pca_without_odds,prob_A_and_O25,[0.35-0.40),0.375,2406,39.692435577722364,0.37274810757083365,955.0,5244,2325.0,44.336384439359264
gradient_boosting_pca_without_odds,prob_A_and_O25,[0.40-0.45),0.42500000000000004,1356,43.43657817109145,0.42270144759931794,589.0,2838,1370.0,48.27343199436223
gradient_boosting_pca_without_odds,prob_A_and_O25,[0.45-0.50),0.475,693,47.474747474747474,0.47195989555362,329.0,1482,781.0,52.69905533063428
gradient_boosting_pca_without_odds,prob_A_and_O25,[0.50-0.55),0.525,348,53.16091954022989,0.5211030279956168,185.0,789,452.0,57.28770595690747
gradient_boosting_pca_without_odds,prob_A_and_O25,[0.55-0.60),0.5750000000000001,213,60.093896713615024,0.5726698290083135,128.0,441,267.0,60.544217687074834
gradient_boosting_pca_without_odds,prob_A_and_O25,[0.60-0.65),0.625,105,55.23809523809524,0.6235153140116263,58.0,228,139.0,60.96491228070175
gradient_boosting_pca_without_odds,prob_A_and_O25,[0.65-0.70),0.675,57,64.91228070175438,0.6730178077190273,37.0,123,81.0,65.85365853658537
gradient_boosting_pca_without_odds,prob_A_and_O25,[0.70-0.75),0.7250000000000001,45,55.55555555555556,0.7215518656329155,25.0,66,44.0,66.66666666666666
gradient_boosting_pca_without_odds,prob_A_and_O25,[0.75-0.80),0.775,21,90.47619047619048,0.7688238016297474,19.0,21,19.0,90.47619047619048
gradient_boosting_pca_without_odds,prob_A_and_O35,[0.00-0.05),0.025,20772,3.981321009050645,0.03667300228621609,827.0,109743,10534.0,9.598789900039183
gradient_boosting_pca_without_odds,prob_A_and_O35,[0.05-0.10),0.07500000000000001,56475,7.725542275343073,0.07474114544390813,4363.0,88971,9707.0,10.910296613503276
gradient_boosting_pca_without_odds,prob_A_and_O35,[0.10-0.15),0.125,19663,13.014290799979658,0.12047966680343046,2559.0,32496,5344.0,16.445100935499752
gradient_boosting_pca_without_odds,prob_A_and_O35,[0.15-0.20),0.17500000000000002,7456,17.744098712446352,0.17121981656739005,1323.0,12833,2785.0,21.701862386036
gradient_boosting_pca_without_odds,prob_A_and_O35,[0.20-0.25),0.225,2900,23.20689655172414,0.22208135886039784,673.0,5377,1462.0,27.189882834294217
gradient_boosting_pca_without_odds,prob_A_and_O35,[0.25-0.30),0.275,1307,28.69166029074216,0.27231305961643215,375.0,2477,789.0,31.853048041986277
gradient_boosting_pca_without_odds,prob_A_and_O35,[0.30-0.35),0.32500000000000007,561,29.411764705882355,0.3231306432266649,165.0,1170,414.0,35.38461538461539
gradient_boosting_pca_without_odds,prob_A_and_O35,[0.35-0.40),0.375,264,38.63636363636363,0.3735801180276931,102.0,609,249.0,40.88669950738916
gradient_boosting_pca_without_odds,prob_A_and_O35,[0.40-0.45),0.42500000000000004,155,40.0,0.4226771120130471,62.0,345,147.0,42.608695652173914
gradient_boosting_pca_without_odds,prob_A_and_O35,[0.45-0.50),0.475,76,43.42105263157895,0.4756244993951614,33.0,190,85.0,44.73684210526316
gradient_boosting_pca_without_odds,prob_A_and_O35,[0.50-0.55),0.525,52,42.30769230769231,0.523978044568863,22.0,114,52.0,45.614035087719294
gradient_boosting_pca_without_odds,prob_A_and_O35,[0.55-0.60),0.5750000000000001,42,47.61904761904761,0.5755955636239956,20.0,62,30.0,48.38709677419355
gradient_boosting_pca_without_odds,prob_A_and_O35,[0.60-0.65),0.625,20,50.0,0.6239878354044868,10.0,20,10.0,50.0
gradient_boosting_pca_without_odds,prob_A_and_O45,[0.00-0.05),0.025,61697,3.437768449033178,0.03289384746509937,2121.0,109738,6174.0,5.6261276859428815
gradient_boosting_pca_without_odds,prob_A_and_O45,[0.05-0.10),0.07500000000000001,39017,6.922623471819976,0.06559234192142674,2701.0,48041,4053.0,8.43654378551654
gradient_boosting_pca_without_odds,prob_A_and_O45,[0.10-0.15),0.125,6388,12.648716343143393,0.1190416193846666,808.0,9024,1352.0,14.9822695035461
gradient_boosting_pca_without_odds,prob_A_and_O45,[0.15-0.20),0.17500000000000002,1641,17.915904936014627,0.16953638986929012,294.0,2636,544.0,20.637329286798177
gradient_boosting_pca_without_odds,prob_A_and_O45,[0.20-0.25),0.225,533,20.075046904315197,0.2197038007875162,107.0,995,250.0,25.125628140703515
gradient_boosting_pca_without_odds,prob_A_and_O45,[0.25-0.30),0.275,233,24.034334763948497,0.2705718472600838,56.0,462,143.0,30.952380952380953
gradient_boosting_pca_without_odds,prob_A_and_O45,[0.30-0.35),0.32500000000000007,97,35.051546391752574,0.32103121819049835,34.0,229,87.0,37.99126637554585
gradient_boosting_pca_without_odds,prob_A_and_O45,[0.35-0.40),0.375,66,34.84848484848485,0.3739620351825303,23.0,132,53.0,40.15151515151515
gradient_boosting_pca_without_odds,prob_A_and_O45,[0.40-0.45),0.42500000000000004,41,43.90243902439025,0.42567307557105105,18.0,66,30.0,45.45454545454545
gradient_boosting_pca_without_odds,prob_A_and_O45,[0.45-0.50),0.475,25,48.0,0.4688716520071434,12.0,25,12.0,48.0
gradient_boosting_pca_without_odds,prob_A_and_U15,[0.00-0.05),0.025,11096,3.451694304253785,0.038006066900630145,383.0,109760,8219.0,7.488155976676385
gradient_boosting_pca_without_odds,prob_A_and_U15,[0.05-0.10),0.07500000000000001,80069,7.263735028537886,0.0783897657953341,5816.0,98664,7836.0,7.942106543420093
gradient_boosting_pca_without_odds,prob_A_and_U15,[0.10-0.15),0.125,18459,10.856492767755567,0.11066074580830185,2004.0,18595,2020.0,10.86313525141167
gradient_boosting_pca_without_odds,prob_A_and_U15,[0.15-0.20),0.17500000000000002,136,11.76470588235294,0.16197755927084467,16.0,136,16.0,11.76470588235294
gradient_boosting_pca_without_odds,prob_A_and_U25,[0.00-0.05),0.025,3510,3.3903133903133904,0.037805592559195,119.0,109761,13691.0,12.473465074115579
gradient_boosting_pca_without_odds,prob_A_and_U25,[0.05-0.10),0.07500000000000001,20720,7.422779922779922,0.07973230157289107,1538.0,106251,13572.0,12.773526837394472
gradient_boosting_pca_without_odds,prob_A_and_U25,[0.10-0.15),0.125,52266,11.826043699536983,0.12688512079342318,6181.0,85531,12034.0,14.069752487402228
gradient_boosting_pca_without_odds,prob_A_and_U25,[0.15-0.20),0.17500000000000002,28800,16.90972222222222,0.16990090444901715,4870.0,33265,5853.0,17.595069893281227
gradient_boosting_pca_without_odds,prob_A_and_U25,[0.20-0.25),0.225,4166,21.84349495919347,0.21459727281448474,910.0,4465,983.0,22.015677491601345
gradient_boosting_pca_without_odds,prob_A_and_U25,[0.25-0.30),0.275,267,25.468164794007492,0.26542298024463323,68.0,299,73.0,24.414715719063544
gradient_boosting_pca_without_odds,prob_A_and_U25,[0.30-0.35),0.32500000000000007,32,15.625,0.3180926738146679,5.0,32,5.0,15.625
gradient_boosting_pca_without_odds,prob_A_and_U35,[0.00-0.05),0.025,494,3.2388663967611335,0.038940871130838946,16.0,109754,23868.0,21.746815605809356
gradient_boosting_pca_without_odds,prob_A_and_U35,[0.05-0.10),0.07500000000000001,4431,7.379823967501693,0.07985762419250324,327.0,109260,23852.0,21.83049606443346
gradient_boosting_pca_without_odds,prob_A_and_U35,[0.10-0.15),0.125,11435,12.19938784433756,0.12838770388210638,1395.0,104829,23525.0,22.441309179711723
gradient_boosting_pca_without_odds,prob_A_and_U35,[0.15-0.20),0.17500000000000002,21903,16.73743322832489,0.17733611219396814,3666.0,93394,22130.0,23.69531233269803
gradient_boosting_pca_without_odds,prob_A_and_U35,[0.20-0.25),0.225,35601,21.215696188309316,0.2244006503129409,7553.0,71491,18464.0,25.827027178246215
gradient_boosting_pca_without_odds,prob_A_and_U35,[0.25-0.30),0.275,21622,27.180649338636577,0.27294738661581563,5877.0,35890,10911.0,30.40122596823628
gradient_boosting_pca_without_odds,prob_A_and_U35,[0.30-0.35),0.32500000000000007,10696,34.078160059835454,0.3208663708792252,3645.0,14268,5034.0,35.28174936921783
gradient_boosting_pca_without_odds,prob_A_and_U35,[0.35-0.40),0.375,2950,37.93220338983051,0.3682389919167873,1119.0,3572,1389.0,38.88577827547592
gradient_boosting_pca_without_odds,prob_A_and_U35,[0.40-0.45),0.42500000000000004,544,45.220588235294116,0.4163553679051074,246.0,622,270.0,43.40836012861736
gradient_boosting_pca_without_odds,prob_A_and_U35,[0.45-0.50),0.475,78,30.76923076923077,0.4693342322513628,24.0,78,24.0,30.76923076923077
gradient_boosting_pca_without_odds,prob_A_and_U45,[0.00-0.05),0.025,362,3.314917127071823,0.03923064117911727,12.0,109747,28228.0,25.720976427601666
gradient_boosting_pca_without_odds,prob_A_and_U45,[0.05-0.10),0.07500000000000001,3143,6.45879732739421,0.07994006597316652,203.0,109385,28216.0,25.795127302646613
gradient_boosting_pca_without_odds,prob_A_and_U45,[0.10-0.15),0.125,7800,12.487179487179487,0.127951927804171,974.0,106242,28013.0,26.36716176276802
gradient_boosting_pca_without_odds,prob_A_and_U45,[0.15-0.20),0.17500000000000002,14806,17.026880994191544,0.17722999302167458,2521.0,98442,27039.0,27.466934844883284
gradient_boosting_pca_without_odds,prob_A_and_U45,[0.20-0.25),0.225,22515,21.323562069731288,0.22623498458681643,4801.0,83636,24518.0,29.315127457075903
gradient_boosting_pca_without_odds,prob_A_and_U45,[0.25-0.30),0.275,28647,26.268021084232206,0.2710554379259903,7525.0,61121,19717.0,32.25896173164706
gradient_boosting_pca_without_odds,prob_A_and_U45,[0.30-0.35),0.32500000000000007,15847,32.32157506152584,0.32320044235827977,5122.0,32474,12192.0,37.54388125885323
gradient_boosting_pca_without_odds,prob_A_and_U45,[0.35-0.40),0.375,9467,38.81905566705397,0.37236578953338234,3675.0,16627,7070.0,42.52120045708787
gradient_boosting_pca_without_odds,prob_A_and_U45,[0.40-0.45),0.42500000000000004,4664,45.218696397941684,0.4215054484432565,2109.0,7160,3395.0,47.41620111731844
gradient_boosting_pca_without_odds,prob_A_and_U45,[0.45-0.50),0.475,1775,49.29577464788733,0.4704426321091144,875.0,2496,1286.0,51.52243589743589
gradient_boosting_pca_without_odds,prob_A_and_U45,[0.50-0.55),0.525,613,57.25938009787929,0.5184513649821926,351.0,721,411.0,57.00416088765603
gradient_boosting_pca_without_odds,prob_A_and_U45,[0.55-0.60),0.5750000000000001,108,55.55555555555556,0.5694367055541638,60.0,108,60.0,55.55555555555556
gradient_boosting_pca_without_odds,prob_BTTS_N,[0.25-0.30),0.275,148,56.08108108108109,0.28347924054223395,83.0,109739,52995.0,48.29185613136624
gradient_boosting_pca_without_odds,prob_BTTS_N,[0.30-0.35),0.32500000000000007,976,44.97950819672131,0.3332642851881551,439.0,109591,52912.0,48.28133697110164
gradient_boosting_pca_without_odds,prob_BTTS_N,[0.35-0.40),0.375,6898,42.69353435778486,0.3824238151562543,2945.0,108615,52473.0,48.311006767021134
gradient_boosting_pca_without_odds,prob_BTTS_N,[0.40-0.45),0.42500000000000004,25725,45.5354713313897,0.4288262649898439,11714.0,101717,49528.0,48.69195906289018
gradient_boosting_pca_without_odds,prob_BTTS_N,[0.45-0.50),0.475,47192,48.90235633158163,0.4745552218401647,23078.0,75992,37814.0,49.76050110537951
gradient_boosting_pca_without_odds,prob_BTTS_N,[0.50-0.55),0.525,24050,50.95218295218296,0.5196534357089126,12254.0,28800,14736.0,51.16666666666667
gradient_boosting_pca_without_odds,prob_BTTS_N,[0.55-0.60),0.5750000000000001,4174,51.96454240536655,0.5664557975781471,2169.0,4750,2482.0,52.25263157894737
gradient_boosting_pca_without_odds,prob_BTTS_N,[0.60-0.65),0.625,505,53.46534653465347,0.6179654563514607,270.0,576,313.0,54.34027777777778
gradient_boosting_pca_without_odds,prob_BTTS_N,[0.65-0.70),0.675,71,60.56338028169014,0.667256651907902,43.0,71,43.0,60.56338028169014
gradient_boosting_pca_without_odds,prob_BTTS_Y,[0.30-0.35),0.32500000000000007,71,39.436619718309856,0.33274334809209805,28.0,109739,56744.0,51.70814386863376
gradient_boosting_pca_without_odds,prob_BTTS_Y,[0.35-0.40),0.375,505,46.53465346534654,0.38203454364853917,235.0,109668,56716.0,51.71608855819382
gradient_boosting_pca_without_odds,prob_BTTS_Y,[0.40-0.45),0.42500000000000004,4174,48.03545759463345,0.4335442024218529,2005.0,109163,56481.0,51.740058444711124
gradient_boosting_pca_without_odds,prob_BTTS_Y,[0.45-0.50),0.475,24050,49.04781704781705,0.4803465642910874,11796.0,104989,54476.0,51.8873405785368
gradient_boosting_pca_without_odds,prob_BTTS_Y,[0.50-0.55),0.525,47192,51.09764366841838,0.5254447781598353,24114.0,80939,42680.0,52.73106907671209
gradient_boosting_pca_without_odds,prob_BTTS_Y,[0.55-0.60),0.5750000000000001,25725,54.4645286686103,0.571173735010156,14011.0,33747,18566.0,55.015260615758436
gradient_boosting_pca_without_odds,prob_BTTS_Y,[0.60-0.65),0.625,6898,57.30646564221513,0.6175761848437457,3953.0,8022,4555.0,56.78135128396909
gradient_boosting_pca_without_odds,prob_BTTS_Y,[0.65-0.70),0.675,976,55.020491803278695,0.6667357148118449,537.0,1124,602.0,53.55871886120996
gradient_boosting_pca_without_odds,prob_BTTS_Y,[0.70-0.75),0.7250000000000001,148,43.91891891891892,0.7165207594577662,65.0,148,65.0,43.91891891891892
gradient_boosting_pca_without_odds,prob_D,[0.05-0.10),0.07500000000000001,197,9.137055837563452,0.08505756942582825,18.0,109756,26801.0,24.41871059440942
gradient_boosting_pca_without_odds,prob_D,[0.10-0.15),0.125,1614,12.0817843866171,0.13250605964517376,195.0,109559,26783.0,24.446188811507955
gradient_boosting_pca_without_odds,prob_D,[0.15-0.20),0.17500000000000002,7325,16.682593856655288,0.18103650120660172,1222.0,107945,26588.0,24.631062114965953
gradient_boosting_pca_without_odds,prob_D,[0.20-0.25),0.225,49715,23.22437896007241,0.23425668910577505,11546.0,100620,25366.0,25.20969986086265
gradient_boosting_pca_without_odds,prob_D,[0.25-0.30),0.275,50656,27.141898294377764,0.26432076354892925,13749.0,50905,13820.0,27.148610156173262
gradient_boosting_pca_without_odds,prob_D,[0.30-0.35),0.32500000000000007,249,28.514056224899598,0.3077661740837547,71.0,249,71.0,28.514056224899598
gradient_boosting_pca_without_odds,prob_D_and_BTTS_N,[0.00-0.05),0.025,19517,4.396167443766973,0.04039040360699214,858.0,109759,7716.0,7.029947430279066
gradient_boosting_pca_without_odds,prob_D_and_BTTS_N,[0.05-0.10),0.07500000000000001,85968,7.487669830634655,0.07061691320018698,6437.0,90242,6858.0,7.5995656124642625
gradient_boosting_pca_without_odds,prob_D_and_BTTS_N,[0.10-0.15),0.125,4238,9.886739027843323,0.10941671535167143,419.0,4274,421.0,9.850257370145062
gradient_boosting_pca_without_odds,prob_D_and_BTTS_N,[0.15-0.20),0.17500000000000002,36,5.555555555555555,0.16227035752709904,2.0,36,2.0,5.555555555555555
gradient_boosting_pca_without_odds,prob_D_and_BTTS_Y,[0.05-0.10),0.07500000000000001,767,7.953063885267275,0.08522519157068002,61.0,109744,19085.0,17.390472372065897
gradient_boosting_pca_without_odds,prob_D_and_BTTS_Y,[0.10-0.15),0.125,8168,12.536728697355533,0.1330938389900681,1024.0,108977,19024.0,17.45689457408444
gradient_boosting_pca_without_odds,prob_D_and_BTTS_Y,[0.15-0.20),0.17500000000000002,100809,17.855548611731095,0.1803817074113032,18000.0,100809,18000.0,17.855548611731095
gradient_boosting_pca_without_odds,prob_D_and_O15,[0.05-0.10),0.07500000000000001,767,7.953063885267275,0.08522519157068002,61.0,109744,19085.0,17.390472372065897
gradient_boosting_pca_without_odds,prob_D_and_O15,[0.10-0.15),0.125,8168,12.536728697355533,0.1330938389900681,1024.0,108977,19024.0,17.45689457408444
gradient_boosting_pca_without_odds,prob_D_and_O15,[0.15-0.20),0.17500000000000002,100809,17.855548611731095,0.1803817074113032,18000.0,100809,18000.0,17.855548611731095
gradient_boosting_pca_without_odds,prob_D_and_O25,[0.00-0.05),0.025,13214,5.17632813682458,0.044141577432058335,684.0,109761,6663.0,6.070462186022358
gradient_boosting_pca_without_odds,prob_D_and_O25,[0.05-0.10),0.07500000000000001,96395,6.195342082058198,0.0645305366166779,5972.0,96547,5979.0,6.192838721037422
gradient_boosting_pca_without_odds,prob_D_and_O25,[0.10-0.15),0.125,152,4.605263157894736,0.10485455380898656,7.0,152,7.0,4.605263157894736
gradient_boosting_pca_without_odds,prob_D_and_O35,[0.00-0.05),0.025,13214,5.17632813682458,0.044141577432058335,684.0,109761,6663.0,6.070462186022358
gradient_boosting_pca_without_odds,prob_D_and_O35,[0.05-0.10),0.07500000000000001,96395,6.195342082058198,0.0645305366166779,5972.0,96547,5979.0,6.192838721037422
gradient_boosting_pca_without_odds,prob_D_and_O35,[0.10-0.15),0.125,152,4.605263157894736,0.10485455380898656,7.0,152,7.0,4.605263157894736
gradient_boosting_pca_without_odds,prob_D_and_O45,[0.00-0.05),0.025,109759,1.1415920334551153,0.011648014073658952,1253.0,109759,1253.0,1.1415920334551153
gradient_boosting_pca_without_odds,prob_D_and_U15,[0.00-0.05),0.025,19517,4.396167443766973,0.04039040360699214,858.0,109759,7716.0,7.029947430279066
gradient_boosting_pca_without_odds,prob_D_and_U15,[0.05-0.10),0.07500000000000001,85968,7.487669830634655,0.07061691320018698,6437.0,90242,6858.0,7.5995656124642625
gradient_boosting_pca_without_odds,prob_D_and_U15,[0.10-0.15),0.125,4238,9.886739027843323,0.10941671535167143,419.0,4274,421.0,9.850257370145062
gradient_boosting_pca_without_odds,prob_D_and_U15,[0.15-0.20),0.17500000000000002,36,5.555555555555555,0.16227035752709904,2.0,36,2.0,5.555555555555555
gradient_boosting_pca_without_odds,prob_D_and_U25,[0.00-0.05),0.025,114,5.263157894736842,0.040191147551715656,6.0,109752,20139.0,18.34955171659742
gradient_boosting_pca_without_odds,prob_D_and_U25,[0.05-0.10),0.07500000000000001,1824,7.839912280701753,0.08450392831000202,143.0,109638,20133.0,18.363158758824493
gradient_boosting_pca_without_odds,prob_D_and_U25,[0.10-0.15),0.125,14427,12.982602065571497,0.132633276072078,1873.0,107814,19990.0,18.541191310961473
gradient_boosting_pca_without_odds,prob_D_and_U25,[0.15-0.20),0.17500000000000002,63217,18.34791274498948,0.1779579744523034,11599.0,93387,18117.0,19.399916476597383
gradient_boosting_pca_without_odds,prob_D_and_U25,[0.20-0.25),0.225,29540,21.59106296547055,0.215215546965642,6378.0,30170,6518.0,21.604242625124296
gradient_boosting_pca_without_odds,prob_D_and_U25,[0.25-0.30),0.275,630,22.22222222222222,0.2607352042760133,140.0,630,140.0,22.22222222222222
gradient_boosting_pca_without_odds,prob_D_and_U35,[0.00-0.05),0.025,114,5.263157894736842,0.040191147551715656,6.0,109752,20139.0,18.34955171659742
gradient_boosting_pca_without_odds,prob_D_and_U35,[0.05-0.10),0.07500000000000001,1824,7.839912280701753,0.08450392831000202,143.0,109638,20133.0,18.363158758824493
gradient_boosting_pca_without_odds,prob_D_and_U35,[0.10-0.15),0.125,14427,12.982602065571497,0.132633276072078,1873.0,107814,19990.0,18.541191310961473
gradient_boosting_pca_without_odds,prob_D_and_U35,[0.15-0.20),0.17500000000000002,63217,18.34791274498948,0.1779579744523034,11599.0,93387,18117.0,19.399916476597383
gradient_boosting_pca_without_odds,prob_D_and_U35,[0.20-0.25),0.225,29540,21.59106296547055,0.215215546965642,6378.0,30170,6518.0,21.604242625124296
gradient_boosting_pca_without_odds,prob_D_and_U35,[0.25-0.30),0.275,630,22.22222222222222,0.2607352042760133,140.0,630,140.0,22.22222222222222
gradient_boosting_pca_without_odds,prob_D_and_U45,[0.05-0.10),0.07500000000000001,325,9.230769230769232,0.08342315126277225,30.0,109748,25548.0,23.278784123628675
gradient_boosting_pca_without_odds,prob_D_and_U45,[0.10-0.15),0.125,2439,11.726117261172611,0.1319062803983226,286.0,109423,25518.0,23.32050848541897
gradient_boosting_pca_without_odds,prob_D_and_U45,[0.15-0.20),0.17500000000000002,11568,17.263139695712308,0.18161761996016676,1997.0,106984,25232.0,23.584835115531295
gradient_boosting_pca_without_odds,prob_D_and_U45,[0.20-0.25),0.225,65167,23.274049749106144,0.23016866753086193,15167.0,95416,23235.0,24.351261842877506
gradient_boosting_pca_without_odds,prob_D_and_U45,[0.25-0.30),0.275,30102,26.66268022058335,0.2621796636464443,8026.0,30249,8068.0,26.671956097722237
gradient_boosting_pca_without_odds,prob_D_and_U45,[0.30-0.35),0.32500000000000007,147,28.57142857142857,0.30838582333868514,42.0,147,42.0,28.57142857142857
gradient_boosting_pca_without_odds,prob_H,[0.05-0.10),0.07500000000000001,241,9.95850622406639,0.08096628771565716,24.0,109746,48535.0,44.22484646365243
gradient_boosting_pca_without_odds,prob_H,[0.10-0.15),0.125,875,11.771428571428572,0.12968763285506593,103.0,109505,48511.0,44.300260262088486
gradient_boosting_pca_without_odds,prob_H,[0.15-0.20),0.17500000000000002,1921,16.08537220197814,0.17740818027320132,309.0,108630,48408.0,44.56227561447114
gradient_boosting_pca_without_odds,prob_H,[0.20-0.25),0.225,3741,21.331194867682438,0.22767277438325234,798.0,106709,48099.0,45.074923389779684
gradient_boosting_pca_without_odds,prob_H,[0.25-0.30),0.275,6708,26.565295169946335,0.27728315769431117,1782.0,102968,47301.0,45.93757283816331
gradient_boosting_pca_without_odds,prob_H,[0.30-0.35),0.32500000000000007,10609,31.20935055141861,0.3264404554940466,3311.0,96260,45519.0,47.287554539788076
gradient_boosting_pca_without_odds,prob_H,[0.35-0.40),0.375,14526,36.575795125980996,0.3757441603769269,5313.0,85651,42208.0,49.27905103267913
gradient_boosting_pca_without_odds,prob_H,[0.40-0.45),0.42500000000000004,23487,43.172819006258784,0.4299292497486046,10140.0,71125,36895.0,51.87346221441125
gradient_boosting_pca_without_odds,prob_H,[0.45-0.50),0.475,15915,47.84794219289978,0.47380532700223577,7615.0,47638,26755.0,56.16314706746714
gradient_boosting_pca_without_odds,prob_H,[0.50-0.55),0.525,11799,52.52140011865413,0.523316036291163,6197.0,31723,19140.0,60.334772877722784
gradient_boosting_pca_without_odds,prob_H,[0.55-0.60),0.5750000000000001,7918,58.41121495327103,0.5735489060430222,4625.0,19924,12943.0,64.96185504918691
gradient_boosting_pca_without_odds,prob_H,[0.60-0.65),0.625,5064,63.447867298578196,0.6230875370742519,3213.0,12006,8318.0,69.28202565383975
gradient_boosting_pca_without_odds,prob_H,[0.65-0.70),0.675,3261,68.04661146887457,0.6732260707047697,2219.0,6942,5105.0,73.53788533563814
gradient_boosting_pca_without_odds,prob_H,[0.70-0.75),0.7250000000000001,1930,74.61139896373057,0.7230902019756652,1440.0,3681,2886.0,78.40260798696006
gradient_boosting_pca_without_odds,prob_H,[0.75-0.80),0.775,1151,81.23370981754996,0.7723810595681819,935.0,1751,1446.0,82.58138206739007
gradient_boosting_pca_without_odds,prob_H,[0.80-0.85),0.8250000000000001,437,85.1258581235698,0.8214923642908345,372.0,600,511.0,85.16666666666667
gradient_boosting_pca_without_odds,prob_H,[0.85-0.90),0.875,142,83.80281690140845,0.8686146155810581,119.0,163,139.0,85.2760736196319
gradient_boosting_pca_without_odds,prob_H,[0.90-0.95),0.925,21,95.23809523809523,0.9118780913100191,20.0,21,20.0,95.23809523809523
gradient_boosting_pca_without_odds,prob_H_and_BTTS_N,[0.00-0.05),0.025,542,4.612546125461255,0.035470511555686444,25.0,109755,26889.0,24.499111657783246
gradient_boosting_pca_without_odds,prob_H_and_BTTS_N,[0.05-0.10),0.07500000000000001,3509,8.463949843260188,0.08044279533309333,297.0,109213,26864.0,24.597804290697994
gradient_boosting_pca_without_odds,prob_H_and_BTTS_N,[0.10-0.15),0.125,9509,12.977179514144494,0.12858792639060115,1234.0,105704,26567.0,25.1333913569969
gradient_boosting_pca_without_odds,prob_H_and_BTTS_N,[0.15-0.20),0.17500000000000002,18313,17.4138590072626,0.1772399404840283,3189.0,96195,25333.0,26.335048599199546
gradient_boosting_pca_without_odds,prob_H_and_BTTS_N,[0.20-0.25),0.225,32432,23.640231869758264,0.22832191848212216,7667.0,77882,22144.0,28.43275724814463
gradient_boosting_pca_without_odds,prob_H_and_BTTS_N,[0.25-0.30),0.275,23746,28.126842415564727,0.27319346119969995,6679.0,45450,14477.0,31.85258525852585
gradient_boosting_pca_without_odds,prob_H_and_BTTS_N,[0.30-0.35),0.32500000000000007,12729,32.673422892607434,0.321878097099959,4159.0,21704,7798.0,35.92886103943974
gradient_boosting_pca_without_odds,prob_H_and_BTTS_N,[0.35-0.40),0.375,5722,37.31212862635442,0.371189549063741,2135.0,8975,3639.0,40.54596100278551
gradient_boosting_pca_without_odds,prob_H_and_BTTS_N,[0.40-0.45),0.42500000000000004,2244,44.6524064171123,0.42136653101483823,1002.0,3253,1504.0,46.234245312019674
gradient_boosting_pca_without_odds,prob_H_and_BTTS_N,[0.45-0.50),0.475,727,48.693259972489685,0.47026812301009335,354.0,1009,502.0,49.75222993062438
gradient_boosting_pca_without_odds,prob_H_and_BTTS_N,[0.50-0.55),0.525,231,51.515151515151516,0.5197735604975987,119.0,282,148.0,52.4822695035461
gradient_boosting_pca_without_odds,prob_H_and_BTTS_N,[0.55-0.60),0.5750000000000001,51,56.86274509803921,0.5710491671743718,29.0,51,29.0,56.86274509803921
gradient_boosting_pca_without_odds,prob_H_and_BTTS_Y,[0.00-0.05),0.025,189,6.349206349206349,0.041021162509586984,12.0,109747,21638.0,19.716256480814963
gradient_boosting_pca_without_odds,prob_H_and_BTTS_Y,[0.05-0.10),0.07500000000000001,2575,7.456310679611651,0.08248746386629445,192.0,109558,21626.0,19.73931616130269
gradient_boosting_pca_without_odds,prob_H_and_BTTS_Y,[0.10-0.15),0.125,14890,12.49160510409671,0.13127387923323555,1860.0,106983,21434.0,20.034958825233915
gradient_boosting_pca_without_odds,prob_H_and_BTTS_Y,[0.15-0.20),0.17500000000000002,36703,16.9849876031932,0.1766867890805904,6234.0,92093,19574.0,21.254601326919527
gradient_boosting_pca_without_odds,prob_H_and_BTTS_Y,[0.20-0.25),0.225,35049,21.618305800450795,0.2189577574491327,7577.0,55390,13340.0,24.083769633507853
gradient_boosting_pca_without_odds,prob_H_and_BTTS_Y,[0.25-0.30),0.275,13603,26.84701903991766,0.2716113204518,3652.0,20341,5763.0,28.331940415908758
gradient_boosting_pca_without_odds,prob_H_and_BTTS_Y,[0.30-0.35),0.32500000000000007,5372,30.43559195830231,0.32040560094940634,1635.0,6738,2111.0,31.3297714455328
gradient_boosting_pca_without_odds,prob_H_and_BTTS_Y,[0.35-0.40),0.375,1238,34.894991922455574,0.36712296101228814,432.0,1366,476.0,34.84626647144949
gradient_boosting_pca_without_odds,prob_H_and_BTTS_Y,[0.40-0.45),0.42500000000000004,128,34.375,0.4159175717456626,44.0,128,44.0,34.375
gradient_boosting_pca_without_odds,prob_H_and_O15,[0.00-0.05),0.025,66,6.0606060606060606,0.041352450866274926,4.0,109756,37815.0,34.45369729217537
gradient_boosting_pca_without_odds,prob_H_and_O15,[0.05-0.10),0.07500000000000001,816,7.965686274509803,0.0819349320423938,65.0,109690,37811.0,34.470781292734074
gradient_boosting_pca_without_odds,prob_H_and_O15,[0.10-0.15),0.125,2519,11.433108376339817,0.12859045601377073,288.0,108874,37746.0,34.669434392049524
gradient_boosting_pca_without_odds,prob_H_and_O15,[0.15-0.20),0.17500000000000002,6311,17.33481223260973,0.17831051033746367,1094.0,106355,37458.0,35.219782802877155
gradient_boosting_pca_without_odds,prob_H_and_O15,[0.20-0.25),0.225,12216,21.807465618860512,0.22707465497628102,2664.0,100044,36364.0,36.34800687697413
gradient_boosting_pca_without_odds,prob_H_and_O15,[0.25-0.30),0.275,17418,26.788379836950284,0.27605126762936744,4666.0,87828,33700.0,38.37045133670356
gradient_boosting_pca_without_odds,prob_H_and_O15,[0.30-0.35),0.32500000000000007,25889,32.778400092703464,0.32929168116137364,8486.0,70410,29034.0,41.23561994034938
gradient_boosting_pca_without_odds,prob_H_and_O15,[0.35-0.40),0.375,15746,38.12396799187095,0.3734009139122478,6003.0,44521,20548.0,46.15350059522473
gradient_boosting_pca_without_odds,prob_H_and_O15,[0.40-0.45),0.42500000000000004,10642,42.689344108250324,0.42316406608284624,4543.0,28775,14545.0,50.547350130321455
gradient_boosting_pca_without_odds,prob_H_and_O15,[0.45-0.50),0.475,7034,48.166050611316464,0.47329271235716697,3388.0,18133,10002.0,55.15910218937849
gradient_boosting_pca_without_odds,prob_H_and_O15,[0.50-0.55),0.525,4498,52.712316585148955,0.5233693589990139,2371.0,11099,6614.0,59.590954140012606
gradient_boosting_pca_without_odds,prob_H_and_O15,[0.55-0.60),0.5750000000000001,2889,58.56697819314641,0.572984187054451,1692.0,6601,4243.0,64.2781396758067
gradient_boosting_pca_without_odds,prob_H_and_O15,[0.60-0.65),0.625,1764,64.56916099773242,0.6231285498491379,1139.0,3712,2551.0,68.72306034482759
gradient_boosting_pca_without_odds,prob_H_and_O15,[0.65-0.70),0.675,1132,70.6713780918728,0.6730920627780883,800.0,1948,1412.0,72.48459958932239
gradient_boosting_pca_without_odds,prob_H_and_O15,[0.70-0.75),0.7250000000000001,525,75.61904761904762,0.7215509427847419,397.0,816,612.0,75.0
gradient_boosting_pca_without_odds,prob_H_and_O15,[0.75-0.80),0.775,217,70.50691244239631,0.770765166440815,153.0,291,215.0,73.8831615120275
gradient_boosting_pca_without_odds,prob_H_and_O15,[0.80-0.85),0.8250000000000001,74,83.78378378378379,0.8212762687996413,62.0,74,62.0,83.78378378378379
gradient_boosting_pca_without_odds,prob_H_and_O25,[0.00-0.05),0.025,144,5.555555555555555,0.041197718571776974,8.0,109743,29739.0,27.098767119542934
gradient_boosting_pca_without_odds,prob_H_and_O25,[0.05-0.10),0.07500000000000001,1664,7.9326923076923075,0.0815910456872865,132.0,109599,29731.0,27.127072327302255
gradient_boosting_pca_without_odds,prob_H_and_O25,[0.10-0.15),0.125,6521,12.145376476000614,0.13017024843155664,792.0,107935,29599.0,27.42298605642285
gradient_boosting_pca_without_odds,prob_H_and_O25,[0.15-0.20),0.17500000000000002,16808,17.319133745835316,0.1775082147545974,2911.0,101414,28807.0,28.405348373991757
gradient_boosting_pca_without_odds,prob_H_and_O25,[0.20-0.25),0.225,25014,22.511393619573038,0.22579493657818403,5631.0,84606,25896.0,30.60775831501312
gradient_boosting_pca_without_odds,prob_H_and_O25,[0.25-0.30),0.275,27468,27.686762778505898,0.27242121435127037,7605.0,59592,20265.0,34.00624244865082
gradient_boosting_pca_without_odds,prob_H_and_O25,[0.30-0.35),0.32500000000000007,13322,32.78036330881249,0.32272022527158994,4367.0,32124,12660.0,39.409787075084054
gradient_boosting_pca_without_odds,prob_H_and_O25,[0.35-0.40),0.375,8036,38.05375808860129,0.3728738461338724,3058.0,18802,8293.0,44.10700989256462
gradient_boosting_pca_without_odds,prob_H_and_O25,[0.40-0.45),0.42500000000000004,4744,42.98060708263069,0.42298589381916507,2039.0,10766,5235.0,48.62530187627717
gradient_boosting_pca_without_odds,prob_H_and_O25,[0.45-0.50),0.475,2818,47.90631653655075,0.4724823684679404,1350.0,6022,3196.0,53.07206908003985
gradient_boosting_pca_without_odds,prob_H_and_O25,[0.50-0.55),0.525,1626,54.182041820418206,0.5229131847922989,881.0,3204,1846.0,57.61548064918851
gradient_boosting_pca_without_odds,prob_H_and_O25,[0.55-0.60),0.5750000000000001,918,58.932461873638346,0.5723923453332935,541.0,1578,965.0,61.153358681875794
gradient_boosting_pca_without_odds,prob_H_and_O25,[0.60-0.65),0.625,442,62.44343891402715,0.6212352127624499,276.0,660,424.0,64.24242424242425
gradient_boosting_pca_without_odds,prob_H_and_O25,[0.65-0.70),0.675,157,63.69426751592356,0.6714045953063871,100.0,218,148.0,67.88990825688074
gradient_boosting_pca_without_odds,prob_H_and_O25,[0.70-0.75),0.7250000000000001,61,78.68852459016394,0.7217096708050241,48.0,61,48.0,78.68852459016394
gradient_boosting_pca_without_odds,prob_H_and_O35,[0.00-0.05),0.025,2749,3.528555838486722,0.03833526751573358,97.0,109748,15720.0,14.323723439151511
gradient_boosting_pca_without_odds,prob_H_and_O35,[0.05-0.10),0.07500000000000001,26471,7.547882588493068,0.08008647681904103,1998.0,106999,15623.0,14.601071038047083
gradient_boosting_pca_without_odds,prob_H_and_O35,[0.10-0.15),0.125,43587,12.574850299401197,0.12618972959732327,5481.0,80528,13625.0,16.919580766938207
gradient_boosting_pca_without_odds,prob_H_and_O35,[0.15-0.20),0.17500000000000002,19225,17.57087126137841,0.17177235242419106,3378.0,36941,8144.0,22.045965187731788
gradient_boosting_pca_without_odds,prob_H_and_O35,[0.20-0.25),0.225,9034,23.334071286251937,0.221897012912593,2108.0,17716,4766.0,26.90223526755475
gradient_boosting_pca_without_odds,prob_H_and_O35,[0.25-0.30),0.275,4459,26.239067055393583,0.2721993019315113,1170.0,8682,2658.0,30.61506565307533
gradient_boosting_pca_without_odds,prob_H_and_O35,[0.30-0.35),0.32500000000000007,2237,31.202503352704515,0.3224421676862131,698.0,4223,1488.0,35.23561449206725
gradient_boosting_pca_without_odds,prob_H_and_O35,[0.35-0.40),0.375,1120,36.964285714285715,0.37222136678888273,414.0,1986,790.0,39.77844914400806
gradient_boosting_pca_without_odds,prob_H_and_O35,[0.40-0.45),0.42500000000000004,546,41.75824175824176,0.42189599530355393,228.0,866,376.0,43.418013856812934
gradient_boosting_pca_without_odds,prob_H_and_O35,[0.45-0.50),0.475,209,44.49760765550239,0.47072812453866514,93.0,320,148.0,46.25
gradient_boosting_pca_without_odds,prob_H_and_O35,[0.50-0.55),0.525,78,47.43589743589743,0.5209206443029022,37.0,111,55.0,49.549549549549546
gradient_boosting_pca_without_odds,prob_H_and_O35,[0.55-0.60),0.5750000000000001,33,54.54545454545454,0.5727064241872167,18.0,33,18.0,54.54545454545454
gradient_boosting_pca_without_odds,prob_H_and_O45,[0.00-0.05),0.025,21796,3.858506147917049,0.03906076275191819,841.0,109756,9007.0,8.206385072342288
gradient_boosting_pca_without_odds,prob_H_and_O45,[0.05-0.10),0.07500000000000001,62694,7.164959964270904,0.07233158844541034,4492.0,87960,8166.0,9.283765347885401
gradient_boosting_pca_without_odds,prob_H_and_O45,[0.10-0.15),0.125,17061,12.713205556532442,0.11977709029870758,2169.0,25266,3674.0,14.541280772579752
gradient_boosting_pca_without_odds,prob_H_and_O45,[0.15-0.20),0.17500000000000002,5344,16.20508982035928,0.17036787094050732,866.0,8205,1505.0,18.34247410115783
gradient_boosting_pca_without_odds,prob_H_and_O45,[0.20-0.25),0.225,1912,20.55439330543933,0.22073365140539822,393.0,2861,639.0,22.334847955260397
gradient_boosting_pca_without_odds,prob_H_and_O45,[0.25-0.30),0.275,663,24.58521870286576,0.2715761126178885,163.0,949,246.0,25.922023182297156
gradient_boosting_pca_without_odds,prob_H_and_O45,[0.30-0.35),0.32500000000000007,199,25.125628140703515,0.31978962938078,50.0,286,83.0,29.02097902097902
gradient_boosting_pca_without_odds,prob_H_and_O45,[0.35-0.40),0.375,56,37.5,0.37125261840318363,21.0,87,33.0,37.93103448275862
gradient_boosting_pca_without_odds,prob_H_and_O45,[0.40-0.45),0.42500000000000004,31,38.70967741935484,0.4211966724482592,12.0,31,12.0,38.70967741935484
gradient_boosting_pca_without_odds,prob_H_and_U15,[0.00-0.05),0.025,3258,4.297114794352364,0.038160887463912795,140.0,109755,10718.0,9.765386542754316
gradient_boosting_pca_without_odds,prob_H_and_U15,[0.05-0.10),0.07500000000000001,54828,8.471948639381338,0.08458075560706235,4645.0,106497,10578.0,9.93267415983549
gradient_boosting_pca_without_odds,prob_H_and_U15,[0.10-0.15),0.125,50926,11.50492872010368,0.11559732278307788,5859.0,51669,5933.0,11.482707232576592
gradient_boosting_pca_without_odds,prob_H_and_U15,[0.15-0.20),0.17500000000000002,743,9.959623149394348,0.15939020680623014,74.0,743,74.0,9.959623149394348
gradient_boosting_pca_without_odds,prob_H_and_U25,[0.00-0.05),0.025,799,5.381727158948686,0.03582218596564208,43.0,109755,18783.0,17.113571135711357
gradient_boosting_pca_without_odds,prob_H_and_U25,[0.05-0.10),0.07500000000000001,6169,7.732209434268114,0.08094554532184974,477.0,108956,18740.0,17.19960350967363
gradient_boosting_pca_without_odds,prob_H_and_U25,[0.10-0.15),0.125,21216,12.532993966817497,0.1291235589387908,2659.0,102787,18263.0,17.767811104517108
gradient_boosting_pca_without_odds,prob_H_and_U25,[0.15-0.20),0.17500000000000002,51530,17.708131185717058,0.17619815445254314,9125.0,81571,15604.0,19.1293474396538
gradient_boosting_pca_without_odds,prob_H_and_U25,[0.20-0.25),0.225,27426,21.43586377889594,0.21848546277785885,5879.0,30041,6479.0,21.567191504943246
gradient_boosting_pca_without_odds,prob_H_and_U25,[0.25-0.30),0.275,2502,22.781774580335732,0.26333160450839244,570.0,2615,600.0,22.94455066921606
gradient_boosting_pca_without_odds,prob_H_and_U25,[0.30-0.35),0.32500000000000007,113,26.548672566371685,0.3160402142876943,30.0,113,30.0,26.548672566371685
gradient_boosting_pca_without_odds,prob_H_and_U35,[0.00-0.05),0.025,113,7.079646017699115,0.035999700869147,8.0,109760,32809.0,29.891581632653065
gradient_boosting_pca_without_odds,prob_H_and_U35,[0.05-0.10),0.07500000000000001,828,8.57487922705314,0.08099302648595816,71.0,109647,32801.0,29.915091156164785
gradient_boosting_pca_without_odds,prob_H_and_U35,[0.10-0.15),0.125,2872,12.883008356545961,0.12893522878389962,370.0,108819,32730.0,30.07746808921236
gradient_boosting_pca_without_odds,prob_H_and_U35,[0.15-0.20),0.17500000000000002,6693,17.5108322127596,0.17862071211370825,1172.0,105947,32360.0,30.543573673629265
gradient_boosting_pca_without_odds,prob_H_and_U35,[0.20-0.25),0.225,13742,22.085577063018484,0.22770679827186868,3035.0,99254,31188.0,31.422411187458437
gradient_boosting_pca_without_odds,prob_H_and_U35,[0.25-0.30),0.275,29477,28.22200359602402,0.2813916166893682,8319.0,85512,28153.0,32.922864627186826
gradient_boosting_pca_without_odds,prob_H_and_U35,[0.30-0.35),0.32500000000000007,29691,32.5081674581523,0.32493328796386267,9652.0,56035,19834.0,35.395734808601766
gradient_boosting_pca_without_odds,prob_H_and_U35,[0.35-0.40),0.375,20243,37.74144148594576,0.3717964728459904,7640.0,26344,10182.0,38.65016702095353
gradient_boosting_pca_without_odds,prob_H_and_U35,[0.40-0.45),0.42500000000000004,5522,41.561028612821445,0.41671979073886306,2295.0,6101,2542.0,41.66530077036551
gradient_boosting_pca_without_odds,prob_H_and_U35,[0.45-0.50),0.475,539,41.74397031539889,0.46489837978560866,225.0,579,247.0,42.659758203799655
gradient_boosting_pca_without_odds,prob_H_and_U35,[0.50-0.55),0.525,40,55.00000000000001,0.5162704102587284,22.0,40,22.0,55.00000000000001
gradient_boosting_pca_without_odds,prob_H_and_U45,[0.00-0.05),0.025,77,7.792207792207792,0.03729184056538847,6.0,109756,39523.0,36.00987645322352
gradient_boosting_pca_without_odds,prob_H_and_U45,[0.05-0.10),0.07500000000000001,524,8.778625954198473,0.08105089018265105,46.0,109679,39517.0,36.02968663098679
gradient_boosting_pca_without_odds,prob_H_and_U45,[0.10-0.15),0.125,1766,12.287655719139298,0.1293240176857338,217.0,109155,39471.0,36.16050570289955
gradient_boosting_pca_without_odds,prob_H_and_U45,[0.15-0.20),0.17500000000000002,3729,16.27782247251274,0.17820721793525973,607.0,107389,39254.0,36.553092029909955
gradient_boosting_pca_without_odds,prob_H_and_U45,[0.20-0.25),0.225,7511,22.859805618426307,0.22767744117730634,1717.0,103660,38647.0,37.282461894655604
gradient_boosting_pca_without_odds,prob_H_and_U45,[0.25-0.30),0.275,12639,26.46570140042725,0.27698532553826033,3345.0,96149,36930.0,38.40913582044535
gradient_boosting_pca_without_odds,prob_H_and_U45,[0.30-0.35),0.32500000000000007,18611,32.17452044489818,0.326149154962654,5988.0,83510,33585.0,40.21674051011855
gradient_boosting_pca_without_odds,prob_H_and_U45,[0.35-0.40),0.375,28369,37.45990341570023,0.37187774377821503,10627.0,64899,27597.0,42.522997272685245
gradient_boosting_pca_without_odds,prob_H_and_U45,[0.40-0.45),0.42500000000000004,18289,42.522827929356446,0.42335091623731375,7777.0,36530,16970.0,46.454968519025456
gradient_boosting_pca_without_odds,prob_H_and_U45,[0.45-0.50),0.475,11302,47.6110422933994,0.4728077974655023,5381.0,18241,9193.0,50.39745627980922
gradient_boosting_pca_without_odds,prob_H_and_U45,[0.50-0.55),0.525,5511,53.83777898747959,0.5209186632345681,2967.0,6939,3812.0,54.93586972186194
gradient_boosting_pca_without_odds,prob_H_and_U45,[0.55-0.60),0.5750000000000001,1286,58.78693623639192,0.5670268437221828,756.0,1428,845.0,59.173669467787114
gradient_boosting_pca_without_odds,prob_H_and_U45,[0.60-0.65),0.625,142,62.676056338028175,0.6164976399735984,89.0,142,89.0,62.676056338028175
gradient_boosting_pca_without_odds,prob_O15,[0.55-0.60),0.5750000000000001,168,76.78571428571429,0.5824878499945136,129.0,109742,83092.0,75.7157697144211
gradient_boosting_pca_without_odds,prob_O15,[0.60-0.65),0.625,1550,69.16129032258065,0.6343972655802945,1072.0,109574,82963.0,75.71412926424152
gradient_boosting_pca_without_odds,prob_O15,[0.65-0.70),0.675,12570,70.1988862370724,0.6819346390497196,8824.0,108024,81891.0,75.80815374361252
gradient_boosting_pca_without_odds,prob_O15,[0.70-0.75),0.7250000000000001,34512,73.15716272600834,0.7268595938149192,25248.0,95454,73067.0,76.5468183627716
gradient_boosting_pca_without_odds,prob_O15,[0.75-0.80),0.775,41402,76.73542340949713,0.7707466624287269,31770.0,60942,47819.0,78.46641068556988
gradient_boosting_pca_without_odds,prob_O15,[0.80-0.85),0.8250000000000001,15740,81.25158831003812,0.8196273245473263,12789.0,19540,16049.0,82.13408393039919
gradient_boosting_pca_without_odds,prob_O15,[0.85-0.90),0.875,3319,85.41729436577282,0.8674589570899331,2835.0,3800,3260.0,85.78947368421052
gradient_boosting_pca_without_odds,prob_O15,[0.90-0.95),0.925,481,88.35758835758836,0.9177704584669554,425.0,481,425.0,88.35758835758836
gradient_boosting_pca_without_odds,prob_O25,[0.25-0.30),0.275,43,51.162790697674424,0.2867440701984406,22.0,109753,57139.0,52.06144706750613
gradient_boosting_pca_without_odds,prob_O25,[0.30-0.35),0.32500000000000007,388,46.391752577319586,0.3331857833243466,180.0,109710,57117.0,52.061799289034724
gradient_boosting_pca_without_odds,prob_O25,[0.35-0.40),0.375,3113,44.77995502730485,0.38296006666820476,1394.0,109322,56937.0,52.081923126177706
gradient_boosting_pca_without_odds,prob_O25,[0.40-0.45),0.42500000000000004,14858,44.96567505720824,0.42960373222532877,6681.0,106209,55543.0,52.295944788106475
gradient_boosting_pca_without_odds,prob_O25,[0.45-0.50),0.475,27647,48.34159221615365,0.4759195804338693,13365.0,91351,48862.0,53.48819388950312
gradient_boosting_pca_without_odds,prob_O25,[0.50-0.55),0.525,33474,52.21365836171357,0.5224237967322437,17478.0,63704,35497.0,55.7217757126711
gradient_boosting_pca_without_odds,prob_O25,[0.55-0.60),0.5750000000000001,18016,57.06594138543517,0.5722969715351381,10281.0,30230,18019.0,59.60635130664902
gradient_boosting_pca_without_odds,prob_O25,[0.60-0.65),0.625,7912,61.084428715874616,0.6209000728048719,4833.0,12214,7738.0,63.35352873751433
gradient_boosting_pca_without_odds,prob_O25,[0.65-0.70),0.675,2890,66.78200692041523,0.6702076513023527,1930.0,4302,2905.0,67.52673175267317
gradient_boosting_pca_without_odds,prob_O25,[0.70-0.75),0.7250000000000001,948,66.56118143459916,0.7200467956098239,631.0,1412,975.0,69.05099150141642
gradient_boosting_pca_without_odds,prob_O25,[0.75-0.80),0.775,309,69.90291262135922,0.7713819403706722,216.0,464,344.0,74.13793103448276
gradient_boosting_pca_without_odds,prob_O25,[0.80-0.85),0.8250000000000001,116,81.89655172413794,0.8235008048562605,95.0,155,128.0,82.58064516129032
gradient_boosting_pca_without_odds,prob_O25,[0.85-0.90),0.875,39,84.61538461538461,0.8662304560471625,33.0,39,33.0,84.61538461538461
gradient_boosting_pca_without_odds,prob_O25_and_BTTS_N,[0.05-0.10),0.07500000000000001,71597,10.068857633699736,0.08390910510429317,7209.0,109747,12807.0,11.669567277465443
gradient_boosting_pca_without_odds,prob_O25_and_BTTS_N,[0.10-0.15),0.125,30152,12.960997612098698,0.11424470603773515,3908.0,38150,5598.0,14.673656618610748
gradient_boosting_pca_without_odds,prob_O25_and_BTTS_N,[0.15-0.20),0.17500000000000002,5452,19.002201027146,0.16996212745746855,1036.0,7998,1690.0,21.13028257064266
gradient_boosting_pca_without_odds,prob_O25_and_BTTS_N,[0.20-0.25),0.225,1822,24.69813391877058,0.2211689997641747,450.0,2546,654.0,25.687352710133542
gradient_boosting_pca_without_odds,prob_O25_and_BTTS_N,[0.25-0.30),0.275,518,27.7992277992278,0.2702930567168286,144.0,724,204.0,28.176795580110497
gradient_boosting_pca_without_odds,prob_O25_and_BTTS_N,[0.30-0.35),0.32500000000000007,160,25.0,0.3197822649449996,40.0,206,60.0,29.126213592233007
gradient_boosting_pca_without_odds,prob_O25_and_BTTS_N,[0.35-0.40),0.375,46,43.47826086956522,0.37289936261050455,20.0,46,20.0,43.47826086956522
gradient_boosting_pca_without_odds,prob_O25_and_BTTS_Y,[0.20-0.25),0.225,127,37.79527559055118,0.23537678026067826,48.0,109738,44318.0,40.38528130638429
gradient_boosting_pca_without_odds,prob_O25_and_BTTS_Y,[0.25-0.30),0.275,1228,34.527687296416936,0.28353475684409396,424.0,109611,44270.0,40.38828219795458
gradient_boosting_pca_without_odds,prob_O25_and_BTTS_Y,[0.30-0.35),0.32500000000000007,10246,35.731016982236966,0.33218562645756994,3661.0,108383,43846.0,40.454683852633714
gradient_boosting_pca_without_odds,prob_O25_and_BTTS_Y,[0.35-0.40),0.375,30972,37.83417280123983,0.37721793126274283,11718.0,98137,40185.0,40.947858605826546
gradient_boosting_pca_without_odds,prob_O25_and_BTTS_Y,[0.40-0.45),0.42500000000000004,40680,40.624385447394296,0.42252073368813725,16526.0,67165,28467.0,42.38368197722028
gradient_boosting_pca_without_odds,prob_O25_and_BTTS_Y,[0.45-0.50),0.475,19318,44.24371052904028,0.4710447183221045,8547.0,26485,11941.0,45.0858976779309
gradient_boosting_pca_without_odds,prob_O25_and_BTTS_Y,[0.50-0.55),0.525,5624,47.61735419630156,0.5187623626102432,2678.0,7167,3394.0,47.3559369331659
gradient_boosting_pca_without_odds,prob_O25_and_BTTS_Y,[0.55-0.60),0.5750000000000001,1162,48.53700516351119,0.5688500705864928,564.0,1543,716.0,46.403110823071934
gradient_boosting_pca_without_odds,prob_O25_and_BTTS_Y,[0.60-0.65),0.625,306,41.50326797385621,0.6194548414913227,127.0,381,152.0,39.89501312335958
gradient_boosting_pca_without_odds,prob_O25_and_BTTS_Y,[0.65-0.70),0.675,75,33.33333333333333,0.668612995752294,25.0,75,25.0,33.33333333333333
gradient_boosting_pca_without_odds,prob_O35,[0.10-0.15),0.125,216,25.925925925925924,0.13673310613243284,56.0,109740,32927.0,30.004556223801714
gradient_boosting_pca_without_odds,prob_O35,[0.15-0.20),0.17500000000000002,3807,23.87706855791962,0.18507040120747179,909.0,109524,32871.0,30.012599978086996
gradient_boosting_pca_without_odds,prob_O35,[0.20-0.25),0.225,22009,24.65355082011904,0.22927646237802815,5426.0,105717,31962.0,30.233548057549875
gradient_boosting_pca_without_odds,prob_O35,[0.25-0.30),0.275,38797,27.74956826558754,0.2783559144952342,10766.0,83708,26536.0,31.700673770726812
gradient_boosting_pca_without_odds,prob_O35,[0.30-0.35),0.32500000000000007,24830,32.23519935561821,0.3228833115704315,8004.0,44911,15770.0,35.11389191957427
gradient_boosting_pca_without_odds,prob_O35,[0.35-0.40),0.375,12394,36.12231725028239,0.3713377620290832,4477.0,20081,7766.0,38.67337283999801
gradient_boosting_pca_without_odds,prob_O35,[0.40-0.45),0.42500000000000004,4809,41.027240590559366,0.4210767999842301,1973.0,7687,3289.0,42.78652270066346
gradient_boosting_pca_without_odds,prob_O35,[0.45-0.50),0.475,1755,44.558404558404554,0.47100043218200055,782.0,2878,1316.0,45.72619874913134
gradient_boosting_pca_without_odds,prob_O35,[0.50-0.55),0.525,662,44.10876132930513,0.5209236972933626,292.0,1123,534.0,47.551202137132684
gradient_boosting_pca_without_odds,prob_O35,[0.55-0.60),0.5750000000000001,235,47.65957446808511,0.5697610103333591,112.0,461,242.0,52.49457700650759
gradient_boosting_pca_without_odds,prob_O35,[0.60-0.65),0.625,125,52.0,0.6179006203472284,65.0,226,130.0,57.52212389380531
gradient_boosting_pca_without_odds,prob_O35,[0.65-0.70),0.675,75,62.66666666666667,0.6717944356563728,47.0,101,65.0,64.35643564356435
gradient_boosting_pca_without_odds,prob_O35,[0.70-0.75),0.7250000000000001,26,69.23076923076923,0.7213989953397693,18.0,26,18.0,69.23076923076923
gradient_boosting_pca_without_odds,prob_O35_and_BTTS_N,[0.00-0.05),0.025,93602,4.135595393260828,0.030234792650467964,3871.0,109759,5438.0,4.954491203454842
gradient_boosting_pca_without_odds,prob_O35_and_BTTS_N,[0.05-0.10),0.07500000000000001,13269,8.561308312608336,0.06659424738900528,1136.0,16157,1567.0,9.698582657671597
gradient_boosting_pca_without_odds,prob_O35_and_BTTS_N,[0.10-0.15),0.125,2279,13.777972795085564,0.11915499271636298,314.0,2888,431.0,14.923822714681439
gradient_boosting_pca_without_odds,prob_O35_and_BTTS_N,[0.15-0.20),0.17500000000000002,470,18.51063829787234,0.17005045235640032,87.0,609,117.0,19.21182266009852
gradient_boosting_pca_without_odds,prob_O35_and_BTTS_N,[0.20-0.25),0.225,112,20.535714285714285,0.2193359477463041,23.0,139,30.0,21.58273381294964
gradient_boosting_pca_without_odds,prob_O35_and_BTTS_N,[0.25-0.30),0.275,27,25.925925925925924,0.2712453954340895,7.0,27,7.0,25.925925925925924
gradient_boosting_pca_without_odds,prob_O35_and_BTTS_Y,[0.05-0.10),0.07500000000000001,21,33.33333333333333,0.0857833045601923,7.0,109750,27496.0,25.053302961275627
gradient_boosting_pca_without_odds,prob_O35_and_BTTS_Y,[0.10-0.15),0.125,754,20.291777188328915,0.1365738852611085,153.0,109729,27489.0,25.05171832423516
gradient_boosting_pca_without_odds,prob_O35_and_BTTS_Y,[0.15-0.20),0.17500000000000002,11334,20.76054349744133,0.18342046072691234,2353.0,108975,27336.0,25.08465244322092
gradient_boosting_pca_without_odds,prob_O35_and_BTTS_Y,[0.20-0.25),0.225,35678,22.7367004876955,0.22651689455258311,8112.0,97641,24983.0,25.586587601519856
gradient_boosting_pca_without_odds,prob_O35_and_BTTS_Y,[0.25-0.30),0.275,39652,25.49682235448401,0.27134037702826963,10110.0,61963,16871.0,27.22753901521876
gradient_boosting_pca_without_odds,prob_O35_and_BTTS_Y,[0.30-0.35),0.32500000000000007,16358,29.52683702164079,0.3208510452683543,4830.0,22311,6761.0,30.303437766124336
gradient_boosting_pca_without_odds,prob_O35_and_BTTS_Y,[0.35-0.40),0.375,4452,32.88409703504043,0.368962440163904,1464.0,5953,1931.0,32.43742650764321
gradient_boosting_pca_without_odds,prob_O35_and_BTTS_Y,[0.40-0.45),0.42500000000000004,1020,31.862745098039213,0.4195470550751007,325.0,1501,467.0,31.11259160559627
gradient_boosting_pca_without_odds,prob_O35_and_BTTS_Y,[0.45-0.50),0.475,291,29.20962199312715,0.47180902904322275,85.0,481,142.0,29.521829521829524
gradient_boosting_pca_without_odds,prob_O35_and_BTTS_Y,[0.50-0.55),0.525,140,27.857142857142858,0.5202091857377352,39.0,190,57.0,30.0
gradient_boosting_pca_without_odds,prob_O35_and_BTTS_Y,[0.55-0.60),0.5750000000000001,50,36.0,0.5669082805768597,18.0,50,18.0,36.0
gradient_boosting_pca_without_odds,prob_U15,[0.05-0.10),0.07500000000000001,481,11.642411642411643,0.0822295415330446,56.0,109742,26650.0,24.284230285578904
gradient_boosting_pca_without_odds,prob_U15,[0.10-0.15),0.125,3319,14.582705634227178,0.13254104291006688,484.0,109261,26594.0,24.339883398467887
gradient_boosting_pca_without_odds,prob_U15,[0.15-0.20),0.17500000000000002,15740,18.74841168996188,0.18037267545267352,2951.0,105942,26110.0,24.6455607785392
gradient_boosting_pca_without_odds,prob_U15,[0.20-0.25),0.225,41402,23.264576590502877,0.22925333757127306,9632.0,90202,23159.0,25.674597015587235
gradient_boosting_pca_without_odds,prob_U15,[0.25-0.30),0.275,34512,26.842837273991655,0.27314040618508084,9264.0,48800,13527.0,27.719262295081965
gradient_boosting_pca_without_odds,prob_U15,[0.30-0.35),0.32500000000000007,12570,29.801113762927606,0.3180653609502805,3746.0,14288,4263.0,29.836226203807392
gradient_boosting_pca_without_odds,prob_U15,[0.35-0.40),0.375,1550,30.838709677419356,0.3656027344197054,478.0,1718,517.0,30.09313154831199
gradient_boosting_pca_without_odds,prob_U15,[0.40-0.45),0.42500000000000004,168,23.214285714285715,0.41751215000548647,39.0,168,39.0,23.214285714285715
gradient_boosting_pca_without_odds,prob_U25,[0.10-0.15),0.125,39,15.384615384615385,0.13376954395283752,6.0,109753,52614.0,47.93855293249387
gradient_boosting_pca_without_odds,prob_U25,[0.15-0.20),0.17500000000000002,116,18.103448275862068,0.17649919514373935,21.0,109714,52608.0,47.95012487011685
gradient_boosting_pca_without_odds,prob_U25,[0.20-0.25),0.225,309,30.097087378640776,0.22861805962932774,93.0,109598,52587.0,47.98171499479918
gradient_boosting_pca_without_odds,prob_U25,[0.25-0.30),0.275,948,33.438818565400844,0.279953204390176,317.0,109289,52494.0,48.03228138238981
gradient_boosting_pca_without_odds,prob_U25,[0.30-0.35),0.32500000000000007,2890,33.21799307958477,0.32979234869764734,960.0,108341,52177.0,48.15997637090298
gradient_boosting_pca_without_odds,prob_U25,[0.35-0.40),0.375,7912,38.91557128412538,0.379099927195128,3079.0,105451,51217.0,48.569477766924926
gradient_boosting_pca_without_odds,prob_U25,[0.40-0.45),0.42500000000000004,18016,42.93405861456483,0.42770302846486186,7735.0,97539,48138.0,49.35256666564143
gradient_boosting_pca_without_odds,prob_U25,[0.45-0.50),0.475,33474,47.78634163828643,0.4775762032677564,15996.0,79523,40403.0,50.80668485846862
gradient_boosting_pca_without_odds,prob_U25,[0.50-0.55),0.525,27647,51.65840778384635,0.5240804195661308,14282.0,46049,24407.0,53.00223674781211
gradient_boosting_pca_without_odds,prob_U25,[0.55-0.60),0.5750000000000001,14858,55.034324942791756,0.5703962677746713,8177.0,18402,10125.0,55.02119334854907
gradient_boosting_pca_without_odds,prob_U25,[0.60-0.65),0.625,3113,55.22004497269515,0.6170399333317953,1719.0,3544,1948.0,54.966139954853276
gradient_boosting_pca_without_odds,prob_U25,[0.65-0.70),0.675,388,53.608247422680414,0.6668142166756533,208.0,431,229.0,53.1322505800464
gradient_boosting_pca_without_odds,prob_U25,[0.70-0.75),0.7250000000000001,43,48.837209302325576,0.7132559298015594,21.0,43,21.0,48.837209302325576
gradient_boosting_pca_without_odds,prob_U35,[0.25-0.30),0.275,26,30.76923076923077,0.2786010046602307,8.0,109740,76813.0,69.99544377619829
gradient_boosting_pca_without_odds,prob_U35,[0.30-0.35),0.32500000000000007,75,37.333333333333336,0.32820556434362724,28.0,109714,76805.0,70.00473959567603
gradient_boosting_pca_without_odds,prob_U35,[0.35-0.40),0.375,125,48.0,0.3820993796527717,60.0,109639,76777.0,70.02708890084732
gradient_boosting_pca_without_odds,prob_U35,[0.40-0.45),0.42500000000000004,235,52.34042553191489,0.43023898966664087,123.0,109514,76717.0,70.05223076501635
gradient_boosting_pca_without_odds,prob_U35,[0.45-0.50),0.475,662,55.89123867069487,0.47907630270663737,370.0,109279,76594.0,70.09031927451753
gradient_boosting_pca_without_odds,prob_U35,[0.50-0.55),0.525,1755,55.44159544159544,0.5289995678179995,973.0,108617,76224.0,70.17685997587854
gradient_boosting_pca_without_odds,prob_U35,[0.55-0.60),0.5750000000000001,4809,58.972759409440634,0.5789232000157699,2836.0,106862,75251.0,70.41885796634912
gradient_boosting_pca_without_odds,prob_U35,[0.60-0.65),0.625,12394,63.8776827497176,0.6286622379709169,7917.0,102053,72415.0,70.95822758762603
gradient_boosting_pca_without_odds,prob_U35,[0.65-0.70),0.675,24830,67.7648006443818,0.6771166884295685,16826.0,89659,64498.0,71.93700576629229
gradient_boosting_pca_without_odds,prob_U35,[0.70-0.75),0.7250000000000001,38797,72.25043173441246,0.7216440855047658,28031.0,64829,47672.0,73.53499205602431
gradient_boosting_pca_without_odds,prob_U35,[0.75-0.80),0.775,22009,75.34644917988096,0.7707235376219717,16583.0,26032,19641.0,75.44944683466503
gradient_boosting_pca_without_odds,prob_U35,[0.80-0.85),0.8250000000000001,3807,76.12293144208037,0.8149295987925282,2898.0,4023,3058.0,76.0129256773552
gradient_boosting_pca_without_odds,prob_U35,[0.85-0.90),0.875,216,74.07407407407408,0.8632668938675672,160.0,216,160.0,74.07407407407408
gradient_boosting_pca_without_odds,prob_X2,[0.05-0.10),0.07500000000000001,21,4.761904761904762,0.08812190868998104,1.0,109746,61211.0,55.77515353634757
gradient_boosting_pca_without_odds,prob_X2,[0.10-0.15),0.125,142,16.19718309859155,0.1313853844189419,23.0,109725,61210.0,55.784916837548415
gradient_boosting_pca_without_odds,prob_X2,[0.15-0.20),0.17500000000000002,437,14.874141876430205,0.1785076357091655,65.0,109583,61187.0,55.83621547137786
gradient_boosting_pca_without_odds,prob_X2,[0.20-0.25),0.225,1151,18.766290182450042,0.22761894043181802,216.0,109146,61122.0,56.00021988895608
gradient_boosting_pca_without_odds,prob_X2,[0.25-0.30),0.275,1930,25.38860103626943,0.27690979802433474,490.0,107995,60906.0,56.397055419232366
gradient_boosting_pca_without_odds,prob_X2,[0.30-0.35),0.32500000000000007,3261,31.95338853112542,0.32677392929523036,1042.0,106065,60416.0,56.96129731768256
gradient_boosting_pca_without_odds,prob_X2,[0.35-0.40),0.375,5064,36.552132701421804,0.3769124629257481,1851.0,102804,59374.0,57.75456207929652
gradient_boosting_pca_without_odds,prob_X2,[0.40-0.45),0.42500000000000004,7918,41.58878504672897,0.4264510939569778,3293.0,97740,57523.0,58.853079598935956
gradient_boosting_pca_without_odds,prob_X2,[0.45-0.50),0.475,11799,47.47859988134588,0.47668396370883703,5602.0,89822,54230.0,60.3749638173276
gradient_boosting_pca_without_odds,prob_X2,[0.50-0.55),0.525,15915,52.15205780710021,0.5261946729977642,8300.0,78023,48628.0,62.32521179652154
gradient_boosting_pca_without_odds,prob_X2,[0.55-0.60),0.5750000000000001,23487,56.82718099374122,0.5700707502513954,13347.0,62108,40328.0,64.93205384169511
gradient_boosting_pca_without_odds,prob_X2,[0.60-0.65),0.625,14526,63.424204874019,0.6242558396230731,9213.0,38621,26981.0,69.8609564744569
gradient_boosting_pca_without_odds,prob_X2,[0.65-0.70),0.675,10609,68.7906494485814,0.6735595445059535,7298.0,24095,17768.0,73.74144013280764
gradient_boosting_pca_without_odds,prob_X2,[0.70-0.75),0.7250000000000001,6708,73.43470483005366,0.7227168423056888,4926.0,13486,10470.0,77.63606703247812
gradient_boosting_pca_without_odds,prob_X2,[0.75-0.80),0.775,3741,78.66880513231756,0.7723272256167476,2943.0,6778,5544.0,81.79403953968722
gradient_boosting_pca_without_odds,prob_X2,[0.80-0.85),0.8250000000000001,1921,83.91462779802187,0.8225918197267986,1612.0,3037,2601.0,85.64372736252881
gradient_boosting_pca_without_odds,prob_X2,[0.85-0.90),0.875,875,88.22857142857143,0.870312367144934,772.0,1116,989.0,88.62007168458781
gradient_boosting_pca_without_odds,prob_X2,[0.90-0.95),0.925,241,90.04149377593362,0.9190337122843427,217.0,241,217.0,90.04149377593362
gradient_boosting_pca_without_odds,prob_X2_and_BTTS_N,[0.00-0.05),0.025,299,4.682274247491638,0.03985618453842717,14.0,109757,26110.0,23.788915513361335
gradient_boosting_pca_without_odds,prob_X2_and_BTTS_N,[0.05-0.10),0.07500000000000001,3621,7.263186964926815,0.08070009704936054,263.0,109458,26096.0,23.841108004896856
gradient_boosting_pca_without_odds,prob_X2_and_BTTS_N,[0.10-0.15),0.125,10038,13.229727037258417,0.12822808733619276,1328.0,105837,25833.0,24.40828821678619
gradient_boosting_pca_without_odds,prob_X2_and_BTTS_N,[0.15-0.20),0.17500000000000002,19648,17.71172638436482,0.1773085876502974,3480.0,95799,24505.0,25.57959895197236
gradient_boosting_pca_without_odds,prob_X2_and_BTTS_N,[0.20-0.25),0.225,35446,23.19866839699825,0.22676881920429517,8223.0,76151,21025.0,27.609617733188006
gradient_boosting_pca_without_odds,prob_X2_and_BTTS_N,[0.25-0.30),0.275,24332,28.813907611375967,0.2725867726962519,7011.0,40705,12802.0,31.450681734430656
gradient_boosting_pca_without_odds,prob_X2_and_BTTS_N,[0.30-0.35),0.32500000000000007,11613,33.694996986136225,0.32082665245278796,3913.0,16373,5791.0,35.36920539913272
gradient_boosting_pca_without_odds,prob_X2_and_BTTS_N,[0.35-0.40),0.375,3458,37.96992481203007,0.36899043590087555,1313.0,4760,1878.0,39.45378151260504
gradient_boosting_pca_without_odds,prob_X2_and_BTTS_N,[0.40-0.45),0.42500000000000004,967,42.812823164426064,0.4205995152319811,414.0,1302,565.0,43.39477726574501
gradient_boosting_pca_without_odds,prob_X2_and_BTTS_N,[0.45-0.50),0.475,240,48.75,0.46972280430855723,117.0,335,151.0,45.07462686567164
gradient_boosting_pca_without_odds,prob_X2_and_BTTS_N,[0.50-0.55),0.525,68,36.76470588235294,0.5225075739659912,25.0,95,34.0,35.78947368421053
gradient_boosting_pca_without_odds,prob_X2_and_BTTS_N,[0.55-0.60),0.5750000000000001,27,33.33333333333333,0.5698340793904374,9.0,27,9.0,33.33333333333333
gradient_boosting_pca_without_odds,prob_X2_and_BTTS_Y,[0.05-0.10),0.07500000000000001,141,10.638297872340425,0.08497780082017174,15.0,109757,35110.0,31.988848091693466
gradient_boosting_pca_without_odds,prob_X2_and_BTTS_Y,[0.10-0.15),0.125,900,11.555555555555555,0.13092947407321892,104.0,109616,35095.0,32.016311487374104
gradient_boosting_pca_without_odds,prob_X2_and_BTTS_Y,[0.15-0.20),0.17500000000000002,3109,16.436153103891925,0.1790697383528787,511.0,108716,34991.0,32.185694837926334
gradient_boosting_pca_without_odds,prob_X2_and_BTTS_Y,[0.20-0.25),0.225,8513,22.354046752026314,0.22930529503718286,1903.0,105607,34480.0,32.6493508953005
gradient_boosting_pca_without_odds,prob_X2_and_BTTS_Y,[0.25-0.30),0.275,22171,28.244102656623514,0.278459114865708,6262.0,97094,32577.0,33.55202175211651
gradient_boosting_pca_without_odds,prob_X2_and_BTTS_Y,[0.30-0.35),0.32500000000000007,38605,32.0476622199197,0.3249048125254051,12372.0,74923,26315.0,35.12272599869199
gradient_boosting_pca_without_odds,prob_X2_and_BTTS_Y,[0.35-0.40),0.375,21898,37.18147776052608,0.37223389379340366,8142.0,36318,13943.0,38.391431246214
gradient_boosting_pca_without_odds,prob_X2_and_BTTS_Y,[0.40-0.45),0.42500000000000004,10433,39.700948912105815,0.421172426931357,4142.0,14420,5801.0,40.22884882108183
gradient_boosting_pca_without_odds,prob_X2_and_BTTS_Y,[0.45-0.50),0.475,3062,41.73742651861529,0.46860765978568747,1278.0,3987,1659.0,41.61023325808879
gradient_boosting_pca_without_odds,prob_X2_and_BTTS_Y,[0.50-0.55),0.525,665,42.40601503759399,0.5196741733346437,282.0,925,381.0,41.18918918918919
gradient_boosting_pca_without_odds,prob_X2_and_BTTS_Y,[0.55-0.60),0.5750000000000001,210,36.666666666666664,0.5714154071154699,77.0,260,99.0,38.07692307692307
gradient_boosting_pca_without_odds,prob_X2_and_BTTS_Y,[0.60-0.65),0.625,50,44.0,0.6167472472849158,22.0,50,22.0,44.0
gradient_boosting_pca_without_odds,prob_X2_and_O15,[0.05-0.10),0.07500000000000001,101,10.891089108910892,0.08419729401689569,11.0,109755,45282.0,41.2573459067924
gradient_boosting_pca_without_odds,prob_X2_and_O15,[0.10-0.15),0.125,627,10.36682615629984,0.13032648900386345,65.0,109654,45271.0,41.28531562916081
gradient_boosting_pca_without_odds,prob_X2_and_O15,[0.15-0.20),0.17500000000000002,1929,16.744427164333853,0.17838398578036682,323.0,109027,45206.0,41.46312381336733
gradient_boosting_pca_without_odds,prob_X2_and_O15,[0.20-0.25),0.225,4243,21.824181004006597,0.22828535566323185,926.0,107098,44883.0,41.90834562736933
gradient_boosting_pca_without_odds,prob_X2_and_O15,[0.25-0.30),0.275,8406,28.26552462526767,0.27797229590085104,2376.0,102855,43957.0,42.73686257352583
gradient_boosting_pca_without_odds,prob_X2_and_O15,[0.30-0.35),0.32500000000000007,15165,33.03659742828882,0.3273637448678897,5010.0,94449,41581.0,44.024817626443905
gradient_boosting_pca_without_odds,prob_X2_and_O15,[0.35-0.40),0.375,20776,37.5,0.3755454740228898,7791.0,79284,36571.0,46.12658291710812
gradient_boosting_pca_without_odds,prob_X2_and_O15,[0.40-0.45),0.42500000000000004,24974,42.03171298150076,0.42079127396926563,10497.0,58508,28780.0,49.189854378888356
gradient_boosting_pca_without_odds,prob_X2_and_O15,[0.45-0.50),0.475,13448,48.63920285544319,0.47329625391024505,6541.0,33534,18283.0,54.520784875052186
gradient_boosting_pca_without_odds,prob_X2_and_O15,[0.50-0.55),0.525,8528,53.189493433395874,0.5230229079250794,4536.0,20086,11742.0,58.45862790002987
gradient_boosting_pca_without_odds,prob_X2_and_O15,[0.55-0.60),0.5750000000000001,5358,57.31616274729377,0.5730280717905646,3071.0,11558,7206.0,62.34642671742516
gradient_boosting_pca_without_odds,prob_X2_and_O15,[0.60-0.65),0.625,2968,62.870619946091644,0.6225378349069364,1866.0,6200,4135.0,66.69354838709678
gradient_boosting_pca_without_odds,prob_X2_and_O15,[0.65-0.70),0.675,1708,67.50585480093677,0.6722823783614773,1153.0,3232,2269.0,70.20420792079209
gradient_boosting_pca_without_odds,prob_X2_and_O15,[0.70-0.75),0.7250000000000001,878,68.56492027334852,0.7216589330530082,602.0,1524,1116.0,73.22834645669292
gradient_boosting_pca_without_odds,prob_X2_and_O15,[0.75-0.80),0.775,377,77.71883289124668,0.7728536642377313,293.0,646,514.0,79.56656346749226
gradient_boosting_pca_without_odds,prob_X2_and_O15,[0.80-0.85),0.8250000000000001,177,80.22598870056498,0.8212455178689472,142.0,269,221.0,82.15613382899627
gradient_boosting_pca_without_odds,prob_X2_and_O15,[0.85-0.90),0.875,92,85.86956521739131,0.8749614335758504,79.0,92,79.0,85.86956521739131
gradient_boosting_pca_without_odds,prob_X2_and_O25,[0.00-0.05),0.025,131,5.343511450381679,0.04157094347465495,7.0,109759,27389.0,24.953762333840505
gradient_boosting_pca_without_odds,prob_X2_and_O25,[0.05-0.10),0.07500000000000001,2164,8.78003696857671,0.08306086862762298,190.0,109628,27382.0,24.977195606961725
gradient_boosting_pca_without_odds,prob_X2_and_O25,[0.10-0.15),0.125,9410,13.283740701381507,0.13012462757269136,1250.0,107464,27192.0,25.303357403409514
gradient_boosting_pca_without_odds,prob_X2_and_O25,[0.15-0.20),0.17500000000000002,22914,18.329405603561142,0.177330034091425,4200.0,98054,25942.0,26.456850306973706
gradient_boosting_pca_without_odds,prob_X2_and_O25,[0.20-0.25),0.225,33269,22.468363942408846,0.2280210499601405,7475.0,75140,21742.0,28.935320734628693
gradient_boosting_pca_without_odds,prob_X2_and_O25,[0.25-0.30),0.275,18528,27.822754749568222,0.2727766549971304,5155.0,41871,14267.0,34.073702562632846
gradient_boosting_pca_without_odds,prob_X2_and_O25,[0.30-0.35),0.32500000000000007,10344,33.8553750966744,0.3226088922633875,3502.0,23343,9112.0,39.03525682217367
gradient_boosting_pca_without_odds,prob_X2_and_O25,[0.35-0.40),0.375,6092,37.22915298752462,0.3726582619035606,2268.0,12999,5610.0,43.15716593584122
gradient_boosting_pca_without_odds,prob_X2_and_O25,[0.40-0.45),0.42500000000000004,3218,44.002486016159104,0.42209713179022884,1416.0,6907,3342.0,48.38569567105835
gradient_boosting_pca_without_odds,prob_X2_and_O25,[0.45-0.50),0.475,1767,47.53820033955857,0.47237534459818603,840.0,3689,1926.0,52.20927080509623
gradient_boosting_pca_without_odds,prob_X2_and_O25,[0.50-0.55),0.525,925,52.756756756756765,0.5212879739060406,488.0,1922,1086.0,56.50364203954214
gradient_boosting_pca_without_odds,prob_X2_and_O25,[0.55-0.60),0.5750000000000001,462,54.54545454545454,0.5713144894522753,252.0,997,598.0,59.97993981945837
gradient_boosting_pca_without_odds,prob_X2_and_O25,[0.60-0.65),0.625,252,61.904761904761905,0.6232093799833383,156.0,535,346.0,64.67289719626169
gradient_boosting_pca_without_odds,prob_X2_and_O25,[0.65-0.70),0.675,122,59.83606557377049,0.6717061215529759,73.0,283,190.0,67.13780918727915
gradient_boosting_pca_without_odds,prob_X2_and_O25,[0.70-0.75),0.7250000000000001,81,69.1358024691358,0.7235741845519625,56.0,161,117.0,72.67080745341616
gradient_boosting_pca_without_odds,prob_X2_and_O25,[0.75-0.80),0.775,54,68.51851851851852,0.7742017503405882,37.0,80,61.0,76.25
gradient_boosting_pca_without_odds,prob_X2_and_O25,[0.80-0.85),0.8250000000000001,26,92.3076923076923,0.824174697092596,24.0,26,24.0,92.3076923076923
gradient_boosting_pca_without_odds,prob_X2_and_O35,[0.00-0.05),0.025,732,4.644808743169399,0.04068573151216681,34.0,109742,17197.0,15.670390552386507
gradient_boosting_pca_without_odds,prob_X2_and_O35,[0.05-0.10),0.07500000000000001,16140,9.485749690210657,0.08370397249744546,1531.0,109010,17163.0,15.744427116778278
gradient_boosting_pca_without_odds,prob_X2_and_O35,[0.10-0.15),0.125,42659,12.85543496096955,0.12499307964596754,5484.0,92870,15632.0,16.832130935716595
gradient_boosting_pca_without_odds,prob_X2_and_O35,[0.15-0.20),0.17500000000000002,31598,16.874485726944744,0.16811482476149817,5332.0,50211,10148.0,20.21071080042222
gradient_boosting_pca_without_odds,prob_X2_and_O35,[0.20-0.25),0.225,10616,22.136397889977395,0.2218755011663702,2350.0,18613,4816.0,25.874388867995485
gradient_boosting_pca_without_odds,prob_X2_and_O35,[0.25-0.30),0.275,4491,27.766644399910934,0.2711648929660153,1247.0,7997,2466.0,30.836563711391772
gradient_boosting_pca_without_odds,prob_X2_and_O35,[0.30-0.35),0.32500000000000007,1915,30.966057441253263,0.3215038899960259,593.0,3506,1219.0,34.768967484312604
gradient_boosting_pca_without_odds,prob_X2_and_O35,[0.35-0.40),0.375,786,35.6234096692112,0.3725072228890358,280.0,1591,626.0,39.346323067253294
gradient_boosting_pca_without_odds,prob_X2_and_O35,[0.40-0.45),0.42500000000000004,371,36.38814016172507,0.42141099067384274,135.0,805,346.0,42.98136645962733
gradient_boosting_pca_without_odds,prob_X2_and_O35,[0.45-0.50),0.475,197,45.17766497461929,0.47204876208649754,89.0,434,211.0,48.61751152073733
gradient_boosting_pca_without_odds,prob_X2_and_O35,[0.50-0.55),0.525,96,52.083333333333336,0.5218762470219914,50.0,237,122.0,51.47679324894515
gradient_boosting_pca_without_odds,prob_X2_and_O35,[0.55-0.60),0.5750000000000001,69,46.3768115942029,0.5749815188380026,32.0,141,72.0,51.06382978723404
gradient_boosting_pca_without_odds,prob_X2_and_O35,[0.60-0.65),0.625,45,55.55555555555556,0.625579760168941,25.0,72,40.0,55.55555555555556
gradient_boosting_pca_without_odds,prob_X2_and_O35,[0.65-0.70),0.675,27,55.55555555555556,0.6688145913503134,15.0,27,15.0,55.55555555555556
gradient_boosting_pca_without_odds,prob_X2_and_O45,[0.00-0.05),0.025,43193,4.026115342763874,0.036959198600143336,1739.0,109732,7423.0,6.764662997120256
gradient_boosting_pca_without_odds,prob_X2_and_O45,[0.05-0.10),0.07500000000000001,52666,6.903884859302016,0.0682590619944148,3636.0,66539,5684.0,8.542358616751077
gradient_boosting_pca_without_odds,prob_X2_and_O45,[0.10-0.15),0.125,10014,12.752146994208108,0.11901529512400373,1277.0,13873,2048.0,14.76248828659987
gradient_boosting_pca_without_odds,prob_X2_and_O45,[0.15-0.20),0.17500000000000002,2504,17.13258785942492,0.1696727306247418,429.0,3859,771.0,19.979269240735942
gradient_boosting_pca_without_odds,prob_X2_and_O45,[0.20-0.25),0.225,760,21.973684210526315,0.22144973662952713,167.0,1355,342.0,25.239852398523986
gradient_boosting_pca_without_odds,prob_X2_and_O45,[0.25-0.30),0.275,301,24.916943521594686,0.27224943644033056,75.0,595,175.0,29.411764705882355
gradient_boosting_pca_without_odds,prob_X2_and_O45,[0.30-0.35),0.32500000000000007,127,26.77165354330709,0.3201144890994125,34.0,294,100.0,34.01360544217687
gradient_boosting_pca_without_odds,prob_X2_and_O45,[0.35-0.40),0.375,79,36.708860759493675,0.372353532821173,29.0,167,66.0,39.52095808383233
gradient_boosting_pca_without_odds,prob_X2_and_O45,[0.40-0.45),0.42500000000000004,48,33.33333333333333,0.42335766277245024,16.0,88,37.0,42.04545454545455
gradient_boosting_pca_without_odds,prob_X2_and_O45,[0.45-0.50),0.475,40,52.5,0.47255201997368734,21.0,40,21.0,52.5
gradient_boosting_pca_without_odds,prob_X2_and_U15,[0.00-0.05),0.025,857,4.3173862310385065,0.04021065101549283,37.0,109756,15935.0,14.518568460949744
gradient_boosting_pca_without_odds,prob_X2_and_U15,[0.05-0.10),0.07500000000000001,11223,8.357836585583177,0.08200333419636685,938.0,108899,15898.0,14.598848474274329
gradient_boosting_pca_without_odds,prob_X2_and_U15,[0.10-0.15),0.125,47672,13.292918274878335,0.13077890957682642,6337.0,97676,14960.0,15.315942503788033
gradient_boosting_pca_without_odds,prob_X2_and_U15,[0.15-0.20),0.17500000000000002,42518,16.795239663201468,0.17107045297609982,7141.0,50004,8623.0,17.244620430365572
gradient_boosting_pca_without_odds,prob_X2_and_U15,[0.20-0.25),0.225,7067,19.980189613697465,0.21433081462912926,1412.0,7486,1482.0,19.796954314720814
gradient_boosting_pca_without_odds,prob_X2_and_U15,[0.25-0.30),0.275,388,16.49484536082474,0.2657973821398969,64.0,419,70.0,16.706443914081145
gradient_boosting_pca_without_odds,prob_X2_and_U15,[0.30-0.35),0.32500000000000007,31,19.35483870967742,0.31551238554681604,6.0,31,6.0,19.35483870967742
gradient_boosting_pca_without_odds,prob_X2_and_U25,[0.05-0.10),0.07500000000000001,309,9.70873786407767,0.08295819322536993,30.0,109740,33826.0,30.823765263349735
gradient_boosting_pca_without_odds,prob_X2_and_U25,[0.10-0.15),0.125,1761,11.073253833049405,0.13006968544261646,195.0,109431,33796.0,30.883387705494787
gradient_boosting_pca_without_odds,prob_X2_and_U25,[0.15-0.20),0.17500000000000002,4834,17.190732312784444,0.17875777146161026,831.0,107670,33601.0,31.20739295997028
gradient_boosting_pca_without_odds,prob_X2_and_U25,[0.20-0.25),0.225,10788,22.93288839451242,0.22836954438790957,2474.0,102836,32770.0,31.866272511571825
gradient_boosting_pca_without_odds,prob_X2_and_U25,[0.25-0.30),0.275,21944,27.647648559970833,0.2776184384225089,6067.0,92048,30296.0,32.91326264557622
gradient_boosting_pca_without_odds,prob_X2_and_U25,[0.30-0.35),0.32500000000000007,40066,32.21185044676284,0.3234265711412038,12906.0,70104,24229.0,34.561508615770855
gradient_boosting_pca_without_odds,prob_X2_and_U25,[0.35-0.40),0.375,23480,37.01022146507666,0.37120339800906593,8690.0,30038,11323.0,37.69558559158399
gradient_boosting_pca_without_odds,prob_X2_and_U25,[0.40-0.45),0.42500000000000004,5856,40.28346994535519,0.4170372449864418,2359.0,6558,2633.0,40.14943580359866
gradient_boosting_pca_without_odds,prob_X2_and_U25,[0.45-0.50),0.475,619,38.77221324717286,0.4671576314550559,240.0,702,274.0,39.03133903133903
gradient_boosting_pca_without_odds,prob_X2_and_U25,[0.50-0.55),0.525,83,40.963855421686745,0.5184047851266104,34.0,83,34.0,40.963855421686745
gradient_boosting_pca_without_odds,prob_X2_and_U35,[0.05-0.10),0.07500000000000001,133,8.270676691729323,0.0832351088705972,11.0,109748,44005.0,40.09640266793017
gradient_boosting_pca_without_odds,prob_X2_and_U35,[0.10-0.15),0.125,674,11.275964391691394,0.13100737356880934,76.0,109615,43994.0,40.135018017607074
gradient_boosting_pca_without_odds,prob_X2_and_U35,[0.15-0.20),0.17500000000000002,1963,15.180845644421803,0.1778010517901228,298.0,108941,43918.0,40.31356422283621
gradient_boosting_pca_without_odds,prob_X2_and_U35,[0.20-0.25),0.225,3848,21.699584199584198,0.22770987098825457,835.0,106978,43620.0,40.774738731327936
gradient_boosting_pca_without_odds,prob_X2_and_U35,[0.25-0.30),0.275,6923,27.79141990466561,0.2770102399682892,1924.0,103130,42785.0,41.486473383108695
gradient_boosting_pca_without_odds,prob_X2_and_U35,[0.30-0.35),0.32500000000000007,11915,32.035249685270664,0.32699785560691247,3817.0,96207,40861.0,42.471961499682976
gradient_boosting_pca_without_odds,prob_X2_and_U35,[0.35-0.40),0.375,18989,37.44273000157986,0.3767196337182274,7110.0,84292,37044.0,43.9472310539553
gradient_boosting_pca_without_odds,prob_X2_and_U35,[0.40-0.45),0.42500000000000004,32037,42.004557230702,0.421331750957267,13457.0,65303,29934.0,45.83862915945669
gradient_boosting_pca_without_odds,prob_X2_and_U35,[0.45-0.50),0.475,21057,47.61836918839341,0.47312910173088607,10027.0,33266,16477.0,49.531052726507546
gradient_boosting_pca_without_odds,prob_X2_and_U35,[0.50-0.55),0.525,9809,52.49260882862677,0.5203534325658278,5149.0,12209,6450.0,52.82987959701859
gradient_boosting_pca_without_odds,prob_X2_and_U35,[0.55-0.60),0.5750000000000001,2050,54.29268292682927,0.567397101143299,1113.0,2400,1301.0,54.208333333333336
gradient_boosting_pca_without_odds,prob_X2_and_U35,[0.60-0.65),0.625,292,51.71232876712328,0.6161561167970734,151.0,350,188.0,53.714285714285715
gradient_boosting_pca_without_odds,prob_X2_and_U35,[0.65-0.70),0.675,58,63.793103448275865,0.6704612375477312,37.0,58,37.0,63.793103448275865
gradient_boosting_pca_without_odds,prob_X2_and_U45,[0.05-0.10),0.07500000000000001,38,7.894736842105263,0.08578952006044158,3.0,109746,53775.0,48.99950795473183
gradient_boosting_pca_without_odds,prob_X2_and_U45,[0.10-0.15),0.125,237,12.658227848101266,0.1303018244108215,30.0,109708,53772.0,49.01374557917381
gradient_boosting_pca_without_odds,prob_X2_and_U45,[0.15-0.20),0.17500000000000002,780,14.871794871794872,0.18008708144262048,116.0,109471,53742.0,49.09245370920152
gradient_boosting_pca_without_odds,prob_X2_and_U45,[0.20-0.25),0.225,1711,19.929865575686733,0.22720780324787335,341.0,108691,53626.0,49.33803166775538
gradient_boosting_pca_without_odds,prob_X2_and_U45,[0.25-0.30),0.275,2991,26.880641925777333,0.27742900166055134,804.0,106980,53285.0,49.80837539727052
gradient_boosting_pca_without_odds,prob_X2_and_U45,[0.30-0.35),0.32500000000000007,5087,32.41596225673285,0.32695687506636945,1649.0,103989,52481.0,50.467837944397964
gradient_boosting_pca_without_odds,prob_X2_and_U45,[0.35-0.40),0.375,8175,36.62385321100917,0.3769887096267998,2994.0,98902,50832.0,51.396331722310975
gradient_boosting_pca_without_odds,prob_X2_and_U45,[0.40-0.45),0.42500000000000004,12597,42.422799079145825,0.42675528548482494,5344.0,90727,47838.0,52.72741300825553
gradient_boosting_pca_without_odds,prob_X2_and_U45,[0.45-0.50),0.475,24531,47.637682931800576,0.47998418586442493,11686.0,78130,42494.0,54.38883911429669
gradient_boosting_pca_without_odds,prob_X2_and_U45,[0.50-0.55),0.525,21269,52.17922798439043,0.5246288030913168,11098.0,53599,30808.0,57.47868430381163
gradient_boosting_pca_without_odds,prob_X2_and_U45,[0.55-0.60),0.5750000000000001,17332,58.117932148626814,0.5734820351509585,10073.0,32330,19710.0,60.965047943086915
gradient_boosting_pca_without_odds,prob_X2_and_U45,[0.60-0.65),0.625,10630,62.53998118532456,0.6216202310096036,6648.0,14998,9637.0,64.25523403120415
gradient_boosting_pca_without_odds,prob_X2_and_U45,[0.65-0.70),0.675,3591,68.08688387635756,0.6687214905053451,2445.0,4368,2989.0,68.42948717948718
gradient_boosting_pca_without_odds,prob_X2_and_U45,[0.70-0.75),0.7250000000000001,684,69.73684210526315,0.7171036942519892,477.0,777,544.0,70.01287001287001
gradient_boosting_pca_without_odds,prob_X2_and_U45,[0.75-0.80),0.775,93,72.04301075268818,0.7684841742794833,67.0,93,67.0,72.04301075268818
gradient_boosting_pca_without_odds,prob_goals_0_1,[0.00-0.05),0.025,55,9.090909090909092,0.03866026326436401,5.0,109744,26652.0,24.285610147251784
gradient_boosting_pca_without_odds,prob_goals_0_1,[0.05-0.10),0.07500000000000001,491,12.423625254582484,0.08188897927178983,61.0,109689,26647.0,24.29322903846329
gradient_boosting_pca_without_odds,prob_goals_0_1,[0.10-0.15),0.125,3364,14.803804994054698,0.1322707670656274,498.0,109198,26586.0,24.34659975457426
gradient_boosting_pca_without_odds,prob_goals_0_1,[0.15-0.20),0.17500000000000002,15714,18.7412498409062,0.18035493861689111,2945.0,105834,26088.0,24.64992346504904
gradient_boosting_pca_without_odds,prob_goals_0_1,[0.20-0.25),0.225,41356,23.268691362801043,0.22922416059208736,9623.0,90120,23143.0,25.680204172214825
gradient_boosting_pca_without_odds,prob_goals_0_1,[0.25-0.30),0.275,34486,26.85147596125964,0.27313897241054363,9260.0,48764,13520.0,27.725371175457305
gradient_boosting_pca_without_odds,prob_goals_0_1,[0.30-0.35),0.32500000000000007,12561,29.79858291537298,0.3180671370448117,3743.0,14278,4260.0,29.836111500210112
gradient_boosting_pca_without_odds,prob_goals_0_1,[0.35-0.40),0.375,1549,30.858618463524856,0.3656049767993794,478.0,1717,517.0,30.110658124635993
gradient_boosting_pca_without_odds,prob_goals_0_1,[0.40-0.45),0.42500000000000004,168,23.214285714285715,0.41750751205429626,39.0,168,39.0,23.214285714285715
gradient_boosting_pca_without_odds,prob_goals_2_3,[0.20-0.25),0.225,36,27.77777777777778,0.23314882551822397,10.0,109745,50163.0,45.70868832293043
gradient_boosting_pca_without_odds,prob_goals_2_3,[0.25-0.30),0.275,103,32.038834951456316,0.2767739713970189,33.0,109709,50153.0,45.71457218642044
gradient_boosting_pca_without_odds,prob_goals_2_3,[0.30-0.35),0.32500000000000007,314,38.21656050955414,0.32975992407638577,120.0,109606,50120.0,45.727423681185336
gradient_boosting_pca_without_odds,prob_goals_2_3,[0.35-0.40),0.375,1770,39.717514124293785,0.3824642271582927,703.0,109292,50000.0,45.749002671741756
gradient_boosting_pca_without_odds,prob_goals_2_3,[0.40-0.45),0.42500000000000004,19241,44.02577828595187,0.43538925199627354,8471.0,107522,49297.0,45.84829151243466
gradient_boosting_pca_without_odds,prob_goals_2_3,[0.45-0.50),0.475,88281,46.245511491713955,0.4643922292794097,40826.0,88281,40826.0,46.245511491713955
gradient_boosting_pca_without_odds,prob_goals_2_4,[0.40-0.45),0.42500000000000004,49,30.612244897959183,0.4311640209301632,15.0,109734,66645.0,60.73322762316147
gradient_boosting_pca_without_odds,prob_goals_2_4,[0.45-0.50),0.475,119,56.30252100840336,0.47881463055568385,67.0,109685,66630.0,60.74668368509823
gradient_boosting_pca_without_odds,prob_goals_2_4,[0.50-0.55),0.525,597,59.2964824120603,0.5334980680963648,354.0,109566,66563.0,60.751510505083694
gradient_boosting_pca_without_odds,prob_goals_2_4,[0.55-0.60),0.5750000000000001,18694,59.917620626939126,0.5887901074815344,11201.0,108969,66209.0,60.759482054529265
gradient_boosting_pca_without_odds,prob_goals_2_4,[0.60-0.65),0.625,90275,60.933813348103016,0.6119341184000286,55008.0,90275,55008.0,60.933813348103016
gradient_boosting_pca_without_odds,prob_goals_3_plus,[0.25-0.30),0.275,43,51.162790697674424,0.2867440701984406,22.0,109753,57139.0,52.06144706750613
gradient_boosting_pca_without_odds,prob_goals_3_plus,[0.30-0.35),0.32500000000000007,388,46.391752577319586,0.3331857833243466,180.0,109710,57117.0,52.061799289034724
gradient_boosting_pca_without_odds,prob_goals_3_plus,[0.35-0.40),0.375,3113,44.77995502730485,0.38296006666820476,1394.0,109322,56937.0,52.081923126177706
gradient_boosting_pca_without_odds,prob_goals_3_plus,[0.40-0.45),0.42500000000000004,14858,44.96567505720824,0.42960373222532877,6681.0,106209,55543.0,52.295944788106475
gradient_boosting_pca_without_odds,prob_goals_3_plus,[0.45-0.50),0.475,27647,48.34159221615365,0.4759195804338693,13365.0,91351,48862.0,53.48819388950312
gradient_boosting_pca_without_odds,prob_goals_3_plus,[0.50-0.55),0.525,33474,52.21365836171357,0.5224237967322437,17478.0,63704,35497.0,55.7217757126711
gradient_boosting_pca_without_odds,prob_goals_3_plus,[0.55-0.60),0.5750000000000001,18016,57.06594138543517,0.5722969715351381,10281.0,30230,18019.0,59.60635130664902
gradient_boosting_pca_without_odds,prob_goals_3_plus,[0.60-0.65),0.625,7912,61.084428715874616,0.6209000728048719,4833.0,12214,7738.0,63.35352873751433
gradient_boosting_pca_without_odds,prob_goals_3_plus,[0.65-0.70),0.675,2890,66.78200692041523,0.6702076513023527,1930.0,4302,2905.0,67.52673175267317
gradient_boosting_pca_without_odds,prob_goals_3_plus,[0.70-0.75),0.7250000000000001,948,66.56118143459916,0.7200467956098239,631.0,1412,975.0,69.05099150141642
gradient_boosting_pca_without_odds,prob_goals_3_plus,[0.75-0.80),0.775,309,69.90291262135922,0.7713819403706722,216.0,464,344.0,74.13793103448276
gradient_boosting_pca_without_odds,prob_goals_3_plus,[0.80-0.85),0.8250000000000001,116,81.89655172413794,0.8235008048562605,95.0,155,128.0,82.58064516129032
gradient_boosting_pca_without_odds,prob_goals_3_plus,[0.85-0.90),0.875,39,84.61538461538461,0.8662304560471625,33.0,39,33.0,84.61538461538461
monte_carlo_enhanced_pca_without_odds,prob_12,[0.65-0.70),0.675,249,75.90361445783132,0.6922338259162454,189.0,109756,82954.0,75.5803782936696
monte_carlo_enhanced_pca_without_odds,prob_12,[0.70-0.75),0.7250000000000001,50663,75.14951739928547,0.7356706362826947,38073.0,109507,82765.0,75.5796433104733
monte_carlo_enhanced_pca_without_odds,prob_12,[0.75-0.80),0.775,49710,75.86602293301146,0.7657510840937829,37713.0,58844,44692.0,75.9499694106451
monte_carlo_enhanced_pca_without_odds,prob_12,[0.80-0.85),0.8250000000000001,7337,76.27095543137521,0.8189838393085339,5596.0,9134,6979.0,76.40683161813007
monte_carlo_enhanced_pca_without_odds,prob_12,[0.85-0.90),0.875,1600,77.0625,0.8675985139676243,1233.0,1797,1383.0,76.96160267111853
monte_carlo_enhanced_pca_without_odds,prob_12,[0.90-0.95),0.925,197,76.14213197969542,0.9149424305741718,150.0,197,150.0,76.14213197969542
monte_carlo_enhanced_pca_without_odds,prob_12_and_BTTS_N,[0.20-0.25),0.225,31,35.483870967741936,0.23389321648112885,11.0,109757,45288.0,41.2620607341673
monte_carlo_enhanced_pca_without_odds,prob_12_and_BTTS_N,[0.25-0.30),0.275,441,43.31065759637188,0.2832401210961093,191.0,109726,45277.0,41.26369319942402
monte_carlo_enhanced_pca_without_odds,prob_12_and_BTTS_N,[0.30-0.35),0.32500000000000007,6344,42.16582597730139,0.334676786142622,2675.0,109285,45086.0,41.25543304204602
monte_carlo_enhanced_pca_without_odds,prob_12_and_BTTS_N,[0.35-0.40),0.375,39935,41.28458745461375,0.37987155100852166,16487.0,102941,42411.0,41.19932777027618
monte_carlo_enhanced_pca_without_odds,prob_12_and_BTTS_N,[0.40-0.45),0.42500000000000004,54308,41.165205862856304,0.4191280720361805,22356.0,63006,25924.0,41.14528775037299
monte_carlo_enhanced_pca_without_odds,prob_12_and_BTTS_N,[0.45-0.50),0.475,7582,41.12371405961488,0.46592525001977025,3118.0,8698,3568.0,41.02092435042539
monte_carlo_enhanced_pca_without_odds,prob_12_and_BTTS_N,[0.50-0.55),0.525,936,40.491452991452995,0.5182485808470874,379.0,1116,450.0,40.32258064516129
monte_carlo_enhanced_pca_without_odds,prob_12_and_BTTS_N,[0.55-0.60),0.5750000000000001,157,40.12738853503185,0.5695531315620258,63.0,180,71.0,39.44444444444444
monte_carlo_enhanced_pca_without_odds,prob_12_and_BTTS_N,[0.60-0.65),0.625,23,34.78260869565217,0.6129208385539324,8.0,23,8.0,34.78260869565217
monte_carlo_enhanced_pca_without_odds,prob_12_and_BTTS_Y,[0.15-0.20),0.17500000000000002,42,30.952380952380953,0.18429003067524577,13.0,109741,37661.0,34.31807619759251
monte_carlo_enhanced_pca_without_odds,prob_12_and_BTTS_Y,[0.20-0.25),0.225,835,34.13173652694611,0.23527563824827313,285.0,109699,37648.0,34.31936480733644
monte_carlo_enhanced_pca_without_odds,prob_12_and_BTTS_Y,[0.25-0.30),0.275,11358,33.720725479837995,0.28367104533695836,3830.0,108864,37363.0,34.3208039388595
monte_carlo_enhanced_pca_without_odds,prob_12_and_BTTS_Y,[0.30-0.35),0.32500000000000007,39050,34.16133162612036,0.3268386454695997,13340.0,97506,33533.0,34.39070416179517
monte_carlo_enhanced_pca_without_odds,prob_12_and_BTTS_Y,[0.35-0.40),0.375,42490,34.31160273005413,0.36983617426319965,14579.0,58456,20193.0,34.543930477624194
monte_carlo_enhanced_pca_without_odds,prob_12_and_BTTS_Y,[0.40-0.45),0.42500000000000004,13265,35.280814172634756,0.41855158838364026,4680.0,15966,5614.0,35.162219716898406
monte_carlo_enhanced_pca_without_odds,prob_12_and_BTTS_Y,[0.45-0.50),0.475,2165,33.94919168591224,0.46751221928466985,735.0,2701,934.0,34.579785264716776
monte_carlo_enhanced_pca_without_odds,prob_12_and_BTTS_Y,[0.50-0.55),0.525,423,36.40661938534279,0.5204128728153633,154.0,536,199.0,37.12686567164179
monte_carlo_enhanced_pca_without_odds,prob_12_and_BTTS_Y,[0.55-0.60),0.5750000000000001,113,39.823008849557525,0.569142595312524,45.0,113,45.0,39.823008849557525
monte_carlo_enhanced_pca_without_odds,prob_12_and_O15,[0.35-0.40),0.375,30,60.0,0.3870669301086012,18.0,109756,64016.0,58.32574073399176
monte_carlo_enhanced_pca_without_odds,prob_12_and_O15,[0.40-0.45),0.42500000000000004,441,57.596371882086174,0.4344015180856406,254.0,109726,63998.0,58.32528297759875
monte_carlo_enhanced_pca_without_odds,prob_12_and_O15,[0.45-0.50),0.475,6116,56.93263570961413,0.484219223700386,3482.0,109285,63744.0,58.32822436747953
monte_carlo_enhanced_pca_without_odds,prob_12_and_O15,[0.50-0.55),0.525,28473,57.40526112457416,0.5284322651666439,16345.0,103169,60262.0,58.4109567796528
monte_carlo_enhanced_pca_without_odds,prob_12_and_O15,[0.55-0.60),0.5750000000000001,42329,58.626473576035345,0.5747655891130087,24816.0,74696,43917.0,58.79431294848453
monte_carlo_enhanced_pca_without_odds,prob_12_and_O15,[0.60-0.65),0.625,20552,58.768003114052156,0.6211686796478243,12078.0,32367,19101.0,59.01381036240615
monte_carlo_enhanced_pca_without_odds,prob_12_and_O15,[0.65-0.70),0.675,7480,58.796791443850275,0.6706646069468357,4398.0,11815,7023.0,59.44138806601777
monte_carlo_enhanced_pca_without_odds,prob_12_and_O15,[0.70-0.75),0.7250000000000001,2886,59.11295911295912,0.7209629960271704,1706.0,4335,2625.0,60.553633217993074
monte_carlo_enhanced_pca_without_odds,prob_12_and_O15,[0.75-0.80),0.775,1059,63.361661945231354,0.7702982706693736,671.0,1449,919.0,63.42305037957212
monte_carlo_enhanced_pca_without_odds,prob_12_and_O15,[0.80-0.85),0.8250000000000001,316,62.9746835443038,0.8207636879178292,199.0,390,248.0,63.589743589743584
monte_carlo_enhanced_pca_without_odds,prob_12_and_O15,[0.85-0.90),0.875,74,66.21621621621621,0.8632588498809175,49.0,74,49.0,66.21621621621621
monte_carlo_enhanced_pca_without_odds,prob_12_and_O25,[0.25-0.30),0.275,240,47.083333333333336,0.2835441077504996,113.0,109745,50475.0,45.992983735022094
monte_carlo_enhanced_pca_without_odds,prob_12_and_O25,[0.30-0.35),0.32500000000000007,2974,45.225285810356425,0.33442234549853045,1345.0,109505,50362.0,45.99059403680197
monte_carlo_enhanced_pca_without_odds,prob_12_and_O25,[0.35-0.40),0.375,18457,44.43842444600964,0.3802005200557337,8202.0,106531,49017.0,46.011958960302636
monte_carlo_enhanced_pca_without_odds,prob_12_and_O25,[0.40-0.45),0.42500000000000004,32962,46.06516594866817,0.4255207924660167,15184.0,88074,40815.0,46.341712650725526
monte_carlo_enhanced_pca_without_odds,prob_12_and_O25,[0.45-0.50),0.475,33410,45.95330739299611,0.4695354516250087,15353.0,55112,25631.0,46.50711278850341
monte_carlo_enhanced_pca_without_odds,prob_12_and_O25,[0.50-0.55),0.525,13553,47.222017265550065,0.5213497544734835,6400.0,21702,10278.0,47.35969035111971
monte_carlo_enhanced_pca_without_odds,prob_12_and_O25,[0.55-0.60),0.5750000000000001,5061,46.09760916814859,0.5712369592484127,2333.0,8149,3878.0,47.58866118542152
monte_carlo_enhanced_pca_without_odds,prob_12_and_O25,[0.60-0.65),0.625,1946,47.84172661870504,0.6210425469098552,931.0,3088,1545.0,50.03238341968912
monte_carlo_enhanced_pca_without_odds,prob_12_and_O25,[0.65-0.70),0.675,754,53.84615384615385,0.6703572525603868,406.0,1142,614.0,53.76532399299475
monte_carlo_enhanced_pca_without_odds,prob_12_and_O25,[0.70-0.75),0.7250000000000001,248,48.79032258064516,0.7214882267312526,121.0,388,208.0,53.608247422680414
monte_carlo_enhanced_pca_without_odds,prob_12_and_O25,[0.75-0.80),0.775,108,57.407407407407405,0.7714792418996056,62.0,140,87.0,62.142857142857146
monte_carlo_enhanced_pca_without_odds,prob_12_and_O25,[0.80-0.85),0.8250000000000001,32,78.125,0.8195033563958887,25.0,32,25.0,78.125
monte_carlo_enhanced_pca_without_odds,prob_12_and_O35,[0.05-0.10),0.07500000000000001,78,20.51282051282051,0.08937341688372905,16.0,109749,26272.0,23.938259118534113
monte_carlo_enhanced_pca_without_odds,prob_12_and_O35,[0.10-0.15),0.125,3562,22.99270072992701,0.13731533258545559,819.0,109671,26256.0,23.940695352463276
monte_carlo_enhanced_pca_without_odds,prob_12_and_O35,[0.15-0.20),0.17500000000000002,28510,22.806032970887408,0.17925735111943783,6502.0,106109,25437.0,23.972518824981858
monte_carlo_enhanced_pca_without_odds,prob_12_and_O35,[0.20-0.25),0.225,42674,24.17162675165206,0.2254446720475335,10315.0,77599,18935.0,24.401087642881997
monte_carlo_enhanced_pca_without_odds,prob_12_and_O35,[0.25-0.30),0.275,21214,24.13500518525502,0.2716652807937994,5120.0,34925,8620.0,24.681460272011453
monte_carlo_enhanced_pca_without_odds,prob_12_and_O35,[0.30-0.35),0.32500000000000007,8280,24.95169082125604,0.32098292946577844,2066.0,13711,3500.0,25.52694916490409
monte_carlo_enhanced_pca_without_odds,prob_12_and_O35,[0.35-0.40),0.375,3166,24.88945041061276,0.3712922479804103,788.0,5431,1434.0,26.403977168109005
monte_carlo_enhanced_pca_without_odds,prob_12_and_O35,[0.40-0.45),0.42500000000000004,1307,27.54399387911247,0.42095388243858123,360.0,2265,646.0,28.520971302428254
monte_carlo_enhanced_pca_without_odds,prob_12_and_O35,[0.45-0.50),0.475,571,27.145359019264447,0.471011607756766,155.0,958,286.0,29.853862212943632
monte_carlo_enhanced_pca_without_odds,prob_12_and_O35,[0.50-0.55),0.525,201,32.33830845771145,0.5226606952553912,65.0,387,131.0,33.850129198966414
monte_carlo_enhanced_pca_without_odds,prob_12_and_O35,[0.55-0.60),0.5750000000000001,103,31.06796116504854,0.573932222823153,32.0,186,66.0,35.483870967741936
monte_carlo_enhanced_pca_without_odds,prob_12_and_O35,[0.60-0.65),0.625,63,36.507936507936506,0.6222383005390926,23.0,83,34.0,40.963855421686745
monte_carlo_enhanced_pca_without_odds,prob_12_and_O35,[0.65-0.70),0.675,20,55.00000000000001,0.6732130276837046,11.0,20,11.0,55.00000000000001
monte_carlo_enhanced_pca_without_odds,prob_12_and_O45,[0.00-0.05),0.025,160,10.0,0.04330173803968566,16.0,109728,15185.0,13.83876494604841
monte_carlo_enhanced_pca_without_odds,prob_12_and_O45,[0.05-0.10),0.07500000000000001,21377,12.747345277634842,0.08638210418657001,2725.0,109568,15169.0,13.844370619158877
monte_carlo_enhanced_pca_without_odds,prob_12_and_O45,[0.10-0.15),0.125,56665,13.742168887320217,0.1249071585793605,7787.0,88191,12444.0,14.11028336224785
monte_carlo_enhanced_pca_without_odds,prob_12_and_O45,[0.15-0.20),0.17500000000000002,22778,14.36034770392484,0.1699416661257597,3271.0,31526,4657.0,14.771934276470214
monte_carlo_enhanced_pca_without_odds,prob_12_and_O45,[0.20-0.25),0.225,6103,14.910699655906932,0.2195677968408893,910.0,8748,1386.0,15.843621399176955
monte_carlo_enhanced_pca_without_odds,prob_12_and_O45,[0.25-0.30),0.275,1727,17.544875506658947,0.26988373030522084,303.0,2645,476.0,17.996219281663517
monte_carlo_enhanced_pca_without_odds,prob_12_and_O45,[0.30-0.35),0.32500000000000007,588,18.70748299319728,0.32039119652256504,110.0,918,173.0,18.845315904139433
monte_carlo_enhanced_pca_without_odds,prob_12_and_O45,[0.35-0.40),0.375,185,17.83783783783784,0.3738160535046138,33.0,330,63.0,19.090909090909093
monte_carlo_enhanced_pca_without_odds,prob_12_and_O45,[0.40-0.45),0.42500000000000004,89,19.101123595505616,0.42521149984930146,17.0,145,30.0,20.689655172413794
monte_carlo_enhanced_pca_without_odds,prob_12_and_O45,[0.45-0.50),0.475,56,23.214285714285715,0.47484193756281723,13.0,56,13.0,23.214285714285715
monte_carlo_enhanced_pca_without_odds,prob_12_and_U15,[0.00-0.05),0.025,116,9.482758620689655,0.03947349117403968,11.0,109750,18938.0,17.255580865603644
monte_carlo_enhanced_pca_without_odds,prob_12_and_U15,[0.05-0.10),0.07500000000000001,1558,16.30295250320924,0.08519940167199284,254.0,109634,18927.0,17.26380502398891
monte_carlo_enhanced_pca_without_odds,prob_12_and_U15,[0.10-0.15),0.125,18032,16.997559893522627,0.13322157744903532,3065.0,108076,18673.0,17.277656463969798
monte_carlo_enhanced_pca_without_odds,prob_12_and_U15,[0.15-0.20),0.17500000000000002,62978,17.19965702308743,0.17648670306313932,10832.0,90044,15608.0,17.33374794544889
monte_carlo_enhanced_pca_without_odds,prob_12_and_U15,[0.20-0.25),0.225,26251,17.58409203458916,0.21561189982633025,4616.0,27066,4776.0,17.645754821547328
monte_carlo_enhanced_pca_without_odds,prob_12_and_U15,[0.25-0.30),0.275,815,19.631901840490798,0.26080664809167686,160.0,815,160.0,19.631901840490798
monte_carlo_enhanced_pca_without_odds,prob_12_and_U25,[0.05-0.10),0.07500000000000001,47,12.76595744680851,0.08056338384271768,6.0,109755,32474.0,29.587718099403215
monte_carlo_enhanced_pca_without_odds,prob_12_and_U25,[0.10-0.15),0.125,232,25.0,0.1299750236642648,58.0,109708,32468.0,29.59492470922813
monte_carlo_enhanced_pca_without_odds,prob_12_and_U25,[0.15-0.20),0.17500000000000002,1145,28.034934497816593,0.18280616391856414,321.0,109476,32410.0,29.604662209068657
monte_carlo_enhanced_pca_without_odds,prob_12_and_U25,[0.20-0.25),0.225,8451,29.120814104839667,0.2325262657496874,2461.0,108331,32089.0,29.62125338084205
monte_carlo_enhanced_pca_without_odds,prob_12_and_U25,[0.25-0.30),0.275,35195,29.416110242932238,0.2787749219178044,10353.0,99880,29628.0,29.663596315578694
monte_carlo_enhanced_pca_without_odds,prob_12_and_U25,[0.30-0.35),0.32500000000000007,53022,29.77443325412093,0.3212106269588374,15787.0,64685,19275.0,29.798253072582515
monte_carlo_enhanced_pca_without_odds,prob_12_and_U25,[0.35-0.40),0.375,11316,30.001767408978434,0.3642309740409828,3395.0,11663,3488.0,29.906542056074763
monte_carlo_enhanced_pca_without_odds,prob_12_and_U25,[0.40-0.45),0.42500000000000004,347,26.801152737752158,0.41207668619896104,93.0,347,93.0,26.801152737752158
monte_carlo_enhanced_pca_without_odds,prob_12_and_U35,[0.20-0.25),0.225,26,46.15384615384615,0.2301227898743266,12.0,109745,56675.0,51.6424438471001
monte_carlo_enhanced_pca_without_odds,prob_12_and_U35,[0.25-0.30),0.275,87,37.93103448275862,0.27463523596684597,33.0,109719,56663.0,51.64374447452128
monte_carlo_enhanced_pca_without_odds,prob_12_and_U35,[0.30-0.35),0.32500000000000007,198,50.0,0.3275562910988811,99.0,109632,56630.0,51.654626386456506
monte_carlo_enhanced_pca_without_odds,prob_12_and_U35,[0.35-0.40),0.375,689,48.62119013062409,0.38034037020260214,335.0,109434,56531.0,51.65762011806203
monte_carlo_enhanced_pca_without_odds,prob_12_and_U35,[0.40-0.45),0.42500000000000004,3546,50.564015792442184,0.4319885607065383,1793.0,108745,56196.0,51.676858706147414
monte_carlo_enhanced_pca_without_odds,prob_12_and_U35,[0.45-0.50),0.475,19680,51.392276422764226,0.48140078358540883,10114.0,105199,54403.0,51.714369908459204
monte_carlo_enhanced_pca_without_odds,prob_12_and_U35,[0.50-0.55),0.525,62823,51.69125957053945,0.5265673103563556,32474.0,85519,44289.0,51.788491446345255
monte_carlo_enhanced_pca_without_odds,prob_12_and_U35,[0.55-0.60),0.5750000000000001,22628,52.05055683224323,0.5620874500868408,11778.0,22696,11815.0,52.057631300669726
monte_carlo_enhanced_pca_without_odds,prob_12_and_U35,[0.60-0.65),0.625,68,54.41176470588235,0.6072185284521313,37.0,68,37.0,54.41176470588235
monte_carlo_enhanced_pca_without_odds,prob_12_and_U45,[0.35-0.40),0.375,31,54.83870967741935,0.3754014726327604,17.0,109743,67752.0,61.73696727809519
monte_carlo_enhanced_pca_without_odds,prob_12_and_U45,[0.40-0.45),0.42500000000000004,93,61.29032258064516,0.42604469384829957,57.0,109712,67735.0,61.73891643575908
monte_carlo_enhanced_pca_without_odds,prob_12_and_U45,[0.45-0.50),0.475,251,63.34661354581673,0.48024730684680994,159.0,109619,67678.0,61.73929701967724
monte_carlo_enhanced_pca_without_odds,prob_12_and_U45,[0.50-0.55),0.525,1151,58.644656820156385,0.5330388340728341,675.0,109368,67519.0,61.73560822178333
monte_carlo_enhanced_pca_without_odds,prob_12_and_U45,[0.55-0.60),0.5750000000000001,14402,61.435911678933486,0.5850318920464668,8848.0,108217,66844.0,61.76848369479841
monte_carlo_enhanced_pca_without_odds,prob_12_and_U45,[0.60-0.65),0.625,88868,61.74888598820723,0.6262076505704348,54875.0,93815,57996.0,61.81953845333902
monte_carlo_enhanced_pca_without_odds,prob_12_and_U45,[0.65-0.70),0.675,4921,63.056289372078844,0.6586130460324473,3103.0,4947,3121.0,63.08874065089953
monte_carlo_enhanced_pca_without_odds,prob_12_and_U45,[0.70-0.75),0.7250000000000001,26,69.23076923076923,0.7076344843990813,18.0,26,18.0,69.23076923076923
monte_carlo_enhanced_pca_without_odds,prob_1X,[0.10-0.15),0.125,31,48.38709677419355,0.1304512761586994,15.0,109757,75340.0,68.6425467168381
monte_carlo_enhanced_pca_without_odds,prob_1X,[0.15-0.20),0.17500000000000002,63,55.55555555555556,0.17842818164714136,35.0,109726,75325.0,68.64826932541057
monte_carlo_enhanced_pca_without_odds,prob_1X,[0.20-0.25),0.225,174,64.9425287356322,0.22829468090692362,113.0,109663,75290.0,68.65579092310077
monte_carlo_enhanced_pca_without_odds,prob_1X,[0.25-0.30),0.275,322,62.732919254658384,0.27779295736927273,202.0,109489,75177.0,68.66169204212295
monte_carlo_enhanced_pca_without_odds,prob_1X,[0.30-0.35),0.32500000000000007,678,64.0117994100295,0.3272129167045247,434.0,109167,74975.0,68.67917960555846
monte_carlo_enhanced_pca_without_odds,prob_1X,[0.35-0.40),0.375,1214,65.98023064250413,0.3778075332737494,801.0,108489,74541.0,68.70834831181043
monte_carlo_enhanced_pca_without_odds,prob_1X,[0.40-0.45),0.42500000000000004,1890,65.07936507936508,0.4273487133845278,1230.0,107275,73740.0,68.73922162666045
monte_carlo_enhanced_pca_without_odds,prob_1X,[0.45-0.50),0.475,3214,65.80584940883634,0.47699393990931954,2115.0,105385,72510.0,68.80485837642928
monte_carlo_enhanced_pca_without_odds,prob_1X,[0.50-0.55),0.525,5438,67.72710555351232,0.5268314384902522,3683.0,102171,70395.0,68.89919840267787
monte_carlo_enhanced_pca_without_odds,prob_1X,[0.55-0.60),0.5750000000000001,8618,67.16175446739383,0.5769891150155037,5788.0,96733,66712.0,68.96508947308571
monte_carlo_enhanced_pca_without_odds,prob_1X,[0.60-0.65),0.625,12964,68.26596729404505,0.6264806184151215,8850.0,88115,60924.0,69.14146286103387
monte_carlo_enhanced_pca_without_odds,prob_1X,[0.65-0.70),0.675,23836,69.47054874979023,0.6784944833728279,16559.0,75151,52074.0,69.29249111788266
monte_carlo_enhanced_pca_without_odds,prob_1X,[0.70-0.75),0.7250000000000001,19735,69.566759564226,0.7244105659984351,13729.0,51315,35515.0,69.20978271460586
monte_carlo_enhanced_pca_without_odds,prob_1X,[0.75-0.80),0.775,15241,69.1227609736894,0.7730668973140925,10535.0,31580,21786.0,68.98670044331855
monte_carlo_enhanced_pca_without_odds,prob_1X,[0.80-0.85),0.8250000000000001,9410,68.92667375132837,0.8226342280804618,6486.0,16339,11251.0,68.85978334047371
monte_carlo_enhanced_pca_without_odds,prob_1X,[0.85-0.90),0.875,4838,68.87143447705664,0.871873656794476,3332.0,6929,4765.0,68.7689421272911
monte_carlo_enhanced_pca_without_odds,prob_1X,[0.90-0.95),0.925,1894,68.53220696937699,0.9186675733382932,1298.0,2091,1433.0,68.53180296508847
monte_carlo_enhanced_pca_without_odds,prob_1X,[0.95-1.00),0.9750000000000001,197,68.52791878172589,0.9596932687698458,135.0,197,135.0,68.52791878172589
monte_carlo_enhanced_pca_without_odds,prob_1X_and_BTTS_N,[0.00-0.05),0.025,183,26.775956284153008,0.03404109717788695,49.0,109755,34608.0,31.53204865381987
monte_carlo_enhanced_pca_without_odds,prob_1X_and_BTTS_N,[0.05-0.10),0.07500000000000001,895,27.59776536312849,0.08115417814931576,247.0,109572,34559.0,31.539991968751142
monte_carlo_enhanced_pca_without_odds,prob_1X_and_BTTS_N,[0.10-0.15),0.125,3006,30.70525615435795,0.12924565791065726,923.0,108677,34312.0,31.572457833764272
monte_carlo_enhanced_pca_without_odds,prob_1X_and_BTTS_N,[0.15-0.20),0.17500000000000002,7105,29.71147079521464,0.17821133790320398,2111.0,105671,33389.0,31.59712693170312
monte_carlo_enhanced_pca_without_odds,prob_1X_and_BTTS_N,[0.20-0.25),0.225,13349,30.414263240692186,0.22719166189042955,4060.0,98566,31278.0,31.733051965180692
monte_carlo_enhanced_pca_without_odds,prob_1X_and_BTTS_N,[0.25-0.30),0.275,21689,31.379962192816635,0.2764931747836783,6806.0,85217,27218.0,31.939636457514347
monte_carlo_enhanced_pca_without_odds,prob_1X_and_BTTS_N,[0.30-0.35),0.32500000000000007,32126,32.465915457884584,0.3213871172375133,10430.0,63528,20412.0,32.13071401586702
monte_carlo_enhanced_pca_without_odds,prob_1X_and_BTTS_N,[0.35-0.40),0.375,18811,31.880282813247568,0.37246696387785827,5997.0,31402,9982.0,31.78778421756576
monte_carlo_enhanced_pca_without_odds,prob_1X_and_BTTS_N,[0.40-0.45),0.42500000000000004,8746,31.511548136290873,0.4205037259844525,2756.0,12591,3985.0,31.64959097768247
monte_carlo_enhanced_pca_without_odds,prob_1X_and_BTTS_N,[0.45-0.50),0.475,2828,31.966053748231964,0.46975465290807134,904.0,3845,1229.0,31.963589076723014
monte_carlo_enhanced_pca_without_odds,prob_1X_and_BTTS_N,[0.50-0.55),0.525,772,31.34715025906736,0.5193182632256474,242.0,1017,325.0,31.9567354965585
monte_carlo_enhanced_pca_without_odds,prob_1X_and_BTTS_N,[0.55-0.60),0.5750000000000001,190,34.73684210526316,0.5684344615841003,66.0,245,83.0,33.87755102040816
monte_carlo_enhanced_pca_without_odds,prob_1X_and_BTTS_N,[0.60-0.65),0.625,55,30.909090909090907,0.6161103479021003,17.0,55,17.0,30.909090909090907
monte_carlo_enhanced_pca_without_odds,prob_1X_and_BTTS_Y,[0.10-0.15),0.125,101,35.64356435643564,0.1320395720933817,36.0,109746,40725.0,37.108413974085614
monte_carlo_enhanced_pca_without_odds,prob_1X_and_BTTS_Y,[0.15-0.20),0.17500000000000002,411,36.009732360097324,0.17981109483098218,148.0,109645,40689.0,37.1097633271011
monte_carlo_enhanced_pca_without_odds,prob_1X_and_BTTS_Y,[0.20-0.25),0.225,1420,35.845070422535215,0.22920659271077348,509.0,109234,40541.0,37.11390226486259
monte_carlo_enhanced_pca_without_odds,prob_1X_and_BTTS_Y,[0.25-0.30),0.275,4652,35.70507308684437,0.2807799796682518,1661.0,107814,40032.0,37.13061383493795
monte_carlo_enhanced_pca_without_odds,prob_1X_and_BTTS_Y,[0.30-0.35),0.32500000000000007,19908,36.794253566405466,0.3301987120245529,7325.0,103162,38371.0,37.194897345921945
monte_carlo_enhanced_pca_without_odds,prob_1X_and_BTTS_Y,[0.35-0.40),0.375,48008,37.214630894850856,0.3758453742126663,17866.0,83254,31046.0,37.29070074711125
monte_carlo_enhanced_pca_without_odds,prob_1X_and_BTTS_Y,[0.40-0.45),0.42500000000000004,27186,37.50459795482969,0.4216775073454914,10196.0,35246,13180.0,37.39431424842535
monte_carlo_enhanced_pca_without_odds,prob_1X_and_BTTS_Y,[0.45-0.50),0.475,7387,36.997427913902804,0.4674695309997737,2733.0,8060,2984.0,37.022332506203476
monte_carlo_enhanced_pca_without_odds,prob_1X_and_BTTS_Y,[0.50-0.55),0.525,640,37.1875,0.5137591675597019,238.0,673,251.0,37.295690936106986
monte_carlo_enhanced_pca_without_odds,prob_1X_and_BTTS_Y,[0.55-0.60),0.5750000000000001,33,39.39393939393939,0.5647940652795919,13.0,33,13.0,39.39393939393939
monte_carlo_enhanced_pca_without_odds,prob_1X_and_O15,[0.10-0.15),0.125,64,46.875,0.13195535071419012,30.0,109743,56896.0,51.844764586351744
monte_carlo_enhanced_pca_without_odds,prob_1X_and_O15,[0.15-0.20),0.17500000000000002,253,47.82608695652174,0.1791354830012696,121.0,109679,56866.0,51.84766454836386
monte_carlo_enhanced_pca_without_odds,prob_1X_and_O15,[0.20-0.25),0.225,677,48.89217134416543,0.22901809531443013,331.0,109426,56745.0,51.85696269625135
monte_carlo_enhanced_pca_without_odds,prob_1X_and_O15,[0.25-0.30),0.275,1492,50.469168900804284,0.27720941789903014,753.0,108749,56414.0,51.87541954408776
monte_carlo_enhanced_pca_without_odds,prob_1X_and_O15,[0.30-0.35),0.32500000000000007,3192,49.686716791979954,0.32820730119474145,1586.0,107257,55661.0,51.89498121334738
monte_carlo_enhanced_pca_without_odds,prob_1X_and_O15,[0.35-0.40),0.375,6987,50.46514956347502,0.37783514045688554,3526.0,104065,54075.0,51.96271561043579
monte_carlo_enhanced_pca_without_odds,prob_1X_and_O15,[0.40-0.45),0.42500000000000004,12959,51.508604058955164,0.42690019853784633,6675.0,97078,50549.0,52.07050001030099
monte_carlo_enhanced_pca_without_odds,prob_1X_and_O15,[0.45-0.50),0.475,19150,51.50391644908616,0.4763263813350608,9863.0,84119,43874.0,52.15706320807427
monte_carlo_enhanced_pca_without_odds,prob_1X_and_O15,[0.50-0.55),0.525,26812,52.32358645382664,0.523335607629688,14029.0,64969,34011.0,52.34958210839016
monte_carlo_enhanced_pca_without_odds,prob_1X_and_O15,[0.55-0.60),0.5750000000000001,15496,52.47160557563242,0.5732282958103527,8131.0,38157,19982.0,52.367848625416045
monte_carlo_enhanced_pca_without_odds,prob_1X_and_O15,[0.60-0.65),0.625,10035,52.71549576482312,0.6233705760247797,5290.0,22661,11851.0,52.296897753850224
monte_carlo_enhanced_pca_without_odds,prob_1X_and_O15,[0.65-0.70),0.675,6154,51.33246668833279,0.6729942586404634,3159.0,12626,6561.0,51.9642008553778
monte_carlo_enhanced_pca_without_odds,prob_1X_and_O15,[0.70-0.75),0.7250000000000001,3594,52.17028380634391,0.7223698867535204,1875.0,6472,3402.0,52.56489493201484
monte_carlo_enhanced_pca_without_odds,prob_1X_and_O15,[0.75-0.80),0.775,1921,52.420614263404474,0.7723750316028739,1007.0,2878,1527.0,53.057678943710904
monte_carlo_enhanced_pca_without_odds,prob_1X_and_O15,[0.80-0.85),0.8250000000000001,776,54.123711340206185,0.820012554188589,420.0,957,520.0,54.33646812957158
monte_carlo_enhanced_pca_without_odds,prob_1X_and_O15,[0.85-0.90),0.875,181,55.24861878453039,0.8693216450132095,100.0,181,100.0,55.24861878453039
monte_carlo_enhanced_pca_without_odds,prob_1X_and_O25,[0.05-0.10),0.07500000000000001,216,33.7962962962963,0.08477016384694788,73.0,109750,36412.0,33.177220956719815
monte_carlo_enhanced_pca_without_odds,prob_1X_and_O25,[0.10-0.15),0.125,1215,31.851851851851855,0.1307224790543488,387.0,109534,36339.0,33.17600014607336
monte_carlo_enhanced_pca_without_odds,prob_1X_and_O25,[0.15-0.20),0.17500000000000002,4638,32.384648555411815,0.18032761223048152,1502.0,108319,35952.0,33.19085294362023
monte_carlo_enhanced_pca_without_odds,prob_1X_and_O25,[0.20-0.25),0.225,13785,32.73848385926732,0.22830111946911744,4513.0,103681,34450.0,33.22691717865375
monte_carlo_enhanced_pca_without_odds,prob_1X_and_O25,[0.25-0.30),0.275,23357,32.57695765723338,0.2763615005792512,7609.0,89896,29937.0,33.3018154311649
monte_carlo_enhanced_pca_without_odds,prob_1X_and_O25,[0.30-0.35),0.32500000000000007,29200,33.42123287671233,0.3252382140431604,9759.0,66539,22328.0,33.55626023835645
monte_carlo_enhanced_pca_without_odds,prob_1X_and_O25,[0.35-0.40),0.375,15516,33.34622325341583,0.37312963692232176,5174.0,37339,12569.0,33.661854897024554
monte_carlo_enhanced_pca_without_odds,prob_1X_and_O25,[0.40-0.45),0.42500000000000004,9484,34.088991986503586,0.4230478307114878,3233.0,21823,7395.0,33.886266782752145
monte_carlo_enhanced_pca_without_odds,prob_1X_and_O25,[0.45-0.50),0.475,5623,33.20291659256625,0.4729021969325105,1867.0,12339,4162.0,33.7304481724613
monte_carlo_enhanced_pca_without_odds,prob_1X_and_O25,[0.50-0.55),0.525,3336,34.352517985611506,0.5225374303061239,1146.0,6716,2295.0,34.172126265634304
monte_carlo_enhanced_pca_without_odds,prob_1X_and_O25,[0.55-0.60),0.5750000000000001,1820,33.24175824175824,0.5722216705703639,605.0,3380,1149.0,33.994082840236686
monte_carlo_enhanced_pca_without_odds,prob_1X_and_O25,[0.60-0.65),0.625,958,33.61169102296451,0.6214578345537152,322.0,1560,544.0,34.87179487179487
monte_carlo_enhanced_pca_without_odds,prob_1X_and_O25,[0.65-0.70),0.675,429,36.82983682983683,0.67037977549246,158.0,602,222.0,36.87707641196013
monte_carlo_enhanced_pca_without_odds,prob_1X_and_O25,[0.70-0.75),0.7250000000000001,126,34.12698412698413,0.720009183819133,43.0,173,64.0,36.99421965317919
monte_carlo_enhanced_pca_without_odds,prob_1X_and_O25,[0.75-0.80),0.775,47,44.680851063829785,0.7700614411048183,21.0,47,21.0,44.680851063829785
monte_carlo_enhanced_pca_without_odds,prob_1X_and_O35,[0.00-0.05),0.025,71,21.12676056338028,0.0413926068398395,15.0,109756,22390.0,20.3997959109297
monte_carlo_enhanced_pca_without_odds,prob_1X_and_O35,[0.05-0.10),0.07500000000000001,2006,20.388833499501498,0.08520855881619872,409.0,109685,22375.0,20.399325340748504
monte_carlo_enhanced_pca_without_odds,prob_1X_and_O35,[0.10-0.15),0.125,18522,19.862865781233126,0.1314171971754508,3679.0,107679,21966.0,20.399520797927174
monte_carlo_enhanced_pca_without_odds,prob_1X_and_O35,[0.15-0.20),0.17500000000000002,36978,19.992968792254853,0.17491587195266492,7393.0,89157,18287.0,20.511008670098814
monte_carlo_enhanced_pca_without_odds,prob_1X_and_O35,[0.20-0.25),0.225,30035,20.905610121524887,0.21892834618535661,6279.0,52179,10894.0,20.8781310488894
monte_carlo_enhanced_pca_without_odds,prob_1X_and_O35,[0.25-0.30),0.275,11761,20.891080690417482,0.2720085794731251,2457.0,22144,4615.0,20.840859826589593
monte_carlo_enhanced_pca_without_odds,prob_1X_and_O35,[0.30-0.35),0.32500000000000007,5602,20.689039628704034,0.32224201497033783,1159.0,10383,2158.0,20.78397380333237
monte_carlo_enhanced_pca_without_odds,prob_1X_and_O35,[0.35-0.40),0.375,2703,20.34776174620792,0.37189375982900336,550.0,4781,999.0,20.89521020706965
monte_carlo_enhanced_pca_without_odds,prob_1X_and_O35,[0.40-0.45),0.42500000000000004,1267,20.047355958958168,0.4217324384151016,254.0,2078,449.0,21.607314725697787
monte_carlo_enhanced_pca_without_odds,prob_1X_and_O35,[0.45-0.50),0.475,538,24.349442379182157,0.4727242716262694,131.0,811,195.0,24.044389642416768
monte_carlo_enhanced_pca_without_odds,prob_1X_and_O35,[0.50-0.55),0.525,184,23.91304347826087,0.5197955128280137,44.0,273,64.0,23.44322344322344
monte_carlo_enhanced_pca_without_odds,prob_1X_and_O35,[0.55-0.60),0.5750000000000001,58,24.137931034482758,0.5698235249671342,14.0,89,20.0,22.47191011235955
monte_carlo_enhanced_pca_without_odds,prob_1X_and_O35,[0.60-0.65),0.625,31,19.35483870967742,0.6179475871021697,6.0,31,6.0,19.35483870967742
monte_carlo_enhanced_pca_without_odds,prob_1X_and_O45,[0.00-0.05),0.025,10335,9.143686502177069,0.040943371035431664,945.0,109751,10262.0,9.350256489690299
monte_carlo_enhanced_pca_without_odds,prob_1X_and_O45,[0.05-0.10),0.07500000000000001,65058,9.113406498816442,0.07595013584160494,5929.0,99416,9317.0,9.371730908505674
monte_carlo_enhanced_pca_without_odds,prob_1X_and_O45,[0.10-0.15),0.125,23483,9.683600902780736,0.12017875153348537,2274.0,34358,3388.0,9.860876651725944
monte_carlo_enhanced_pca_without_odds,prob_1X_and_O45,[0.15-0.20),0.17500000000000002,7164,10.189838079285316,0.17072166009964865,730.0,10875,1114.0,10.24367816091954
monte_carlo_enhanced_pca_without_odds,prob_1X_and_O45,[0.20-0.25),0.225,2484,9.782608695652174,0.2209889903998295,243.0,3711,384.0,10.347615198059822
monte_carlo_enhanced_pca_without_odds,prob_1X_and_O45,[0.25-0.30),0.275,840,11.666666666666666,0.27076561049568876,98.0,1227,141.0,11.491442542787286
monte_carlo_enhanced_pca_without_odds,prob_1X_and_O45,[0.30-0.35),0.32500000000000007,278,11.870503597122301,0.31826981141559124,33.0,387,43.0,11.11111111111111
monte_carlo_enhanced_pca_without_odds,prob_1X_and_O45,[0.35-0.40),0.375,77,10.38961038961039,0.3697733588305457,8.0,109,10.0,9.174311926605505
monte_carlo_enhanced_pca_without_odds,prob_1X_and_O45,[0.40-0.45),0.42500000000000004,32,6.25,0.42356952690742233,2.0,32,2.0,6.25
monte_carlo_enhanced_pca_without_odds,prob_1X_and_U15,[0.00-0.05),0.025,456,12.719298245614036,0.03522678745653094,58.0,109751,18435.0,16.797113465936526
monte_carlo_enhanced_pca_without_odds,prob_1X_and_U15,[0.05-0.10),0.07500000000000001,4687,15.639001493492637,0.08407457155926454,733.0,109295,18377.0,16.814126904249964
monte_carlo_enhanced_pca_without_odds,prob_1X_and_U15,[0.10-0.15),0.125,30444,15.907896465641835,0.1303007601221666,4843.0,104608,17644.0,16.866778831446926
monte_carlo_enhanced_pca_without_odds,prob_1X_and_U15,[0.15-0.20),0.17500000000000002,55420,17.150848069289065,0.17302937602878354,9505.0,74164,12801.0,17.260395879402406
monte_carlo_enhanced_pca_without_odds,prob_1X_and_U15,[0.20-0.25),0.225,17407,17.56764520020681,0.21647861894252177,3058.0,18744,3296.0,17.584293640631667
monte_carlo_enhanced_pca_without_odds,prob_1X_and_U15,[0.25-0.30),0.275,1260,17.936507936507937,0.2642337617270406,226.0,1337,238.0,17.801047120418847
monte_carlo_enhanced_pca_without_odds,prob_1X_and_U15,[0.30-0.35),0.32500000000000007,77,15.584415584415584,0.3160603291767563,12.0,77,12.0,15.584415584415584
monte_carlo_enhanced_pca_without_odds,prob_1X_and_U25,[0.00-0.05),0.025,27,14.814814814814813,0.0370026849023891,4.0,109755,38924.0,35.46444353332422
monte_carlo_enhanced_pca_without_odds,prob_1X_and_U25,[0.05-0.10),0.07500000000000001,161,24.84472049689441,0.07760844475351311,40.0,109728,38920.0,35.46952464275299
monte_carlo_enhanced_pca_without_odds,prob_1X_and_U25,[0.10-0.15),0.125,456,29.166666666666668,0.12929931063053174,133.0,109567,38880.0,35.4851369481687
monte_carlo_enhanced_pca_without_odds,prob_1X_and_U25,[0.15-0.20),0.17500000000000002,1406,33.712660028449505,0.1791597539850361,474.0,109111,38747.0,35.51154329077728
monte_carlo_enhanced_pca_without_odds,prob_1X_and_U25,[0.20-0.25),0.225,4127,33.147564817058395,0.2290752711721783,1368.0,107705,38273.0,35.535026229051574
monte_carlo_enhanced_pca_without_odds,prob_1X_and_U25,[0.25-0.30),0.275,12112,34.38738441215324,0.2790097449924973,4165.0,103578,36905.0,35.630153121319196
monte_carlo_enhanced_pca_without_odds,prob_1X_and_U25,[0.30-0.35),0.32500000000000007,26386,34.46524672174638,0.32758399946863775,9094.0,91466,32740.0,35.794721535871254
monte_carlo_enhanced_pca_without_odds,prob_1X_and_U25,[0.35-0.40),0.375,40559,36.3322567124436,0.37162051476354974,14736.0,65080,23646.0,36.33374308543331
monte_carlo_enhanced_pca_without_odds,prob_1X_and_U25,[0.40-0.45),0.42500000000000004,20416,36.53996865203762,0.4200087871305079,7460.0,24521,8910.0,36.33620162309857
monte_carlo_enhanced_pca_without_odds,prob_1X_and_U25,[0.45-0.50),0.475,3730,35.14745308310992,0.4664859317104763,1311.0,4105,1450.0,35.32277710109623
monte_carlo_enhanced_pca_without_odds,prob_1X_and_U25,[0.50-0.55),0.525,343,36.734693877551024,0.5173458911980828,126.0,375,139.0,37.06666666666666
monte_carlo_enhanced_pca_without_odds,prob_1X_and_U25,[0.55-0.60),0.5750000000000001,32,40.625,0.5680309980478477,13.0,32,13.0,40.625
monte_carlo_enhanced_pca_without_odds,prob_1X_and_U35,[0.05-0.10),0.07500000000000001,77,23.376623376623375,0.07935140177974806,18.0,109748,52945.0,48.242336990195724
monte_carlo_enhanced_pca_without_odds,prob_1X_and_U35,[0.10-0.15),0.125,174,41.95402298850575,0.12881421296351597,73.0,109671,52927.0,48.259795205660566
monte_carlo_enhanced_pca_without_odds,prob_1X_and_U35,[0.15-0.20),0.17500000000000002,420,43.095238095238095,0.17795180928613655,181.0,109497,52854.0,48.26981561138661
monte_carlo_enhanced_pca_without_odds,prob_1X_and_U35,[0.20-0.25),0.225,987,44.782168186423505,0.22824112575295424,442.0,109077,52673.0,48.28974027521842
monte_carlo_enhanced_pca_without_odds,prob_1X_and_U35,[0.25-0.30),0.275,2078,45.668912415784405,0.27773203541847874,949.0,108090,52231.0,48.32176889629013
monte_carlo_enhanced_pca_without_odds,prob_1X_and_U35,[0.30-0.35),0.32500000000000007,4039,45.43203763307749,0.3281655422767557,1835.0,106012,51282.0,48.3737690072822
monte_carlo_enhanced_pca_without_odds,prob_1X_and_U35,[0.35-0.40),0.375,7845,46.79413639260675,0.3774663558154257,3671.0,101973,49447.0,48.49028664450394
monte_carlo_enhanced_pca_without_odds,prob_1X_and_U35,[0.40-0.45),0.42500000000000004,14581,47.78821754337837,0.42784445690460715,6968.0,94128,45776.0,48.63165051844297
monte_carlo_enhanced_pca_without_odds,prob_1X_and_U35,[0.45-0.50),0.475,31595,48.425383763253684,0.4772782524655719,15300.0,79547,38808.0,48.786252152815315
monte_carlo_enhanced_pca_without_odds,prob_1X_and_U35,[0.50-0.55),0.525,29564,48.799215261804896,0.5242532795174708,14427.0,47952,23508.0,49.02402402402403
monte_carlo_enhanced_pca_without_odds,prob_1X_and_U35,[0.55-0.60),0.5750000000000001,15300,49.359477124183,0.5698810363542951,7552.0,18388,9081.0,49.38546878398956
monte_carlo_enhanced_pca_without_odds,prob_1X_and_U35,[0.60-0.65),0.625,2791,49.22966678609818,0.6161480008670362,1374.0,3088,1529.0,49.51424870466321
monte_carlo_enhanced_pca_without_odds,prob_1X_and_U35,[0.65-0.70),0.675,266,53.75939849624061,0.6673829319513483,143.0,297,155.0,52.18855218855219
monte_carlo_enhanced_pca_without_odds,prob_1X_and_U35,[0.70-0.75),0.7250000000000001,31,38.70967741935484,0.7175935322473449,12.0,31,12.0,38.70967741935484
monte_carlo_enhanced_pca_without_odds,prob_1X_and_U45,[0.05-0.10),0.07500000000000001,24,33.33333333333333,0.0845533285601648,8.0,109758,65076.0,59.29043896572459
monte_carlo_enhanced_pca_without_odds,prob_1X_and_U45,[0.10-0.15),0.125,65,38.46153846153847,0.1274120748253073,25.0,109734,65068.0,59.296116062478355
monte_carlo_enhanced_pca_without_odds,prob_1X_and_U45,[0.15-0.20),0.17500000000000002,143,50.349650349650354,0.17857952040346753,72.0,109669,65043.0,59.308464561544284
monte_carlo_enhanced_pca_without_odds,prob_1X_and_U45,[0.20-0.25),0.225,324,52.77777777777778,0.2269754633470877,171.0,109526,64971.0,59.3201614228585
monte_carlo_enhanced_pca_without_odds,prob_1X_and_U45,[0.25-0.30),0.275,665,53.83458646616541,0.278447399098191,358.0,109202,64800.0,59.339572535301556
monte_carlo_enhanced_pca_without_odds,prob_1X_and_U45,[0.30-0.35),0.32500000000000007,1328,55.19578313253012,0.3279270919171926,733.0,108537,64442.0,59.373301270534476
monte_carlo_enhanced_pca_without_odds,prob_1X_and_U45,[0.35-0.40),0.375,2249,56.64739884393064,0.3772600153449839,1274.0,107209,63709.0,59.425048270201195
monte_carlo_enhanced_pca_without_odds,prob_1X_and_U45,[0.40-0.45),0.42500000000000004,4100,56.34146341463414,0.42788228579298393,2310.0,104960,62435.0,59.48456554878049
monte_carlo_enhanced_pca_without_odds,prob_1X_and_U45,[0.45-0.50),0.475,6909,58.2428716167318,0.477211979812624,4024.0,100860,60125.0,59.61233392821733
monte_carlo_enhanced_pca_without_odds,prob_1X_and_U45,[0.50-0.55),0.525,11686,58.240629813451996,0.5272631995079489,6806.0,93951,56101.0,59.71304190482273
monte_carlo_enhanced_pca_without_odds,prob_1X_and_U45,[0.55-0.60),0.5750000000000001,25312,59.88859039190898,0.5804182799643619,15159.0,82265,49295.0,59.92220263781681
monte_carlo_enhanced_pca_without_odds,prob_1X_and_U45,[0.60-0.65),0.625,26626,59.85127319161722,0.6258794437632357,15936.0,56953,34136.0,59.93714115147578
monte_carlo_enhanced_pca_without_odds,prob_1X_and_U45,[0.65-0.70),0.675,22531,60.00177533176513,0.6725825907759948,13519.0,30327,18200.0,60.01253008869983
monte_carlo_enhanced_pca_without_odds,prob_1X_and_U45,[0.70-0.75),0.7250000000000001,7107,60.13789221893907,0.7173123446883132,4274.0,7796,4681.0,60.04361210877372
monte_carlo_enhanced_pca_without_odds,prob_1X_and_U45,[0.75-0.80),0.775,645,58.44961240310077,0.7647671365177128,377.0,689,407.0,59.07111756168359
monte_carlo_enhanced_pca_without_odds,prob_1X_and_U45,[0.80-0.85),0.8250000000000001,44,68.18181818181817,0.8157561127200634,30.0,44,30.0,68.18181818181817
monte_carlo_enhanced_pca_without_odds,prob_A,[0.00-0.05),0.025,197,31.472081218274113,0.04030673123015411,62.0,109757,34417.0,31.357453283161895
monte_carlo_enhanced_pca_without_odds,prob_A,[0.05-0.10),0.07500000000000001,1894,31.46779303062302,0.08133242666170672,596.0,109560,34355.0,31.35724717050018
monte_carlo_enhanced_pca_without_odds,prob_A,[0.10-0.15),0.125,4838,31.12856552294336,0.1281263432055239,1506.0,107666,33759.0,31.355302509613065
monte_carlo_enhanced_pca_without_odds,prob_A,[0.15-0.20),0.17500000000000002,9410,31.073326248671624,0.1773657719195382,2924.0,102828,32253.0,31.365970358268175
monte_carlo_enhanced_pca_without_odds,prob_A,[0.20-0.25),0.225,15241,30.877239026310612,0.22693310268590744,4706.0,93418,29329.0,31.39544841465242
monte_carlo_enhanced_pca_without_odds,prob_A,[0.25-0.30),0.275,19735,30.433240435774007,0.2755894340015648,6006.0,78177,24623.0,31.4964759456106
monte_carlo_enhanced_pca_without_odds,prob_A,[0.30-0.35),0.32500000000000007,23836,30.529451250209767,0.321505516627172,7277.0,58442,18617.0,31.85551486944321
monte_carlo_enhanced_pca_without_odds,prob_A,[0.35-0.40),0.375,12964,31.734032705954952,0.37351938158487846,4114.0,34606,11340.0,32.76888400855343
monte_carlo_enhanced_pca_without_odds,prob_A,[0.40-0.45),0.42500000000000004,8618,32.83824553260617,0.42301088498449646,2830.0,21642,7226.0,33.38878107383791
monte_carlo_enhanced_pca_without_odds,prob_A,[0.45-0.50),0.475,5438,32.272894446487676,0.47316856150974784,1755.0,13024,4396.0,33.753071253071255
monte_carlo_enhanced_pca_without_odds,prob_A,[0.50-0.55),0.525,3214,34.194150591163655,0.5230060600906805,1099.0,7586,2641.0,34.81413129448985
monte_carlo_enhanced_pca_without_odds,prob_A,[0.55-0.60),0.5750000000000001,1890,34.92063492063492,0.5726512866154723,660.0,4372,1542.0,35.26989935956084
monte_carlo_enhanced_pca_without_odds,prob_A,[0.60-0.65),0.625,1214,34.01976935749588,0.6221924667262506,413.0,2482,882.0,35.53585817888799
monte_carlo_enhanced_pca_without_odds,prob_A,[0.65-0.70),0.675,678,35.9882005899705,0.6727870832954753,244.0,1268,469.0,36.98738170347003
monte_carlo_enhanced_pca_without_odds,prob_A,[0.70-0.75),0.7250000000000001,322,37.267080745341616,0.7222070426307272,120.0,590,225.0,38.13559322033898
monte_carlo_enhanced_pca_without_odds,prob_A,[0.75-0.80),0.775,174,35.05747126436782,0.7717053190930765,61.0,268,105.0,39.17910447761194
monte_carlo_enhanced_pca_without_odds,prob_A,[0.80-0.85),0.8250000000000001,63,44.44444444444444,0.8215718183528586,28.0,94,44.0,46.808510638297875
monte_carlo_enhanced_pca_without_odds,prob_A,[0.85-0.90),0.875,31,51.61290322580645,0.8695487238413006,16.0,31,16.0,51.61290322580645
monte_carlo_enhanced_pca_without_odds,prob_A_and_BTTS_N,[0.00-0.05),0.025,2615,16.137667304015295,0.037702382431887164,422.0,109747,18389.0,16.755811092786136
monte_carlo_enhanced_pca_without_odds,prob_A_and_BTTS_N,[0.05-0.10),0.07500000000000001,13768,16.792562463683904,0.07929840645148735,2312.0,107132,17967.0,16.770899451144384
monte_carlo_enhanced_pca_without_odds,prob_A_and_BTTS_N,[0.10-0.15),0.125,28783,16.113678212833964,0.12725899670300897,4638.0,93364,15655.0,16.767704896962428
monte_carlo_enhanced_pca_without_odds,prob_A_and_BTTS_N,[0.15-0.20),0.17500000000000002,37791,16.78441957079728,0.1718703054874346,6343.0,64581,11017.0,17.059196977439186
monte_carlo_enhanced_pca_without_odds,prob_A_and_BTTS_N,[0.20-0.25),0.225,17049,17.144700568948327,0.2217667392917562,2923.0,26790,4674.0,17.4468085106383
monte_carlo_enhanced_pca_without_odds,prob_A_and_BTTS_N,[0.25-0.30),0.275,6621,17.610632834919198,0.2705019037254655,1166.0,9741,1751.0,17.975567190226876
monte_carlo_enhanced_pca_without_odds,prob_A_and_BTTS_N,[0.30-0.35),0.32500000000000007,2139,18.41982234689107,0.32046384474270534,394.0,3120,585.0,18.75
monte_carlo_enhanced_pca_without_odds,prob_A_and_BTTS_N,[0.35-0.40),0.375,734,21.389645776566756,0.3706826170528802,157.0,981,191.0,19.469928644240568
monte_carlo_enhanced_pca_without_odds,prob_A_and_BTTS_N,[0.40-0.45),0.42500000000000004,187,15.508021390374333,0.41908410596472734,29.0,247,34.0,13.765182186234817
monte_carlo_enhanced_pca_without_odds,prob_A_and_BTTS_N,[0.45-0.50),0.475,60,8.333333333333332,0.4674495326715128,5.0,60,5.0,8.333333333333332
monte_carlo_enhanced_pca_without_odds,prob_A_and_BTTS_Y,[0.00-0.05),0.025,1861,15.045674368619022,0.03877339191550682,280.0,109754,16024.0,14.599923465204
monte_carlo_enhanced_pca_without_odds,prob_A_and_BTTS_Y,[0.05-0.10),0.07500000000000001,17214,14.412687347507843,0.08130092047377564,2481.0,107893,15744.0,14.592234899391062
monte_carlo_enhanced_pca_without_odds,prob_A_and_BTTS_Y,[0.10-0.15),0.125,39952,14.189527432919501,0.12552422170549732,5669.0,90679,13263.0,14.626319213930458
monte_carlo_enhanced_pca_without_odds,prob_A_and_BTTS_Y,[0.15-0.20),0.17500000000000002,32474,14.645562603929296,0.16763151411197208,4756.0,50727,7594.0,14.970331381709936
monte_carlo_enhanced_pca_without_odds,prob_A_and_BTTS_Y,[0.20-0.25),0.225,11391,15.187428671758404,0.22169876992197377,1730.0,18253,2838.0,15.548129074672657
monte_carlo_enhanced_pca_without_odds,prob_A_and_BTTS_Y,[0.25-0.30),0.275,4528,15.547703180212014,0.27084865392407825,704.0,6862,1108.0,16.146895948703
monte_carlo_enhanced_pca_without_odds,prob_A_and_BTTS_Y,[0.30-0.35),0.32500000000000007,1534,17.666232073011734,0.320501655504451,271.0,2334,404.0,17.309340188517567
monte_carlo_enhanced_pca_without_odds,prob_A_and_BTTS_Y,[0.35-0.40),0.375,487,14.37371663244353,0.37023120534221127,70.0,800,133.0,16.625
monte_carlo_enhanced_pca_without_odds,prob_A_and_BTTS_Y,[0.40-0.45),0.42500000000000004,179,20.670391061452513,0.42281406403247823,37.0,313,63.0,20.12779552715655
monte_carlo_enhanced_pca_without_odds,prob_A_and_BTTS_Y,[0.45-0.50),0.475,94,20.212765957446805,0.47522628585058446,19.0,134,26.0,19.402985074626866
monte_carlo_enhanced_pca_without_odds,prob_A_and_BTTS_Y,[0.50-0.55),0.525,40,17.5,0.5180499678025825,7.0,40,7.0,17.5
monte_carlo_enhanced_pca_without_odds,prob_A_and_O15,[0.00-0.05),0.025,782,24.808184143222505,0.03857041120327627,194.0,109759,26200.0,23.87047986953234
monte_carlo_enhanced_pca_without_odds,prob_A_and_O15,[0.05-0.10),0.07500000000000001,5639,23.709877637879057,0.08006877481475026,1337.0,108977,26006.0,23.863751066738853
monte_carlo_enhanced_pca_without_odds,prob_A_and_O15,[0.10-0.15),0.125,14183,23.01346682648241,0.12799100334796448,3264.0,103338,24669.0,23.872147709458282
monte_carlo_enhanced_pca_without_odds,prob_A_and_O15,[0.15-0.20),0.17500000000000002,23281,23.452600833297538,0.17604466876808275,5460.0,89155,21405.0,24.008748808255287
monte_carlo_enhanced_pca_without_odds,prob_A_and_O15,[0.20-0.25),0.225,28288,23.01329185520362,0.22598563497103172,6510.0,65874,15945.0,24.205301029237635
monte_carlo_enhanced_pca_without_odds,prob_A_and_O15,[0.25-0.30),0.275,15118,24.083873528244474,0.27295034789969563,3641.0,37586,9435.0,25.102431756505084
monte_carlo_enhanced_pca_without_odds,prob_A_and_O15,[0.30-0.35),0.32500000000000007,9109,25.194862224173892,0.3227528854337848,2295.0,22468,5794.0,25.78778707495104
monte_carlo_enhanced_pca_without_odds,prob_A_and_O15,[0.35-0.40),0.375,5543,24.76998015515064,0.3729530973890684,1373.0,13359,3499.0,26.19208024552736
monte_carlo_enhanced_pca_without_odds,prob_A_and_O15,[0.40-0.45),0.42500000000000004,3285,25.93607305936073,0.42233725476547285,852.0,7816,2126.0,27.200614124872057
monte_carlo_enhanced_pca_without_odds,prob_A_and_O15,[0.45-0.50),0.475,1933,27.211588204862906,0.4729806607567957,526.0,4531,1274.0,28.117413374531008
monte_carlo_enhanced_pca_without_odds,prob_A_and_O15,[0.50-0.55),0.525,1192,27.432885906040266,0.523214950367273,327.0,2598,748.0,28.791377983063892
monte_carlo_enhanced_pca_without_odds,prob_A_and_O15,[0.55-0.60),0.5750000000000001,664,27.10843373493976,0.5734503421266975,180.0,1406,421.0,29.943100995732575
monte_carlo_enhanced_pca_without_odds,prob_A_and_O15,[0.60-0.65),0.625,339,30.678466076696164,0.6226289853486656,104.0,742,241.0,32.47978436657682
monte_carlo_enhanced_pca_without_odds,prob_A_and_O15,[0.65-0.70),0.675,209,30.62200956937799,0.671846859374391,64.0,403,137.0,33.99503722084367
monte_carlo_enhanced_pca_without_odds,prob_A_and_O15,[0.70-0.75),0.7250000000000001,105,33.33333333333333,0.7213733021967802,35.0,194,73.0,37.628865979381445
monte_carlo_enhanced_pca_without_odds,prob_A_and_O15,[0.75-0.80),0.775,54,35.18518518518518,0.7748692039585796,19.0,89,38.0,42.69662921348314
monte_carlo_enhanced_pca_without_odds,prob_A_and_O15,[0.80-0.85),0.8250000000000001,35,54.285714285714285,0.8201588537383012,19.0,35,19.0,54.285714285714285
monte_carlo_enhanced_pca_without_odds,prob_A_and_O25,[0.00-0.05),0.025,1462,19.151846785225718,0.03840146273198427,280.0,109753,20725.0,18.883310706768835
monte_carlo_enhanced_pca_without_odds,prob_A_and_O25,[0.05-0.10),0.07500000000000001,11463,18.241298089505364,0.08052178909896582,2091.0,108291,20445.0,18.87968529240657
monte_carlo_enhanced_pca_without_odds,prob_A_and_O25,[0.10-0.15),0.125,28130,18.218983291859224,0.1271065911764689,5125.0,96828,18354.0,18.955260874953524
monte_carlo_enhanced_pca_without_odds,prob_A_and_O25,[0.15-0.20),0.17500000000000002,34148,18.481316621764083,0.17527372393846546,6311.0,68698,13229.0,19.25674692130775
monte_carlo_enhanced_pca_without_odds,prob_A_and_O25,[0.20-0.25),0.225,16176,19.13946587537092,0.2223558040334784,3096.0,34550,6918.0,20.02315484804631
monte_carlo_enhanced_pca_without_odds,prob_A_and_O25,[0.25-0.30),0.275,8505,19.800117577895357,0.27267721088763885,1684.0,18374,3822.0,20.80113203439643
monte_carlo_enhanced_pca_without_odds,prob_A_and_O25,[0.30-0.35),0.32500000000000007,4625,20.475675675675674,0.32230301360388425,947.0,9869,2138.0,21.66379572398419
monte_carlo_enhanced_pca_without_odds,prob_A_and_O25,[0.35-0.40),0.375,2413,21.135515955242436,0.37268612586132477,510.0,5244,1191.0,22.7116704805492
monte_carlo_enhanced_pca_without_odds,prob_A_and_O25,[0.40-0.45),0.42500000000000004,1342,23.69597615499255,0.422429209144147,318.0,2831,681.0,24.055104203461674
monte_carlo_enhanced_pca_without_odds,prob_A_and_O25,[0.45-0.50),0.475,693,19.480519480519483,0.47195989555362,135.0,1489,363.0,24.37877770315648
monte_carlo_enhanced_pca_without_odds,prob_A_and_O25,[0.50-0.55),0.525,355,27.323943661971832,0.5207519785509664,97.0,796,228.0,28.643216080402013
monte_carlo_enhanced_pca_without_odds,prob_A_and_O25,[0.55-0.60),0.5750000000000001,213,25.821596244131456,0.5726698290083135,55.0,441,131.0,29.705215419501137
monte_carlo_enhanced_pca_without_odds,prob_A_and_O25,[0.60-0.65),0.625,105,33.33333333333333,0.6235153140116262,35.0,228,76.0,33.33333333333333
monte_carlo_enhanced_pca_without_odds,prob_A_and_O25,[0.65-0.70),0.675,57,29.82456140350877,0.6730178077190273,17.0,123,41.0,33.33333333333333
monte_carlo_enhanced_pca_without_odds,prob_A_and_O25,[0.70-0.75),0.7250000000000001,45,31.11111111111111,0.7215518656329155,14.0,66,24.0,36.36363636363637
monte_carlo_enhanced_pca_without_odds,prob_A_and_O25,[0.75-0.80),0.775,21,47.61904761904761,0.7688238016297474,10.0,21,10.0,47.61904761904761
monte_carlo_enhanced_pca_without_odds,prob_A_and_O35,[0.00-0.05),0.025,20784,9.098344880677445,0.036687069974049476,1891.0,109743,10542.0,9.606079658839288
monte_carlo_enhanced_pca_without_odds,prob_A_and_O35,[0.05-0.10),0.07500000000000001,56425,9.279574656623838,0.07477105301529402,5236.0,88959,8651.0,9.724704639215819
monte_carlo_enhanced_pca_without_odds,prob_A_and_O35,[0.10-0.15),0.125,19710,9.918822932521563,0.1204498038154076,1955.0,32534,3415.0,10.496711132968587
monte_carlo_enhanced_pca_without_odds,prob_A_and_O35,[0.15-0.20),0.17500000000000002,7447,10.662011548274473,0.17120281552673028,794.0,12824,1460.0,11.384903306300686
monte_carlo_enhanced_pca_without_odds,prob_A_and_O35,[0.20-0.25),0.225,2907,11.042311661506709,0.22204245666427136,321.0,5377,666.0,12.386088897154547
monte_carlo_enhanced_pca_without_odds,prob_A_and_O35,[0.25-0.30),0.275,1293,12.993039443155451,0.27235356839511815,168.0,2470,345.0,13.96761133603239
monte_carlo_enhanced_pca_without_odds,prob_A_and_O35,[0.30-0.35),0.32500000000000007,568,13.908450704225354,0.3232356298109283,79.0,1177,177.0,15.03823279524214
monte_carlo_enhanced_pca_without_odds,prob_A_and_O35,[0.35-0.40),0.375,264,12.5,0.3735801180276931,33.0,609,98.0,16.091954022988507
monte_carlo_enhanced_pca_without_odds,prob_A_and_O35,[0.40-0.45),0.42500000000000004,155,16.129032258064516,0.4226771120130471,25.0,345,65.0,18.84057971014493
monte_carlo_enhanced_pca_without_odds,prob_A_and_O35,[0.45-0.50),0.475,76,22.36842105263158,0.4756244993951614,17.0,190,40.0,21.052631578947366
monte_carlo_enhanced_pca_without_odds,prob_A_and_O35,[0.50-0.55),0.525,52,23.076923076923077,0.523978044568863,12.0,114,23.0,20.175438596491226
monte_carlo_enhanced_pca_without_odds,prob_A_and_O35,[0.55-0.60),0.5750000000000001,42,11.904761904761903,0.5755955636239956,5.0,62,11.0,17.741935483870968
monte_carlo_enhanced_pca_without_odds,prob_A_and_O35,[0.60-0.65),0.625,20,30.0,0.6239878354044868,6.0,20,6.0,30.0
monte_carlo_enhanced_pca_without_odds,prob_A_and_O45,[0.00-0.05),0.025,61652,5.430480762992279,0.03290076051474654,3348.0,109738,6180.0,5.631595254150795
monte_carlo_enhanced_pca_without_odds,prob_A_and_O45,[0.05-0.10),0.07500000000000001,39062,5.644872254364856,0.0655757066260027,2205.0,48086,2832.0,5.889448072203968
monte_carlo_enhanced_pca_without_odds,prob_A_and_O45,[0.10-0.15),0.125,6395,6.035965598123534,0.11905502141027513,386.0,9024,627.0,6.94813829787234
monte_carlo_enhanced_pca_without_odds,prob_A_and_O45,[0.15-0.20),0.17500000000000002,1627,7.928703134603565,0.16966743797881864,129.0,2629,241.0,9.166983643971092
monte_carlo_enhanced_pca_without_odds,prob_A_and_O45,[0.20-0.25),0.225,540,11.296296296296296,0.21957599061055108,61.0,1002,112.0,11.177644710578843
monte_carlo_enhanced_pca_without_odds,prob_A_and_O45,[0.25-0.30),0.275,233,8.15450643776824,0.2705718472600839,19.0,462,51.0,11.03896103896104
monte_carlo_enhanced_pca_without_odds,prob_A_and_O45,[0.30-0.35),0.32500000000000007,97,13.402061855670103,0.32103121819049835,13.0,229,32.0,13.973799126637553
monte_carlo_enhanced_pca_without_odds,prob_A_and_O45,[0.35-0.40),0.375,66,18.181818181818183,0.3739620351825303,12.0,132,19.0,14.393939393939394
monte_carlo_enhanced_pca_without_odds,prob_A_and_O45,[0.40-0.45),0.42500000000000004,41,4.878048780487805,0.4256730755710511,2.0,66,7.0,10.606060606060606
monte_carlo_enhanced_pca_without_odds,prob_A_and_O45,[0.45-0.50),0.475,25,20.0,0.46887165200714337,5.0,25,5.0,20.0
monte_carlo_enhanced_pca_without_odds,prob_A_and_U15,[0.00-0.05),0.025,11101,7.49482028646068,0.03801832269174395,832.0,109760,8219.0,7.488155976676385
monte_carlo_enhanced_pca_without_odds,prob_A_and_U15,[0.05-0.10),0.07500000000000001,80099,7.5069601368306715,0.0784037009675228,6013.0,98659,7387.0,7.487406116015771
monte_carlo_enhanced_pca_without_odds,prob_A_and_U15,[0.10-0.15),0.125,18424,7.403386886669562,0.1106738075945406,1364.0,18560,1374.0,7.4030172413793105
monte_carlo_enhanced_pca_without_odds,prob_A_and_U15,[0.15-0.20),0.17500000000000002,136,7.352941176470589,0.16197755927084467,10.0,136,10.0,7.352941176470589
monte_carlo_enhanced_pca_without_odds,prob_A_and_U25,[0.00-0.05),0.025,3496,12.356979405034325,0.037813936153302675,432.0,109761,13691.0,12.473465074115579
monte_carlo_enhanced_pca_without_odds,prob_A_and_U25,[0.05-0.10),0.07500000000000001,20779,12.676259685259156,0.07972931288323892,2634.0,106265,13259.0,12.477297322730909
monte_carlo_enhanced_pca_without_odds,prob_A_and_U25,[0.10-0.15),0.125,52176,12.358172339773075,0.12692296417045407,6448.0,85486,10625.0,12.428935732166671
monte_carlo_enhanced_pca_without_odds,prob_A_and_U25,[0.15-0.20),0.17500000000000002,28880,12.475761772853186,0.16988638425708244,3603.0,33310,4177.0,12.539777844491143
monte_carlo_enhanced_pca_without_odds,prob_A_and_U25,[0.20-0.25),0.225,4131,12.902444928588718,0.21464249251531015,533.0,4430,574.0,12.957110609480813
monte_carlo_enhanced_pca_without_odds,prob_A_and_U25,[0.25-0.30),0.275,267,14.232209737827715,0.26542298024463323,38.0,299,41.0,13.712374581939798
monte_carlo_enhanced_pca_without_odds,prob_A_and_U25,[0.30-0.35),0.32500000000000007,32,9.375,0.3180926738146679,3.0,32,3.0,9.375
monte_carlo_enhanced_pca_without_odds,prob_A_and_U35,[0.00-0.05),0.025,494,21.45748987854251,0.038940871130838946,106.0,109754,23868.0,21.746815605809356
monte_carlo_enhanced_pca_without_odds,prob_A_and_U35,[0.05-0.10),0.07500000000000001,4429,21.81079250395123,0.07996569156824744,966.0,109260,23762.0,21.748123741533956
monte_carlo_enhanced_pca_without_odds,prob_A_and_U35,[0.10-0.15),0.125,11456,21.70914804469274,0.12838383624507502,2487.0,104831,22796.0,21.745476051931202
monte_carlo_enhanced_pca_without_odds,prob_A_and_U35,[0.15-0.20),0.17500000000000002,21858,21.24165065422271,0.17732660457800312,4643.0,93375,20309.0,21.749933065595716
monte_carlo_enhanced_pca_without_odds,prob_A_and_U35,[0.20-0.25),0.225,35570,21.54343547933652,0.22441718634820332,7663.0,71517,15666.0,21.905281261797892
monte_carlo_enhanced_pca_without_odds,prob_A_and_U35,[0.25-0.30),0.275,21693,21.984050154427695,0.27293667863401294,4769.0,35947,8003.0,22.2633321278549
monte_carlo_enhanced_pca_without_odds,prob_A_and_U35,[0.30-0.35),0.32500000000000007,10717,22.674255855183354,0.320890663937403,2430.0,14254,3234.0,22.688368177353727
monte_carlo_enhanced_pca_without_odds,prob_A_and_U35,[0.35-0.40),0.375,2929,22.90884260839877,0.3683890836911576,671.0,3537,804.0,22.731128074639525
monte_carlo_enhanced_pca_without_odds,prob_A_and_U35,[0.40-0.45),0.42500000000000004,530,22.264150943396228,0.41672011999858455,118.0,608,133.0,21.875
monte_carlo_enhanced_pca_without_odds,prob_A_and_U35,[0.45-0.50),0.475,78,19.230769230769234,0.4693342322513628,15.0,78,15.0,19.230769230769234
monte_carlo_enhanced_pca_without_odds,prob_A_and_U45,[0.00-0.05),0.025,362,26.243093922651934,0.039230641179117266,95.0,109747,28229.0,25.721887614240025
monte_carlo_enhanced_pca_without_odds,prob_A_and_U45,[0.05-0.10),0.07500000000000001,3129,25.21572387344199,0.07997774873573447,789.0,109385,28134.0,25.720162727979158
monte_carlo_enhanced_pca_without_odds,prob_A_and_U45,[0.10-0.15),0.125,7826,25.466394071045233,0.12794372263245926,1993.0,106256,27345.0,25.73501731666918
monte_carlo_enhanced_pca_without_odds,prob_A_and_U45,[0.15-0.20),0.17500000000000002,14860,25.56527590847914,0.17728637740339986,3799.0,98430,25352.0,25.756375088895663
monte_carlo_enhanced_pca_without_odds,prob_A_and_U45,[0.20-0.25),0.225,22385,25.05695778423051,0.22631498750454437,5609.0,83570,21553.0,25.79035539069044
monte_carlo_enhanced_pca_without_odds,prob_A_and_U45,[0.25-0.30),0.275,28673,25.39322707773864,0.27107839899701985,7281.0,61185,15944.0,26.058674511726732
monte_carlo_enhanced_pca_without_odds,prob_A_and_U45,[0.30-0.35),0.32500000000000007,15892,26.22073999496602,0.3231853172159124,4167.0,32512,8663.0,26.64554625984252
monte_carlo_enhanced_pca_without_odds,prob_A_and_U45,[0.35-0.40),0.375,9481,26.87480223605105,0.3723629425249563,2548.0,16620,4496.0,27.051744885679902
monte_carlo_enhanced_pca_without_odds,prob_A_and_U45,[0.40-0.45),0.42500000000000004,4650,27.204301075268816,0.4214772049256057,1265.0,7139,1948.0,27.286734836811878
monte_carlo_enhanced_pca_without_odds,prob_A_and_U45,[0.45-0.50),0.475,1782,27.32884399551066,0.4704297894122709,487.0,2489,683.0,27.440739252711932
monte_carlo_enhanced_pca_without_odds,prob_A_and_U45,[0.50-0.55),0.525,599,28.881469115191987,0.5184896817915419,173.0,707,196.0,27.722772277227726
monte_carlo_enhanced_pca_without_odds,prob_A_and_U45,[0.55-0.60),0.5750000000000001,108,21.296296296296298,0.5694367055541638,23.0,108,23.0,21.296296296296298
monte_carlo_enhanced_pca_without_odds,prob_BTTS_N,[0.25-0.30),0.275,148,47.2972972972973,0.28347924054223395,70.0,109739,52994.0,48.290944878302156
monte_carlo_enhanced_pca_without_odds,prob_BTTS_N,[0.30-0.35),0.32500000000000007,983,51.16988809766022,0.33335642287931183,503.0,109591,52924.0,48.29228677537389
monte_carlo_enhanced_pca_without_odds,prob_BTTS_N,[0.35-0.40),0.375,6863,48.79790179221914,0.38237134169118725,3349.0,108608,52421.0,48.26624189746612
monte_carlo_enhanced_pca_without_odds,prob_BTTS_N,[0.40-0.45),0.42500000000000004,25838,47.74363340815852,0.42880247856090736,12336.0,101745,49072.0,48.23037987124674
monte_carlo_enhanced_pca_without_odds,prob_BTTS_N,[0.45-0.50),0.475,47116,48.429408268953225,0.4745481288299725,22818.0,75907,36736.0,48.39606360414718
monte_carlo_enhanced_pca_without_odds,prob_BTTS_N,[0.50-0.55),0.525,24041,48.31329811571898,0.5196515557884634,11615.0,28791,13918.0,48.34149560626585
monte_carlo_enhanced_pca_without_odds,prob_BTTS_N,[0.55-0.60),0.5750000000000001,4174,48.37086727359846,0.5664557975781471,2019.0,4750,2303.0,48.48421052631579
monte_carlo_enhanced_pca_without_odds,prob_BTTS_N,[0.60-0.65),0.625,505,50.2970297029703,0.6179654563514607,254.0,576,284.0,49.30555555555556
monte_carlo_enhanced_pca_without_odds,prob_BTTS_N,[0.65-0.70),0.675,71,42.25352112676056,0.667256651907902,30.0,71,30.0,42.25352112676056
monte_carlo_enhanced_pca_without_odds,prob_BTTS_Y,[0.30-0.35),0.32500000000000007,71,57.74647887323944,0.3327433480920981,41.0,109739,56745.0,51.709055121697844
monte_carlo_enhanced_pca_without_odds,prob_BTTS_Y,[0.35-0.40),0.375,505,49.7029702970297,0.3820345436485392,251.0,109668,56704.0,51.705146441988546
monte_carlo_enhanced_pca_without_odds,prob_BTTS_Y,[0.40-0.45),0.42500000000000004,4174,51.62913272640154,0.43354420242185293,2155.0,109163,56453.0,51.7144087282321
monte_carlo_enhanced_pca_without_odds,prob_BTTS_Y,[0.45-0.50),0.475,24041,51.686701884281014,0.48034844421153666,12426.0,104989,54298.0,51.717799007515076
monte_carlo_enhanced_pca_without_odds,prob_BTTS_Y,[0.50-0.55),0.525,47116,51.570591731046775,0.5254518711700275,24298.0,80948,41872.0,51.72703463952166
monte_carlo_enhanced_pca_without_odds,prob_BTTS_Y,[0.55-0.60),0.5750000000000001,25838,52.25636659184148,0.5711975214390926,13502.0,33832,17574.0,51.94490423267912
monte_carlo_enhanced_pca_without_odds,prob_BTTS_Y,[0.60-0.65),0.625,6863,51.20209820778086,0.6176286583088128,3514.0,7994,4072.0,50.93820365273955
monte_carlo_enhanced_pca_without_odds,prob_BTTS_Y,[0.65-0.70),0.675,983,48.83011190233978,0.6666435771206882,480.0,1131,558.0,49.3368700265252
monte_carlo_enhanced_pca_without_odds,prob_BTTS_Y,[0.70-0.75),0.7250000000000001,148,52.702702702702695,0.7165207594577662,78.0,148,78.0,52.702702702702695
monte_carlo_enhanced_pca_without_odds,prob_D,[0.05-0.10),0.07500000000000001,197,23.85786802030457,0.08505756942582825,47.0,109756,26802.0,24.419621706330403
monte_carlo_enhanced_pca_without_odds,prob_D,[0.10-0.15),0.125,1600,22.9375,0.13240148603237567,367.0,109559,26755.0,24.420631805693734
monte_carlo_enhanced_pca_without_odds,prob_D,[0.15-0.20),0.17500000000000002,7337,23.72904456862478,0.18101616069146612,1741.0,107959,26388.0,24.442612473253735
monte_carlo_enhanced_pca_without_odds,prob_D,[0.20-0.25),0.225,49710,24.133977066988532,0.23424891590621696,11997.0,100622,24647.0,24.494643318558566
monte_carlo_enhanced_pca_without_odds,prob_D,[0.25-0.30),0.275,50663,24.850482600714525,0.2643293637173051,12590.0,50912,12650.0,24.84679446888749
monte_carlo_enhanced_pca_without_odds,prob_D,[0.30-0.35),0.32500000000000007,249,24.096385542168676,0.3077661740837547,60.0,249,60.0,24.096385542168676
monte_carlo_enhanced_pca_without_odds,prob_D_and_BTTS_N,[0.00-0.05),0.025,19541,6.463333503914846,0.04039083682162622,1263.0,109759,7716.0,7.029947430279066
monte_carlo_enhanced_pca_without_odds,prob_D_and_BTTS_N,[0.05-0.10),0.07500000000000001,85944,7.1209159452666855,0.07061852649248097,6120.0,90218,6453.0,7.152674632556696
monte_carlo_enhanced_pca_without_odds,prob_D_and_BTTS_N,[0.10-0.15),0.125,4238,7.786691835771591,0.10941671535167143,330.0,4274,333.0,7.7912962096396825
monte_carlo_enhanced_pca_without_odds,prob_D_and_BTTS_N,[0.15-0.20),0.17500000000000002,36,8.333333333333332,0.16227035752709904,3.0,36,3.0,8.333333333333332
monte_carlo_enhanced_pca_without_odds,prob_D_and_BTTS_Y,[0.05-0.10),0.07500000000000001,767,16.166883963494133,0.08522519157068002,124.0,109744,19081.0,17.386827525878406
monte_carlo_enhanced_pca_without_odds,prob_D_and_BTTS_Y,[0.10-0.15),0.125,8166,17.27896154788146,0.13315921511137152,1411.0,108977,18957.0,17.39541371115006
monte_carlo_enhanced_pca_without_odds,prob_D_and_BTTS_Y,[0.15-0.20),0.17500000000000002,100811,17.404846693317197,0.18038844953345606,17546.0,100811,17546.0,17.404846693317197
monte_carlo_enhanced_pca_without_odds,prob_D_and_O15,[0.05-0.10),0.07500000000000001,767,16.166883963494133,0.08522519157068002,124.0,109744,19081.0,17.386827525878406
monte_carlo_enhanced_pca_without_odds,prob_D_and_O15,[0.10-0.15),0.125,8166,17.27896154788146,0.13315921511137152,1411.0,108977,18957.0,17.39541371115006
monte_carlo_enhanced_pca_without_odds,prob_D_and_O15,[0.15-0.20),0.17500000000000002,100811,17.404846693317197,0.18038844953345606,17546.0,100811,17546.0,17.404846693317197
monte_carlo_enhanced_pca_without_odds,prob_D_and_O25,[0.00-0.05),0.025,13193,6.207837489577806,0.04414230858185004,819.0,109761,6663.0,6.070462186022358
monte_carlo_enhanced_pca_without_odds,prob_D_and_O25,[0.05-0.10),0.07500000000000001,96416,6.048788582807832,0.06453785644784629,5832.0,96568,5844.0,6.051694142987325
monte_carlo_enhanced_pca_without_odds,prob_D_and_O25,[0.10-0.15),0.125,152,7.894736842105263,0.10485455380898656,12.0,152,12.0,7.894736842105263
monte_carlo_enhanced_pca_without_odds,prob_D_and_O35,[0.00-0.05),0.025,13193,6.207837489577806,0.04414230858185004,819.0,109761,6663.0,6.070462186022358
monte_carlo_enhanced_pca_without_odds,prob_D_and_O35,[0.05-0.10),0.07500000000000001,96416,6.048788582807832,0.06453785644784629,5832.0,96568,5844.0,6.051694142987325
monte_carlo_enhanced_pca_without_odds,prob_D_and_O35,[0.10-0.15),0.125,152,7.894736842105263,0.10485455380898656,12.0,152,12.0,7.894736842105263
monte_carlo_enhanced_pca_without_odds,prob_D_and_O45,[0.00-0.05),0.025,109759,1.1415920334551153,0.011651558933450481,1253.0,109759,1253.0,1.1415920334551153
monte_carlo_enhanced_pca_without_odds,prob_D_and_U15,[0.00-0.05),0.025,19541,6.463333503914846,0.04039083682162622,1263.0,109759,7716.0,7.029947430279066
monte_carlo_enhanced_pca_without_odds,prob_D_and_U15,[0.05-0.10),0.07500000000000001,85944,7.1209159452666855,0.07061852649248097,6120.0,90218,6453.0,7.152674632556696
monte_carlo_enhanced_pca_without_odds,prob_D_and_U15,[0.10-0.15),0.125,4238,7.786691835771591,0.10941671535167143,330.0,4274,333.0,7.7912962096396825
monte_carlo_enhanced_pca_without_odds,prob_D_and_U15,[0.15-0.20),0.17500000000000002,36,8.333333333333332,0.16227035752709904,3.0,36,3.0,8.333333333333332
monte_carlo_enhanced_pca_without_odds,prob_D_and_U25,[0.00-0.05),0.025,114,18.421052631578945,0.04019114755171567,21.0,109752,20138.0,18.348640571470224
monte_carlo_enhanced_pca_without_odds,prob_D_and_U25,[0.05-0.10),0.07500000000000001,1824,16.666666666666664,0.08450392831000202,304.0,109638,20117.0,18.348565278461848
monte_carlo_enhanced_pca_without_odds,prob_D_and_U25,[0.10-0.15),0.125,14418,17.72784019975031,0.13261570534155592,2556.0,107814,19813.0,18.377019682045002
monte_carlo_enhanced_pca_without_odds,prob_D_and_U25,[0.15-0.20),0.17500000000000002,63188,18.158511109704374,0.17792987306594354,11474.0,93396,17257.0,18.47723671249304
monte_carlo_enhanced_pca_without_odds,prob_D_and_U25,[0.20-0.25),0.225,29578,19.152748664547975,0.21520849886700902,5665.0,30208,5783.0,19.14393538135593
monte_carlo_enhanced_pca_without_odds,prob_D_and_U25,[0.25-0.30),0.275,630,18.73015873015873,0.2607352042760133,118.0,630,118.0,18.73015873015873
monte_carlo_enhanced_pca_without_odds,prob_D_and_U35,[0.00-0.05),0.025,114,18.421052631578945,0.04019114755171567,21.0,109752,20138.0,18.348640571470224
monte_carlo_enhanced_pca_without_odds,prob_D_and_U35,[0.05-0.10),0.07500000000000001,1824,16.666666666666664,0.08450392831000202,304.0,109638,20117.0,18.348565278461848
monte_carlo_enhanced_pca_without_odds,prob_D_and_U35,[0.10-0.15),0.125,14418,17.72784019975031,0.13261570534155592,2556.0,107814,19813.0,18.377019682045002
monte_carlo_enhanced_pca_without_odds,prob_D_and_U35,[0.15-0.20),0.17500000000000002,63188,18.158511109704374,0.17792987306594354,11474.0,93396,17257.0,18.47723671249304
monte_carlo_enhanced_pca_without_odds,prob_D_and_U35,[0.20-0.25),0.225,29578,19.152748664547975,0.21520849886700902,5665.0,30208,5783.0,19.14393538135593
monte_carlo_enhanced_pca_without_odds,prob_D_and_U35,[0.25-0.30),0.275,630,18.73015873015873,0.2607352042760133,118.0,630,118.0,18.73015873015873
monte_carlo_enhanced_pca_without_odds,prob_D_and_U45,[0.05-0.10),0.07500000000000001,325,20.615384615384617,0.08342315126277225,67.0,109748,25547.0,23.277872945292852
monte_carlo_enhanced_pca_without_odds,prob_D_and_U45,[0.10-0.15),0.125,2425,21.402061855670105,0.13188561966853432,519.0,109423,25480.0,23.285780868738748
monte_carlo_enhanced_pca_without_odds,prob_D_and_U45,[0.15-0.20),0.17500000000000002,11580,22.625215889464595,0.18158304004891235,2620.0,106998,24961.0,23.328473429409897
monte_carlo_enhanced_pca_without_odds,prob_D_and_U45,[0.20-0.25),0.225,65117,23.103029930740053,0.23014677936835656,15044.0,95418,22341.0,23.413821291580206
monte_carlo_enhanced_pca_without_odds,prob_D_and_U45,[0.25-0.30),0.275,30154,24.066458844597733,0.26217166853590007,7257.0,30301,7297.0,24.08171347480281
monte_carlo_enhanced_pca_without_odds,prob_D_and_U45,[0.30-0.35),0.32500000000000007,147,27.2108843537415,0.30838582333868514,40.0,147,40.0,27.2108843537415
monte_carlo_enhanced_pca_without_odds,prob_H,[0.05-0.10),0.07500000000000001,241,39.004149377593365,0.08096628771565716,94.0,109746,48534.0,44.22393526871139
monte_carlo_enhanced_pca_without_odds,prob_H,[0.10-0.15),0.125,868,43.663594470046085,0.12969582017910022,379.0,109505,48440.0,44.235423040043834
monte_carlo_enhanced_pca_without_odds,prob_H,[0.15-0.20),0.17500000000000002,1921,42.894325871941696,0.17740818027320132,824.0,108637,48061.0,44.23999189962904
monte_carlo_enhanced_pca_without_odds,prob_H,[0.20-0.25),0.225,3720,42.25806451612903,0.2275972274230466,1572.0,106716,47237.0,44.26421530042355
monte_carlo_enhanced_pca_without_odds,prob_H,[0.25-0.30),0.275,6722,43.186551621541206,0.27727194214789486,2903.0,102996,45665.0,44.336673268864814
monte_carlo_enhanced_pca_without_odds,prob_H,[0.30-0.35),0.32500000000000007,10628,43.78057960105382,0.32640488100242265,4653.0,96274,42762.0,44.41697654610798
monte_carlo_enhanced_pca_without_odds,prob_H,[0.35-0.40),0.375,14585,43.85327391155297,0.3757838571508798,6396.0,85646,38109.0,44.49594843892301
monte_carlo_enhanced_pca_without_odds,prob_H,[0.40-0.45),0.42500000000000004,23487,44.01158087452634,0.42991570238985943,10337.0,71061,31713.0,44.62785494152911
monte_carlo_enhanced_pca_without_odds,prob_H,[0.45-0.50),0.475,15856,45.496972754793134,0.4737816456097542,7214.0,47574,21376.0,44.93210577206037
monte_carlo_enhanced_pca_without_odds,prob_H,[0.50-0.55),0.525,11789,44.30401221477649,0.5233635730093971,5223.0,31718,14162.0,44.64972570779999
monte_carlo_enhanced_pca_without_odds,prob_H,[0.55-0.60),0.5750000000000001,7911,44.67197572999621,0.5735760821977516,3534.0,19929,8939.0,44.854232525465406
monte_carlo_enhanced_pca_without_odds,prob_H,[0.60-0.65),0.625,5071,45.355945572865316,0.6230703643246873,2300.0,12018,5405.0,44.97420535862872
monte_carlo_enhanced_pca_without_odds,prob_H,[0.65-0.70),0.675,3280,43.99390243902439,0.6732140138583121,1443.0,6947,3105.0,44.69555203685044
monte_carlo_enhanced_pca_without_odds,prob_H,[0.70-0.75),0.7250000000000001,1930,46.32124352331606,0.7230902019756652,894.0,3667,1662.0,45.32315244068721
monte_carlo_enhanced_pca_without_odds,prob_H,[0.75-0.80),0.775,1137,43.6235708003518,0.7724153647032067,496.0,1737,768.0,44.21416234887737
monte_carlo_enhanced_pca_without_odds,prob_H,[0.80-0.85),0.8250000000000001,437,45.9954233409611,0.8214923642908345,201.0,600,272.0,45.33333333333333
monte_carlo_enhanced_pca_without_odds,prob_H,[0.85-0.90),0.875,142,43.66197183098591,0.8686146155810581,62.0,163,71.0,43.558282208588956
monte_carlo_enhanced_pca_without_odds,prob_H,[0.90-0.95),0.925,21,42.857142857142854,0.9118780913100191,9.0,21,9.0,42.857142857142854
monte_carlo_enhanced_pca_without_odds,prob_H_and_BTTS_N,[0.00-0.05),0.025,542,21.771217712177123,0.035470511555686444,118.0,109755,26893.0,24.5027561386725
monte_carlo_enhanced_pca_without_odds,prob_H_and_BTTS_N,[0.05-0.10),0.07500000000000001,3502,23.986293546544832,0.08045307852281357,840.0,109213,26775.0,24.516312160640215
monte_carlo_enhanced_pca_without_odds,prob_H_and_BTTS_N,[0.10-0.15),0.125,9509,23.377852560731938,0.12861985410095797,2223.0,105711,25935.0,24.53387064733093
monte_carlo_enhanced_pca_without_odds,prob_H_and_BTTS_N,[0.15-0.20),0.17500000000000002,18351,23.62269086153343,0.17726119950030467,4335.0,96202,23712.0,24.648136213384337
monte_carlo_enhanced_pca_without_odds,prob_H_and_BTTS_N,[0.20-0.25),0.225,32458,24.924517838437367,0.22828561985650753,8090.0,77851,19377.0,24.889853694878678
monte_carlo_enhanced_pca_without_odds,prob_H_and_BTTS_N,[0.25-0.30),0.275,23691,24.798446667510866,0.2731888129716827,5875.0,45393,11287.0,24.865067301125723
monte_carlo_enhanced_pca_without_odds,prob_H_and_BTTS_N,[0.30-0.35),0.32500000000000007,12715,25.167125442390876,0.32192062506761093,3200.0,21702,5412.0,24.937793751727952
monte_carlo_enhanced_pca_without_odds,prob_H_and_BTTS_N,[0.35-0.40),0.375,5748,24.495476687543494,0.37104155687517965,1408.0,8987,2212.0,24.613330366084345
monte_carlo_enhanced_pca_without_odds,prob_H_and_BTTS_N,[0.40-0.45),0.42500000000000004,2230,25.784753363228702,0.42131922631483665,575.0,3239,804.0,24.822476072861992
monte_carlo_enhanced_pca_without_odds,prob_H_and_BTTS_N,[0.45-0.50),0.475,727,22.00825309491059,0.47026812301009335,160.0,1009,229.0,22.69573835480674
monte_carlo_enhanced_pca_without_odds,prob_H_and_BTTS_N,[0.50-0.55),0.525,231,25.541125541125542,0.5197735604975987,59.0,282,69.0,24.46808510638298
monte_carlo_enhanced_pca_without_odds,prob_H_and_BTTS_N,[0.55-0.60),0.5750000000000001,51,19.607843137254903,0.5710491671743718,10.0,51,10.0,19.607843137254903
monte_carlo_enhanced_pca_without_odds,prob_H_and_BTTS_Y,[0.00-0.05),0.025,189,21.164021164021165,0.041021162509586984,40.0,109747,21641.0,19.71899004073004
monte_carlo_enhanced_pca_without_odds,prob_H_and_BTTS_Y,[0.05-0.10),0.07500000000000001,2568,19.39252336448598,0.08256678584165701,498.0,109558,21601.0,19.716497197831288
monte_carlo_enhanced_pca_without_odds,prob_H_and_BTTS_Y,[0.10-0.15),0.125,14883,19.53907142377209,0.131290146379548,2908.0,106990,21103.0,19.724273296569773
monte_carlo_enhanced_pca_without_odds,prob_H_and_BTTS_Y,[0.15-0.20),0.17500000000000002,36807,19.547912081940936,0.17668604619444456,7195.0,92107,18195.0,19.75419892082035
monte_carlo_enhanced_pca_without_odds,prob_H_and_BTTS_Y,[0.20-0.25),0.225,34921,19.73311188110306,0.21897273158662595,6891.0,55300,11000.0,19.89150090415913
monte_carlo_enhanced_pca_without_odds,prob_H_and_BTTS_Y,[0.25-0.30),0.275,13622,20.129202760240787,0.271574585953036,2742.0,20379,4109.0,20.162912802394622
monte_carlo_enhanced_pca_without_odds,prob_H_and_BTTS_Y,[0.30-0.35),0.32500000000000007,5391,20.07048785012057,0.32034238218297234,1082.0,6757,1367.0,20.23087168861921
monte_carlo_enhanced_pca_without_odds,prob_H_and_BTTS_Y,[0.35-0.40),0.375,1238,20.35541195476575,0.36712296101228814,252.0,1366,285.0,20.863836017569547
monte_carlo_enhanced_pca_without_odds,prob_H_and_BTTS_Y,[0.40-0.45),0.42500000000000004,128,25.78125,0.4159175717456626,33.0,128,33.0,25.78125
monte_carlo_enhanced_pca_without_odds,prob_H_and_O15,[0.00-0.05),0.025,66,31.818181818181817,0.041352450866274926,21.0,109756,37816.0,34.45460840409636
monte_carlo_enhanced_pca_without_odds,prob_H_and_O15,[0.05-0.10),0.07500000000000001,802,34.66334164588529,0.08172417885519953,278.0,109690,37795.0,34.45619473060443
monte_carlo_enhanced_pca_without_odds,prob_H_and_O15,[0.10-0.15),0.125,2533,32.41215949467035,0.12859781929514874,821.0,108888,37517.0,34.454669017706266
monte_carlo_enhanced_pca_without_odds,prob_H_and_O15,[0.15-0.20),0.17500000000000002,6290,32.68680445151033,0.17837039116444872,2056.0,106355,36696.0,34.50331437167975
monte_carlo_enhanced_pca_without_odds,prob_H_and_O15,[0.20-0.25),0.225,12237,34.57546784342568,0.22707446093410824,4231.0,100065,34640.0,34.61749862589317
monte_carlo_enhanced_pca_without_odds,prob_H_and_O15,[0.25-0.30),0.275,17475,34.042918454935624,0.27605491434531054,5949.0,87828,30409.0,34.62335473880767
monte_carlo_enhanced_pca_without_odds,prob_H_and_O15,[0.30-0.35),0.32500000000000007,25844,34.31357375019347,0.3292242779930947,8868.0,70353,24460.0,34.76752945858741
monte_carlo_enhanced_pca_without_odds,prob_H_and_O15,[0.35-0.40),0.375,15746,35.12003048393243,0.3733945441429267,5530.0,44509,15592.0,35.03111730211867
monte_carlo_enhanced_pca_without_odds,prob_H_and_O15,[0.40-0.45),0.42500000000000004,10599,35.06934616473252,0.4232000945508971,3717.0,28763,10062.0,34.98244272155199
monte_carlo_enhanced_pca_without_odds,prob_H_and_O15,[0.45-0.50),0.475,7060,35.31161473087819,0.47325222338986905,2493.0,18164,6345.0,34.93173309843647
monte_carlo_enhanced_pca_without_odds,prob_H_and_O15,[0.50-0.55),0.525,4498,34.25967096487328,0.5233693589990139,1541.0,11104,3852.0,34.690201729106626
monte_carlo_enhanced_pca_without_odds,prob_H_and_O15,[0.55-0.60),0.5750000000000001,2908,34.73177441540577,0.5730805253376652,1010.0,6606,2311.0,34.98334847108689
monte_carlo_enhanced_pca_without_odds,prob_H_and_O15,[0.60-0.65),0.625,1764,34.58049886621315,0.6231285498491378,610.0,3698,1301.0,35.18117901568416
monte_carlo_enhanced_pca_without_odds,prob_H_and_O15,[0.65-0.70),0.675,1118,34.883720930232556,0.6730010225979087,390.0,1934,691.0,35.72905894519131
monte_carlo_enhanced_pca_without_odds,prob_H_and_O15,[0.70-0.75),0.7250000000000001,525,38.666666666666664,0.7215509427847419,203.0,816,301.0,36.88725490196079
monte_carlo_enhanced_pca_without_odds,prob_H_and_O15,[0.75-0.80),0.775,217,34.10138248847927,0.7707651664408149,74.0,291,98.0,33.67697594501718
monte_carlo_enhanced_pca_without_odds,prob_H_and_O15,[0.80-0.85),0.8250000000000001,74,32.432432432432435,0.8212762687996413,24.0,74,24.0,32.432432432432435
monte_carlo_enhanced_pca_without_odds,prob_H_and_O25,[0.00-0.05),0.025,144,28.47222222222222,0.041197718571776974,41.0,109743,29746.0,27.105145658493022
monte_carlo_enhanced_pca_without_odds,prob_H_and_O25,[0.05-0.10),0.07500000000000001,1657,25.709112854556427,0.08168835119186857,426.0,109599,29705.0,27.103349483115725
monte_carlo_enhanced_pca_without_odds,prob_H_and_O25,[0.10-0.15),0.125,6507,26.06423851237129,0.13017135889231735,1696.0,107942,29279.0,27.124752181727224
monte_carlo_enhanced_pca_without_odds,prob_H_and_O25,[0.15-0.20),0.17500000000000002,16822,27.26786351206753,0.17750058581922787,4587.0,101435,27583.0,27.192783555971804
monte_carlo_enhanced_pca_without_odds,prob_H_and_O25,[0.20-0.25),0.225,25104,26.378266411727214,0.2257798614195582,6622.0,84613,22996.0,27.177856830510677
monte_carlo_enhanced_pca_without_odds,prob_H_and_O25,[0.25-0.30),0.275,27376,27.472969023962595,0.2724207326441359,7521.0,59509,16374.0,27.515165773244384
monte_carlo_enhanced_pca_without_odds,prob_H_and_O25,[0.30-0.35),0.32500000000000007,13293,27.11953659820958,0.32265800819363427,3605.0,32133,8853.0,27.551115675473813
monte_carlo_enhanced_pca_without_odds,prob_H_and_O25,[0.35-0.40),0.375,8069,28.243896393605155,0.3728478976773815,2279.0,18840,5248.0,27.855626326963908
monte_carlo_enhanced_pca_without_odds,prob_H_and_O25,[0.40-0.45),0.42500000000000004,4744,26.728499156829677,0.42298589381916507,1268.0,10771,2969.0,27.56475721845697
monte_carlo_enhanced_pca_without_odds,prob_H_and_O25,[0.45-0.50),0.475,2837,27.634825519915402,0.4726027735751066,784.0,6027,1701.0,28.222996515679444
monte_carlo_enhanced_pca_without_odds,prob_H_and_O25,[0.50-0.55),0.525,1626,27.92127921279213,0.5229131847922989,454.0,3190,917.0,28.746081504702193
monte_carlo_enhanced_pca_without_odds,prob_H_and_O25,[0.55-0.60),0.5750000000000001,904,27.654867256637168,0.5725099073442055,250.0,1564,463.0,29.603580562659847
monte_carlo_enhanced_pca_without_odds,prob_H_and_O25,[0.60-0.65),0.625,442,33.03167420814479,0.6212352127624498,146.0,660,213.0,32.27272727272727
monte_carlo_enhanced_pca_without_odds,prob_H_and_O25,[0.65-0.70),0.675,157,28.662420382165603,0.6714045953063871,45.0,218,67.0,30.73394495412844
monte_carlo_enhanced_pca_without_odds,prob_H_and_O25,[0.70-0.75),0.7250000000000001,61,36.0655737704918,0.7217096708050242,22.0,61,22.0,36.0655737704918
monte_carlo_enhanced_pca_without_odds,prob_H_and_O35,[0.00-0.05),0.025,2749,14.077846489632595,0.03841551800948965,387.0,109748,15725.0,14.328279330830629
monte_carlo_enhanced_pca_without_odds,prob_H_and_O35,[0.05-0.10),0.07500000000000001,26490,13.971309928274819,0.0801269577166126,3701.0,106999,15338.0,14.334713408536528
monte_carlo_enhanced_pca_without_odds,prob_H_and_O35,[0.10-0.15),0.125,43545,14.155471351475486,0.1261359073611286,6164.0,80509,11637.0,14.454284614142518
monte_carlo_enhanced_pca_without_odds,prob_H_and_O35,[0.15-0.20),0.17500000000000002,19231,14.741823098122822,0.1717526620011463,2835.0,36964,5473.0,14.806298019694838
monte_carlo_enhanced_pca_without_odds,prob_H_and_O35,[0.20-0.25),0.225,9046,15.045323900066327,0.22191439902580817,1361.0,17733,2638.0,14.876219477809732
monte_carlo_enhanced_pca_without_odds,prob_H_and_O35,[0.25-0.30),0.275,4452,14.353099730458222,0.27221328841173964,639.0,8687,1277.0,14.700126625992862
monte_carlo_enhanced_pca_without_odds,prob_H_and_O35,[0.30-0.35),0.32500000000000007,2263,13.698630136986301,0.3222083796782046,310.0,4235,638.0,15.064935064935064
monte_carlo_enhanced_pca_without_odds,prob_H_and_O35,[0.35-0.40),0.375,1106,15.280289330922242,0.37219006446266195,169.0,1972,328.0,16.63286004056795
monte_carlo_enhanced_pca_without_odds,prob_H_and_O35,[0.40-0.45),0.42500000000000004,546,17.765567765567766,0.4218959953035539,97.0,866,159.0,18.36027713625866
monte_carlo_enhanced_pca_without_odds,prob_H_and_O35,[0.45-0.50),0.475,209,18.181818181818183,0.4707281245386652,38.0,320,62.0,19.375
monte_carlo_enhanced_pca_without_odds,prob_H_and_O35,[0.50-0.55),0.525,78,23.076923076923077,0.5209206443029022,18.0,111,24.0,21.62162162162162
monte_carlo_enhanced_pca_without_odds,prob_H_and_O35,[0.55-0.60),0.5750000000000001,33,18.181818181818183,0.5727064241872167,6.0,33,6.0,18.181818181818183
monte_carlo_enhanced_pca_without_odds,prob_H_and_O45,[0.00-0.05),0.025,21761,8.092458986259823,0.03906306793607527,1761.0,109756,9010.0,8.209118408105253
monte_carlo_enhanced_pca_without_odds,prob_H_and_O45,[0.05-0.10),0.07500000000000001,62741,8.0346185110215,0.07230886977808126,5041.0,87995,7249.0,8.237968066367408
monte_carlo_enhanced_pca_without_odds,prob_H_and_O45,[0.10-0.15),0.125,17044,8.73621215677071,0.11983575187283736,1489.0,25254,2208.0,8.743169398907105
monte_carlo_enhanced_pca_without_odds,prob_H_and_O45,[0.15-0.20),0.17500000000000002,5363,8.57728883087824,0.1704586384451962,460.0,8210,719.0,8.757612667478684
monte_carlo_enhanced_pca_without_odds,prob_H_and_O45,[0.20-0.25),0.225,1898,8.324552160168599,0.22066222201638497,158.0,2847,259.0,9.097295398665262
monte_carlo_enhanced_pca_without_odds,prob_H_and_O45,[0.25-0.30),0.275,663,11.161387631975868,0.27157611261788844,74.0,949,101.0,10.642781875658589
monte_carlo_enhanced_pca_without_odds,prob_H_and_O45,[0.30-0.35),0.32500000000000007,199,10.552763819095476,0.3197896293807799,21.0,286,27.0,9.44055944055944
monte_carlo_enhanced_pca_without_odds,prob_H_and_O45,[0.35-0.40),0.375,56,8.928571428571429,0.37125261840318363,5.0,87,6.0,6.896551724137931
monte_carlo_enhanced_pca_without_odds,prob_H_and_O45,[0.40-0.45),0.42500000000000004,31,3.225806451612903,0.4211966724482592,1.0,31,1.0,3.225806451612903
monte_carlo_enhanced_pca_without_odds,prob_H_and_U15,[0.00-0.05),0.025,3251,9.720086127345432,0.038132824605457395,316.0,109755,10719.0,9.76629766297663
monte_carlo_enhanced_pca_without_odds,prob_H_and_U15,[0.05-0.10),0.07500000000000001,54925,9.47109695038689,0.084594385325114,5202.0,106504,10403.0,9.76770825508901
monte_carlo_enhanced_pca_without_odds,prob_H_and_U15,[0.10-0.15),0.125,50836,10.067668581320325,0.11560671978034395,5118.0,51579,5201.0,10.083561139223328
monte_carlo_enhanced_pca_without_odds,prob_H_and_U15,[0.15-0.20),0.17500000000000002,743,11.17092866756393,0.15939020680623014,83.0,743,83.0,11.17092866756393
monte_carlo_enhanced_pca_without_odds,prob_H_and_U25,[0.00-0.05),0.025,799,15.76971214017522,0.03582218596564208,126.0,109755,18783.0,17.113571135711357
monte_carlo_enhanced_pca_without_odds,prob_H_and_U25,[0.05-0.10),0.07500000000000001,6169,16.16145242340736,0.08097128306015167,997.0,108956,18657.0,17.123425970116376
monte_carlo_enhanced_pca_without_odds,prob_H_and_U25,[0.10-0.15),0.125,21228,16.31807047296024,0.12915898858512143,3464.0,102787,17660.0,17.181161041765982
monte_carlo_enhanced_pca_without_odds,prob_H_and_U25,[0.15-0.20),0.17500000000000002,51534,17.437031862459733,0.176150776737757,8986.0,81559,14196.0,17.40580438700818
monte_carlo_enhanced_pca_without_odds,prob_H_and_U25,[0.20-0.25),0.225,27410,17.3257935060197,0.21848573667688861,4749.0,30025,5210.0,17.352206494587843
monte_carlo_enhanced_pca_without_odds,prob_H_and_U25,[0.25-0.30),0.275,2502,17.74580335731415,0.2633316045083924,444.0,2615,461.0,17.62906309751434
monte_carlo_enhanced_pca_without_odds,prob_H_and_U25,[0.30-0.35),0.32500000000000007,113,15.04424778761062,0.3160402142876943,17.0,113,17.0,15.04424778761062
monte_carlo_enhanced_pca_without_odds,prob_H_and_U35,[0.00-0.05),0.025,113,23.008849557522122,0.03599970086914701,26.0,109760,32809.0,29.891581632653065
monte_carlo_enhanced_pca_without_odds,prob_H_and_U35,[0.05-0.10),0.07500000000000001,835,28.143712574850298,0.08113147676854243,235.0,109647,32783.0,29.898674838344867
monte_carlo_enhanced_pca_without_odds,prob_H_and_U35,[0.10-0.15),0.125,2858,28.726382085374386,0.12905607816206918,821.0,108812,32548.0,29.912142043157004
monte_carlo_enhanced_pca_without_odds,prob_H_and_U35,[0.15-0.20),0.17500000000000002,6679,28.252732444976793,0.17861712520772988,1887.0,105954,31727.0,29.94412669649093
monte_carlo_enhanced_pca_without_odds,prob_H_and_U35,[0.20-0.25),0.225,13761,29.321996947896228,0.22768531365166897,4035.0,99275,29840.0,30.057919919415767
monte_carlo_enhanced_pca_without_odds,prob_H_and_U35,[0.25-0.30),0.275,29550,30.040609137055835,0.28136478170818896,8877.0,85514,25805.0,30.176345393736696
monte_carlo_enhanced_pca_without_odds,prob_H_and_U35,[0.30-0.35),0.32500000000000007,29622,30.15664033488623,0.32489885189240425,8933.0,55964,16928.0,30.248016582088482
monte_carlo_enhanced_pca_without_odds,prob_H_and_U35,[0.35-0.40),0.375,20248,30.18569735282497,0.3718079649521562,6112.0,26342,7995.0,30.35077063245008
monte_carlo_enhanced_pca_without_odds,prob_H_and_U35,[0.40-0.45),0.42500000000000004,5515,30.80689029918404,0.4167079989763033,1699.0,6094,1883.0,30.899245159172956
monte_carlo_enhanced_pca_without_odds,prob_H_and_U35,[0.45-0.50),0.475,539,31.72541743970315,0.46489837978560866,171.0,579,184.0,31.77892918825561
monte_carlo_enhanced_pca_without_odds,prob_H_and_U35,[0.50-0.55),0.525,40,32.5,0.5162704102587284,13.0,40,13.0,32.5
monte_carlo_enhanced_pca_without_odds,prob_H_and_U45,[0.00-0.05),0.025,77,19.480519480519483,0.03729184056538847,15.0,109756,39527.0,36.01352090090747
monte_carlo_enhanced_pca_without_odds,prob_H_and_U45,[0.05-0.10),0.07500000000000001,524,37.213740458015266,0.08105089018265105,195.0,109679,39512.0,36.02512787315712
monte_carlo_enhanced_pca_without_odds,prob_H_and_U45,[0.10-0.15),0.125,1759,34.22399090392268,0.1293620602856858,602.0,109155,39317.0,36.0194219229536
monte_carlo_enhanced_pca_without_odds,prob_H_and_U45,[0.15-0.20),0.17500000000000002,3722,33.53036002149382,0.1781618540494356,1248.0,107396,38715.0,36.048828634213564
monte_carlo_enhanced_pca_without_odds,prob_H_and_U45,[0.20-0.25),0.225,7511,34.60258287844495,0.22771593255809985,2599.0,103674,37467.0,36.139244169222756
monte_carlo_enhanced_pca_without_odds,prob_H_and_U45,[0.25-0.30),0.275,12651,35.32527072958659,0.2769518517110821,4469.0,96163,34868.0,36.2592681176752
monte_carlo_enhanced_pca_without_odds,prob_H_and_U45,[0.30-0.35),0.32500000000000007,18691,35.979883366326035,0.32613965148935437,6725.0,83512,30399.0,36.400756777469105
monte_carlo_enhanced_pca_without_odds,prob_H_and_U45,[0.35-0.40),0.375,28317,36.6670198114207,0.37185562736852573,10383.0,64821,23674.0,36.52211474676417
monte_carlo_enhanced_pca_without_odds,prob_H_and_U45,[0.40-0.45),0.42500000000000004,18251,36.49115116979891,0.4233168663625645,6660.0,36504,13291.0,36.409708525093144
monte_carlo_enhanced_pca_without_odds,prob_H_and_U45,[0.45-0.50),0.475,11335,36.277018085575655,0.4729030288525098,4112.0,18253,6631.0,36.328274804141785
monte_carlo_enhanced_pca_without_odds,prob_H_and_U45,[0.50-0.55),0.525,5490,36.04735883424408,0.5208307316730716,1979.0,6918,2519.0,36.41225787799942
monte_carlo_enhanced_pca_without_odds,prob_H_and_U45,[0.55-0.60),0.5750000000000001,1286,37.86936236391913,0.5670268437221828,487.0,1428,540.0,37.81512605042017
monte_carlo_enhanced_pca_without_odds,prob_H_and_U45,[0.60-0.65),0.625,142,37.32394366197183,0.6164976399735984,53.0,142,53.0,37.32394366197183
monte_carlo_enhanced_pca_without_odds,prob_O15,[0.55-0.60),0.5750000000000001,168,70.23809523809523,0.5824878499945136,118.0,109742,83089.0,75.71303602996117
monte_carlo_enhanced_pca_without_odds,prob_O15,[0.60-0.65),0.625,1550,74.0,0.6343972655802945,1147.0,109574,82971.0,75.72143026630404
monte_carlo_enhanced_pca_without_odds,prob_O15,[0.65-0.70),0.675,12570,74.5346062052506,0.6819346390497196,9369.0,108024,81824.0,75.74613048952085
monte_carlo_enhanced_pca_without_odds,prob_O15,[0.70-0.75),0.7250000000000001,34486,75.74378008467204,0.7268358193020037,26121.0,95454,72455.0,75.90567184193434
monte_carlo_enhanced_pca_without_odds,prob_O15,[0.75-0.80),0.775,41404,75.70041541880012,0.7707478289748673,31343.0,60968,46334.0,75.99724445610812
monte_carlo_enhanced_pca_without_odds,prob_O15,[0.80-0.85),0.8250000000000001,15771,76.47581003106968,0.8196538830539524,12061.0,19564,14991.0,76.62543447147823
monte_carlo_enhanced_pca_without_odds,prob_O15,[0.85-0.90),0.875,3312,76.93236714975845,0.8674982288506805,2548.0,3793,2930.0,77.24756129712628
monte_carlo_enhanced_pca_without_odds,prob_O15,[0.90-0.95),0.925,481,79.41787941787942,0.9177704584669554,382.0,481,382.0,79.41787941787942
monte_carlo_enhanced_pca_without_odds,prob_O25,[0.25-0.30),0.275,43,58.139534883720934,0.2867440701984406,25.0,109753,57140.0,52.06235820433155
monte_carlo_enhanced_pca_without_odds,prob_O25,[0.30-0.35),0.32500000000000007,388,53.608247422680414,0.33318578332434656,208.0,109710,57115.0,52.0599763011576
monte_carlo_enhanced_pca_without_odds,prob_O25,[0.35-0.40),0.375,3113,51.2688724702859,0.38296006666820476,1596.0,109322,56907.0,52.05448125720349
monte_carlo_enhanced_pca_without_odds,prob_O25,[0.40-0.45),0.42500000000000004,14830,50.45178691840864,0.4295793831714209,7482.0,106209,55311.0,52.07750755585685
monte_carlo_enhanced_pca_without_odds,prob_O25,[0.45-0.50),0.475,27642,51.830547717241885,0.4758424314540583,14327.0,91379,47829.0,52.34134757438799
monte_carlo_enhanced_pca_without_odds,prob_O25,[0.50-0.55),0.525,33464,52.14558928998326,0.5224022188163726,17450.0,63737,33502.0,52.56287556678224
monte_carlo_enhanced_pca_without_odds,prob_O25,[0.55-0.60),0.5750000000000001,18047,52.690197816811654,0.5723071606117193,9509.0,30273,16052.0,53.02414692960724
monte_carlo_enhanced_pca_without_odds,prob_O25,[0.60-0.65),0.625,7931,52.91892573445971,0.6209442035256888,4197.0,12226,6543.0,53.51709471617864
monte_carlo_enhanced_pca_without_odds,prob_O25,[0.65-0.70),0.675,2883,52.86160249739854,0.6702454985335864,1524.0,4295,2346.0,54.62165308498253
monte_carlo_enhanced_pca_without_odds,prob_O25,[0.70-0.75),0.7250000000000001,948,57.27848101265823,0.7200467956098239,543.0,1412,822.0,58.21529745042493
monte_carlo_enhanced_pca_without_odds,prob_O25,[0.75-0.80),0.775,309,57.28155339805825,0.7713819403706723,177.0,464,279.0,60.129310344827594
monte_carlo_enhanced_pca_without_odds,prob_O25,[0.80-0.85),0.8250000000000001,116,61.206896551724135,0.8235008048562605,71.0,155,102.0,65.80645161290323
monte_carlo_enhanced_pca_without_odds,prob_O25,[0.85-0.90),0.875,39,79.48717948717949,0.8662304560471625,31.0,39,31.0,79.48717948717949
monte_carlo_enhanced_pca_without_odds,prob_O25_and_BTTS_N,[0.05-0.10),0.07500000000000001,71616,11.597966934763182,0.08389958267465428,8306.0,109747,12812.0,11.674123210657239
monte_carlo_enhanced_pca_without_odds,prob_O25_and_BTTS_N,[0.10-0.15),0.125,30135,11.674133067861291,0.11426196395178806,3518.0,38131,4506.0,11.817156644200256
monte_carlo_enhanced_pca_without_odds,prob_O25_and_BTTS_N,[0.15-0.20),0.17500000000000002,5464,12.170571010248903,0.1699389401552823,665.0,7996,988.0,12.356178089044523
monte_carlo_enhanced_pca_without_odds,prob_O25_and_BTTS_N,[0.20-0.25),0.225,1808,12.77654867256637,0.2211125814863542,231.0,2532,323.0,12.756714060031596
monte_carlo_enhanced_pca_without_odds,prob_O25_and_BTTS_N,[0.25-0.30),0.275,518,12.741312741312742,0.2702930567168286,66.0,724,92.0,12.70718232044199
monte_carlo_enhanced_pca_without_odds,prob_O25_and_BTTS_N,[0.30-0.35),0.32500000000000007,160,11.875,0.3197822649449996,19.0,206,26.0,12.62135922330097
monte_carlo_enhanced_pca_without_odds,prob_O25_and_BTTS_N,[0.35-0.40),0.375,46,15.217391304347828,0.37289936261050455,7.0,46,7.0,15.217391304347828
monte_carlo_enhanced_pca_without_odds,prob_O25_and_BTTS_Y,[0.20-0.25),0.225,127,43.30708661417323,0.23537678026067826,55.0,109738,44321.0,40.38801509048825
monte_carlo_enhanced_pca_without_odds,prob_O25_and_BTTS_Y,[0.25-0.30),0.275,1228,40.472312703583064,0.283534756844094,497.0,109611,44266.0,40.38463292917682
monte_carlo_enhanced_pca_without_odds,prob_O25_and_BTTS_Y,[0.30-0.35),0.32500000000000007,10246,39.67401912941636,0.33218562645756994,4065.0,108383,43769.0,40.3836395006597
monte_carlo_enhanced_pca_without_odds,prob_O25_and_BTTS_Y,[0.35-0.40),0.375,30953,40.141504862210446,0.3771833489484005,12425.0,98137,39704.0,40.457727462628775
monte_carlo_enhanced_pca_without_odds,prob_O25_and_BTTS_Y,[0.40-0.45),0.42500000000000004,40614,40.458955040133944,0.4225434832302152,16432.0,67184,27279.0,40.60341748035247
monte_carlo_enhanced_pca_without_odds,prob_O25_and_BTTS_Y,[0.45-0.50),0.475,19403,41.23589135700665,0.4710077463707635,8001.0,26570,10847.0,40.824237862250655
monte_carlo_enhanced_pca_without_odds,prob_O25_and_BTTS_Y,[0.50-0.55),0.525,5617,39.4694676873776,0.5187749847597466,2217.0,7167,2846.0,39.709780940421375
monte_carlo_enhanced_pca_without_odds,prob_O25_and_BTTS_Y,[0.55-0.60),0.5750000000000001,1169,41.14627887082977,0.5687591511330448,481.0,1550,629.0,40.58064516129033
monte_carlo_enhanced_pca_without_odds,prob_O25_and_BTTS_Y,[0.60-0.65),0.625,306,36.9281045751634,0.6194548414913227,113.0,381,148.0,38.84514435695538
monte_carlo_enhanced_pca_without_odds,prob_O25_and_BTTS_Y,[0.65-0.70),0.675,75,46.666666666666664,0.6686129957522939,35.0,75,35.0,46.666666666666664
monte_carlo_enhanced_pca_without_odds,prob_O35,[0.10-0.15),0.125,216,29.166666666666668,0.13673310613243284,63.0,109740,32933.0,30.01002369236377
monte_carlo_enhanced_pca_without_odds,prob_O35,[0.15-0.20),0.17500000000000002,3807,28.762805358550043,0.18507040120747179,1095.0,109524,32870.0,30.011686936196636
monte_carlo_enhanced_pca_without_odds,prob_O35,[0.20-0.25),0.225,22047,28.888284120288475,0.2293016903549077,6369.0,105717,31775.0,30.056660707360216
monte_carlo_enhanced_pca_without_odds,prob_O35,[0.25-0.30),0.275,38780,29.902011346054667,0.2784056839340885,11596.0,83670,25406.0,30.364527309668937
monte_carlo_enhanced_pca_without_odds,prob_O35,[0.30-0.35),0.32500000000000007,24785,30.20778696792415,0.32293173672541214,7487.0,44890,13810.0,30.76408999777233
monte_carlo_enhanced_pca_without_odds,prob_O35,[0.35-0.40),0.375,12418,31.003382187147686,0.37139382201794613,3850.0,20105,6323.0,31.449888087540412
monte_carlo_enhanced_pca_without_odds,prob_O35,[0.40-0.45),0.42500000000000004,4809,31.4410480349345,0.42105579054421716,1512.0,7687,2473.0,32.17119812670743
monte_carlo_enhanced_pca_without_odds,prob_O35,[0.45-0.50),0.475,1755,32.592592592592595,0.47100043218200055,572.0,2878,961.0,33.391243919388465
monte_carlo_enhanced_pca_without_odds,prob_O35,[0.50-0.55),0.525,662,31.722054380664655,0.5209236972933625,210.0,1123,389.0,34.6393588601959
monte_carlo_enhanced_pca_without_odds,prob_O35,[0.55-0.60),0.5750000000000001,235,38.72340425531915,0.5697610103333591,91.0,461,179.0,38.82863340563991
monte_carlo_enhanced_pca_without_odds,prob_O35,[0.60-0.65),0.625,125,32.800000000000004,0.6179006203472284,41.0,226,88.0,38.93805309734513
monte_carlo_enhanced_pca_without_odds,prob_O35,[0.65-0.70),0.675,75,44.0,0.6717944356563728,33.0,101,47.0,46.53465346534654
monte_carlo_enhanced_pca_without_odds,prob_O35,[0.70-0.75),0.7250000000000001,26,53.84615384615385,0.7213989953397693,14.0,26,14.0,53.84615384615385
monte_carlo_enhanced_pca_without_odds,prob_O35_and_BTTS_N,[0.00-0.05),0.025,93597,4.868745793134396,0.030230064952561034,4557.0,109759,5439.0,4.955402290472763
monte_carlo_enhanced_pca_without_odds,prob_O35_and_BTTS_N,[0.05-0.10),0.07500000000000001,13288,5.456050571944612,0.06660312329283298,725.0,16162,882.0,5.457245390421978
monte_carlo_enhanced_pca_without_odds,prob_O35_and_BTTS_N,[0.10-0.15),0.125,2265,5.077262693156733,0.11912041773725539,115.0,2874,157.0,5.462769659011831
monte_carlo_enhanced_pca_without_odds,prob_O35_and_BTTS_N,[0.15-0.20),0.17500000000000002,470,7.021276595744681,0.17005045235640032,33.0,609,42.0,6.896551724137931
monte_carlo_enhanced_pca_without_odds,prob_O35_and_BTTS_N,[0.20-0.25),0.225,112,7.142857142857142,0.21933594774630408,8.0,139,9.0,6.474820143884892
monte_carlo_enhanced_pca_without_odds,prob_O35_and_BTTS_N,[0.25-0.30),0.275,27,3.7037037037037033,0.2712453954340895,1.0,27,1.0,3.7037037037037033
monte_carlo_enhanced_pca_without_odds,prob_O35_and_BTTS_Y,[0.05-0.10),0.07500000000000001,21,19.047619047619047,0.0857833045601923,4.0,109750,27497.0,25.054214123006837
monte_carlo_enhanced_pca_without_odds,prob_O35_and_BTTS_Y,[0.10-0.15),0.125,754,23.076923076923077,0.1365738852611085,174.0,109729,27493.0,25.055363668674644
monte_carlo_enhanced_pca_without_odds,prob_O35_and_BTTS_Y,[0.15-0.20),0.17500000000000002,11334,24.007411328745366,0.18342046072691234,2721.0,108975,27319.0,25.069052534985087
monte_carlo_enhanced_pca_without_odds,prob_O35_and_BTTS_Y,[0.20-0.25),0.225,35659,24.818418912476513,0.22649761386446557,8850.0,97641,24598.0,25.192286027386036
monte_carlo_enhanced_pca_without_odds,prob_O35_and_BTTS_Y,[0.25-0.30),0.275,39614,25.208259706164487,0.27135614639130295,9986.0,61982,15748.0,25.407376335065017
monte_carlo_enhanced_pca_without_odds,prob_O35_and_BTTS_Y,[0.30-0.35),0.32500000000000007,16401,25.839887811718796,0.32080427732145017,4238.0,22368,5762.0,25.760014306151646
monte_carlo_enhanced_pca_without_odds,prob_O35_and_BTTS_Y,[0.35-0.40),0.375,4466,25.14554411106135,0.36898122632370667,1123.0,5967,1524.0,25.540472599296127
monte_carlo_enhanced_pca_without_odds,prob_O35_and_BTTS_Y,[0.40-0.45),0.42500000000000004,1020,26.862745098039216,0.4195470550751007,274.0,1501,401.0,26.71552298467688
monte_carlo_enhanced_pca_without_odds,prob_O35_and_BTTS_Y,[0.45-0.50),0.475,291,25.42955326460481,0.47180902904322275,74.0,481,127.0,26.403326403326403
monte_carlo_enhanced_pca_without_odds,prob_O35_and_BTTS_Y,[0.50-0.55),0.525,140,30.0,0.5202091857377352,42.0,190,53.0,27.89473684210526
monte_carlo_enhanced_pca_without_odds,prob_O35_and_BTTS_Y,[0.55-0.60),0.5750000000000001,50,22.0,0.5669082805768597,11.0,50,11.0,22.0
monte_carlo_enhanced_pca_without_odds,prob_U15,[0.05-0.10),0.07500000000000001,481,20.582120582120584,0.0822295415330446,99.0,109742,26653.0,24.28696397003882
monte_carlo_enhanced_pca_without_odds,prob_U15,[0.10-0.15),0.125,3312,23.067632850241544,0.13250177114931952,764.0,109261,26554.0,24.303273812247735
monte_carlo_enhanced_pca_without_odds,prob_U15,[0.15-0.20),0.17500000000000002,15771,23.524189968930315,0.1803461169460476,3710.0,105949,25790.0,24.341900348280777
monte_carlo_enhanced_pca_without_odds,prob_U15,[0.20-0.25),0.225,41404,24.299584581199884,0.2292521710251327,10061.0,90178,22080.0,24.48490762713744
monte_carlo_enhanced_pca_without_odds,prob_U15,[0.25-0.30),0.275,34486,24.25621991532796,0.2731641806979962,8365.0,48774,12019.0,24.64222741624636
monte_carlo_enhanced_pca_without_odds,prob_U15,[0.30-0.35),0.32500000000000007,12570,25.465393794749403,0.3180653609502805,3201.0,14288,3654.0,25.57390817469205
monte_carlo_enhanced_pca_without_odds,prob_U15,[0.35-0.40),0.375,1550,26.0,0.3656027344197054,403.0,1718,453.0,26.36786961583236
monte_carlo_enhanced_pca_without_odds,prob_U15,[0.40-0.45),0.42500000000000004,168,29.761904761904763,0.41751215000548647,50.0,168,50.0,29.761904761904763
monte_carlo_enhanced_pca_without_odds,prob_U25,[0.10-0.15),0.125,39,20.51282051282051,0.13376954395283752,8.0,109753,52613.0,47.937641795668455
monte_carlo_enhanced_pca_without_odds,prob_U25,[0.15-0.20),0.17500000000000002,116,38.793103448275865,0.17649919514373935,45.0,109714,52605.0,47.94739048799606
monte_carlo_enhanced_pca_without_odds,prob_U25,[0.20-0.25),0.225,309,42.71844660194174,0.22861805962932774,132.0,109598,52560.0,47.95707950875016
monte_carlo_enhanced_pca_without_odds,prob_U25,[0.25-0.30),0.275,948,42.721518987341774,0.279953204390176,405.0,109289,52428.0,47.971891041184385
monte_carlo_enhanced_pca_without_odds,prob_U25,[0.30-0.35),0.32500000000000007,2883,47.13839750260146,0.32975450146641366,1359.0,108341,52023.0,48.017832584155585
monte_carlo_enhanced_pca_without_odds,prob_U25,[0.35-0.40),0.375,7931,47.08107426554029,0.37905579647431115,3734.0,105458,50664.0,48.04187449031842
monte_carlo_enhanced_pca_without_odds,prob_U25,[0.40-0.45),0.42500000000000004,18047,47.309802183188346,0.4276928393882808,8538.0,97527,46930.0,48.120007792713814
monte_carlo_enhanced_pca_without_odds,prob_U25,[0.45-0.50),0.475,33464,47.85441071001674,0.4775977811836273,16014.0,79480,38392.0,48.30397584297937
monte_carlo_enhanced_pca_without_odds,prob_U25,[0.50-0.55),0.525,27642,48.16945228275812,0.5241575685459418,13315.0,46016,22378.0,48.630910987482615
monte_carlo_enhanced_pca_without_odds,prob_U25,[0.55-0.60),0.5750000000000001,14830,49.54821308159137,0.5704206168285791,7348.0,18374,9063.0,49.325133340589964
monte_carlo_enhanced_pca_without_odds,prob_U25,[0.60-0.65),0.625,3113,48.7311275297141,0.6170399333317953,1517.0,3544,1715.0,48.39164785553047
monte_carlo_enhanced_pca_without_odds,prob_U25,[0.65-0.70),0.675,388,46.391752577319586,0.6668142166756535,180.0,431,198.0,45.93967517401392
monte_carlo_enhanced_pca_without_odds,prob_U25,[0.70-0.75),0.7250000000000001,43,41.86046511627907,0.7132559298015594,18.0,43,18.0,41.86046511627907
monte_carlo_enhanced_pca_without_odds,prob_U35,[0.25-0.30),0.275,26,46.15384615384615,0.2786010046602307,12.0,109740,76807.0,69.98997630763623
monte_carlo_enhanced_pca_without_odds,prob_U35,[0.30-0.35),0.32500000000000007,75,56.00000000000001,0.32820556434362724,42.0,109714,76795.0,69.99562498860674
monte_carlo_enhanced_pca_without_odds,prob_U35,[0.35-0.40),0.375,125,67.2,0.3820993796527717,84.0,109639,76753.0,70.0051988799606
monte_carlo_enhanced_pca_without_odds,prob_U35,[0.40-0.45),0.42500000000000004,235,61.27659574468085,0.43023898966664087,144.0,109514,76669.0,70.00840075241521
monte_carlo_enhanced_pca_without_odds,prob_U35,[0.45-0.50),0.475,662,68.27794561933534,0.4790763027066374,452.0,109279,76525.0,70.02717814035634
monte_carlo_enhanced_pca_without_odds,prob_U35,[0.50-0.55),0.525,1755,67.4074074074074,0.5289995678179995,1183.0,108617,76073.0,70.03783938057579
monte_carlo_enhanced_pca_without_odds,prob_U35,[0.55-0.60),0.5750000000000001,4809,68.5589519650655,0.5789442094557828,3297.0,106862,74890.0,70.08103909715334
monte_carlo_enhanced_pca_without_odds,prob_U35,[0.60-0.65),0.625,12418,68.9966178128523,0.6286061779820539,8568.0,102053,71593.0,70.15276376000705
monte_carlo_enhanced_pca_without_odds,prob_U35,[0.65-0.70),0.675,24785,69.79221303207585,0.6770682632745879,17298.0,89635,63025.0,70.3129357951693
monte_carlo_enhanced_pca_without_odds,prob_U35,[0.70-0.75),0.7250000000000001,38780,70.09798865394534,0.7215943160659115,27184.0,64850,45727.0,70.51195065535852
monte_carlo_enhanced_pca_without_odds,prob_U35,[0.75-0.80),0.775,22047,71.11171587971153,0.7706983096450923,15678.0,26070,18543.0,71.1277330264672
monte_carlo_enhanced_pca_without_odds,prob_U35,[0.80-0.85),0.8250000000000001,3807,71.23719464144996,0.8149295987925281,2712.0,4023,2865.0,71.21551081282624
monte_carlo_enhanced_pca_without_odds,prob_U35,[0.85-0.90),0.875,216,70.83333333333334,0.863266893867567,153.0,216,153.0,70.83333333333334
monte_carlo_enhanced_pca_without_odds,prob_X2,[0.05-0.10),0.07500000000000001,21,57.14285714285714,0.08812190868998104,12.0,109746,61212.0,55.77606473128861
monte_carlo_enhanced_pca_without_odds,prob_X2,[0.10-0.15),0.125,142,56.33802816901409,0.1313853844189419,80.0,109725,61200.0,55.7758031442242
monte_carlo_enhanced_pca_without_odds,prob_X2,[0.15-0.20),0.17500000000000002,437,54.004576659038904,0.1785076357091655,236.0,109583,61120.0,55.77507460098738
monte_carlo_enhanced_pca_without_odds,prob_X2,[0.20-0.25),0.225,1137,56.37642919964819,0.2275846352967933,641.0,109146,60884.0,55.7821633408462
monte_carlo_enhanced_pca_without_odds,prob_X2,[0.25-0.30),0.275,1930,53.678756476683944,0.27690979802433474,1036.0,108009,60243.0,55.77590756325862
monte_carlo_enhanced_pca_without_odds,prob_X2,[0.30-0.35),0.32500000000000007,3280,56.00609756097561,0.32678598614168775,1837.0,106079,59207.0,55.81406310391313
monte_carlo_enhanced_pca_without_odds,prob_X2,[0.35-0.40),0.375,5071,54.64405442713469,0.37692963567531257,2771.0,102799,57370.0,55.80793587486259
monte_carlo_enhanced_pca_without_odds,prob_X2,[0.40-0.45),0.42500000000000004,7911,55.328024270003795,0.4264239178022484,4377.0,97728,54599.0,55.86832842174198
monte_carlo_enhanced_pca_without_odds,prob_X2,[0.45-0.50),0.475,11789,55.69598778522351,0.4766364269906029,6566.0,89817,50222.0,55.91591792199695
monte_carlo_enhanced_pca_without_odds,prob_X2,[0.50-0.55),0.525,15856,54.50302724520686,0.5262183543902458,8642.0,78028,43656.0,55.94914646024504
monte_carlo_enhanced_pca_without_odds,prob_X2,[0.55-0.60),0.5750000000000001,23487,55.98841912547366,0.5700842976101406,13150.0,62172,35014.0,56.31795663642798
monte_carlo_enhanced_pca_without_odds,prob_X2,[0.60-0.65),0.625,14585,56.14672608844703,0.6242161428491202,8189.0,38685,21864.0,56.51803024428072
monte_carlo_enhanced_pca_without_odds,prob_X2,[0.65-0.70),0.675,10628,56.219420398946184,0.6735951189975774,5975.0,24100,13675.0,56.74273858921162
monte_carlo_enhanced_pca_without_odds,prob_X2,[0.70-0.75),0.7250000000000001,6722,56.813448378458794,0.7227280578521051,3819.0,13472,7700.0,57.15558194774347
monte_carlo_enhanced_pca_without_odds,prob_X2,[0.75-0.80),0.775,3720,57.74193548387097,0.7724027725769533,2148.0,6750,3881.0,57.4962962962963
monte_carlo_enhanced_pca_without_odds,prob_X2,[0.80-0.85),0.8250000000000001,1921,57.105674128058304,0.8225918197267986,1097.0,3030,1733.0,57.194719471947195
monte_carlo_enhanced_pca_without_odds,prob_X2,[0.85-0.90),0.875,868,56.336405529953915,0.8703041798208999,489.0,1109,636.0,57.34896302975654
monte_carlo_enhanced_pca_without_odds,prob_X2,[0.90-0.95),0.925,241,60.99585062240664,0.9190337122843427,147.0,241,147.0,60.99585062240664
monte_carlo_enhanced_pca_without_odds,prob_X2_and_BTTS_N,[0.00-0.05),0.025,299,24.08026755852843,0.03985618453842717,72.0,109757,26110.0,23.788915513361335
monte_carlo_enhanced_pca_without_odds,prob_X2_and_BTTS_N,[0.05-0.10),0.07500000000000001,3607,23.260327141668977,0.0807324745435378,839.0,109458,26038.0,23.78811964406439
monte_carlo_enhanced_pca_without_odds,prob_X2_and_BTTS_N,[0.10-0.15),0.125,10057,23.63527891021179,0.1281696266392041,2377.0,105851,25199.0,23.80610480770139
monte_carlo_enhanced_pca_without_odds,prob_X2_and_BTTS_N,[0.15-0.20),0.17500000000000002,19659,23.29721755938756,0.17729407586991494,4580.0,95794,22822.0,23.824039083867465
monte_carlo_enhanced_pca_without_odds,prob_X2_and_BTTS_N,[0.20-0.25),0.225,35371,23.524921545899183,0.22680228475831776,8321.0,76135,18242.0,23.96007092664346
monte_carlo_enhanced_pca_without_odds,prob_X2_and_BTTS_N,[0.25-0.30),0.275,24412,24.43470424381452,0.2725758556750832,5965.0,40764,9921.0,24.337650868413306
monte_carlo_enhanced_pca_without_odds,prob_X2_and_BTTS_N,[0.30-0.35),0.32500000000000007,11620,23.9328743545611,0.3208558385283266,2781.0,16352,3956.0,24.192759295499023
monte_carlo_enhanced_pca_without_odds,prob_X2_and_BTTS_N,[0.35-0.40),0.375,3444,24.883855981416957,0.36910644918421115,857.0,4732,1175.0,24.830938292476752
monte_carlo_enhanced_pca_without_odds,prob_X2_and_BTTS_N,[0.40-0.45),0.42500000000000004,953,24.868835257082896,0.4205005857525457,237.0,1288,318.0,24.689440993788818
monte_carlo_enhanced_pca_without_odds,prob_X2_and_BTTS_N,[0.45-0.50),0.475,240,25.416666666666664,0.46972280430855723,61.0,335,81.0,24.17910447761194
monte_carlo_enhanced_pca_without_odds,prob_X2_and_BTTS_N,[0.50-0.55),0.525,68,22.058823529411764,0.5225075739659912,15.0,95,20.0,21.052631578947366
monte_carlo_enhanced_pca_without_odds,prob_X2_and_BTTS_N,[0.55-0.60),0.5750000000000001,27,18.51851851851852,0.5698340793904374,5.0,27,5.0,18.51851851851852
monte_carlo_enhanced_pca_without_odds,prob_X2_and_BTTS_Y,[0.05-0.10),0.07500000000000001,141,39.00709219858156,0.08497780082017173,55.0,109757,35108.0,31.98702588445384
monte_carlo_enhanced_pca_without_odds,prob_X2_and_BTTS_Y,[0.10-0.15),0.125,900,30.444444444444446,0.13092947407321892,274.0,109616,35053.0,31.9779959130054
monte_carlo_enhanced_pca_without_odds,prob_X2_and_BTTS_Y,[0.15-0.20),0.17500000000000002,3081,32.16488153197014,0.17907509026974802,991.0,108716,34779.0,31.990691342580668
monte_carlo_enhanced_pca_without_odds,prob_X2_and_BTTS_Y,[0.20-0.25),0.225,8560,31.810747663551403,0.22928234022314273,2723.0,105635,33788.0,31.985610829743933
monte_carlo_enhanced_pca_without_odds,prob_X2_and_BTTS_Y,[0.25-0.30),0.275,22093,31.856244059204275,0.278416756924548,7038.0,97075,31065.0,32.00103013134174
monte_carlo_enhanced_pca_without_odds,prob_X2_and_BTTS_Y,[0.30-0.35),0.32500000000000007,38619,31.670939175017477,0.3249155536169561,12231.0,74982,24027.0,32.04369048571657
monte_carlo_enhanced_pca_without_odds,prob_X2_and_BTTS_Y,[0.35-0.40),0.375,21966,32.427387781116266,0.3722351778525176,7123.0,36363,11796.0,32.439567692434615
monte_carlo_enhanced_pca_without_odds,prob_X2_and_BTTS_Y,[0.40-0.45),0.42500000000000004,10396,32.73374374759523,0.42118621606742096,3403.0,14397,4673.0,32.45815100368132
monte_carlo_enhanced_pca_without_odds,prob_X2_and_BTTS_Y,[0.45-0.50),0.475,3076,32.15214564369311,0.4686233975236186,989.0,4001,1270.0,31.74206448387903
monte_carlo_enhanced_pca_without_odds,prob_X2_and_BTTS_Y,[0.50-0.55),0.525,665,30.075187969924812,0.5196741733346437,200.0,925,281.0,30.37837837837838
monte_carlo_enhanced_pca_without_odds,prob_X2_and_BTTS_Y,[0.55-0.60),0.5750000000000001,210,32.857142857142854,0.5714154071154699,69.0,260,81.0,31.153846153846153
monte_carlo_enhanced_pca_without_odds,prob_X2_and_BTTS_Y,[0.60-0.65),0.625,50,24.0,0.6167472472849156,12.0,50,12.0,24.0
monte_carlo_enhanced_pca_without_odds,prob_X2_and_O15,[0.05-0.10),0.07500000000000001,101,49.504950495049506,0.08419729401689569,50.0,109755,45283.0,41.258257027014714
monte_carlo_enhanced_pca_without_odds,prob_X2_and_O15,[0.10-0.15),0.125,627,41.46730462519936,0.13032648900386345,260.0,109654,45233.0,41.25066117059113
monte_carlo_enhanced_pca_without_odds,prob_X2_and_O15,[0.15-0.20),0.17500000000000002,1915,40.10443864229765,0.17843993518200577,768.0,109027,44973.0,41.24941528245297
monte_carlo_enhanced_pca_without_odds,prob_X2_and_O15,[0.20-0.25),0.225,4262,41.83481933364618,0.22841414691477802,1783.0,107112,44205.0,41.2698857270894
monte_carlo_enhanced_pca_without_odds,prob_X2_and_O15,[0.25-0.30),0.275,8420,40.62945368171022,0.27797179905004465,3421.0,102850,42422.0,41.246475449684006
monte_carlo_enhanced_pca_without_odds,prob_X2_and_O15,[0.30-0.35),0.32500000000000007,15087,40.82322529329886,0.32728645120646893,6159.0,94430,39001.0,41.301493169543576
monte_carlo_enhanced_pca_without_odds,prob_X2_and_O15,[0.35-0.40),0.375,20764,40.772490849547296,0.3754824266628817,8466.0,79343,32842.0,41.39243537552147
monte_carlo_enhanced_pca_without_odds,prob_X2_and_O15,[0.40-0.45),0.42500000000000004,25014,40.377388662349084,0.42084122966100196,10100.0,58579,24376.0,41.6121818399085
monte_carlo_enhanced_pca_without_odds,prob_X2_and_O15,[0.45-0.50),0.475,13488,42.22271648873072,0.47330529937567717,5695.0,33565,14276.0,42.532399821242365
monte_carlo_enhanced_pca_without_odds,prob_X2_and_O15,[0.50-0.55),0.525,8540,42.142857142857146,0.5230736183480508,3599.0,20077,8581.0,42.74044927030931
monte_carlo_enhanced_pca_without_odds,prob_X2_and_O15,[0.55-0.60),0.5750000000000001,5337,42.2896758478546,0.5729512587309177,2257.0,11537,4982.0,43.18280315506631
monte_carlo_enhanced_pca_without_odds,prob_X2_and_O15,[0.60-0.65),0.625,2975,43.32773109243698,0.6225139936453894,1289.0,6200,2725.0,43.95161290322581
monte_carlo_enhanced_pca_without_odds,prob_X2_and_O15,[0.65-0.70),0.675,1708,44.32084309133489,0.6722823783614773,757.0,3225,1436.0,44.52713178294574
monte_carlo_enhanced_pca_without_odds,prob_X2_and_O15,[0.70-0.75),0.7250000000000001,871,42.5947187141217,0.7220797045520192,371.0,1517,679.0,44.759393539881344
monte_carlo_enhanced_pca_without_odds,prob_X2_and_O15,[0.75-0.80),0.775,377,48.80636604774536,0.7728536642377313,184.0,646,308.0,47.6780185758514
monte_carlo_enhanced_pca_without_odds,prob_X2_and_O15,[0.80-0.85),0.8250000000000001,177,44.632768361581924,0.8212455178689472,79.0,269,124.0,46.09665427509294
monte_carlo_enhanced_pca_without_odds,prob_X2_and_O15,[0.85-0.90),0.875,92,48.91304347826087,0.8749614335758503,45.0,92,45.0,48.91304347826087
monte_carlo_enhanced_pca_without_odds,prob_X2_and_O25,[0.00-0.05),0.025,131,23.66412213740458,0.04157094347465495,31.0,109759,27391.0,24.955584507876345
monte_carlo_enhanced_pca_without_odds,prob_X2_and_O25,[0.05-0.10),0.07500000000000001,2150,25.720930232558135,0.08299573773696117,553.0,109628,27360.0,24.95712774108804
monte_carlo_enhanced_pca_without_odds,prob_X2_and_O25,[0.10-0.15),0.125,9436,24.544298431538788,0.13018162270584938,2316.0,107478,26807.0,24.941848564357358
monte_carlo_enhanced_pca_without_odds,prob_X2_and_O25,[0.15-0.20),0.17500000000000002,22893,24.321845105490763,0.1773215845448498,5568.0,98042,24491.0,24.98011056485996
monte_carlo_enhanced_pca_without_odds,prob_X2_and_O25,[0.20-0.25),0.225,33226,24.13471377836634,0.2280841414232,8019.0,75149,18923.0,25.18064112629576
monte_carlo_enhanced_pca_without_odds,prob_X2_and_O25,[0.25-0.30),0.275,18589,25.40211953305718,0.272807267124967,4722.0,41923,10904.0,26.009589008420196
monte_carlo_enhanced_pca_without_odds,prob_X2_and_O25,[0.30-0.35),0.32500000000000007,10344,25.81206496519722,0.3225877717096261,2670.0,23334,6182.0,26.49352875632125
monte_carlo_enhanced_pca_without_odds,prob_X2_and_O25,[0.35-0.40),0.375,6083,25.710997862896594,0.3726134804651245,1564.0,12990,3512.0,27.03618167821401
monte_carlo_enhanced_pca_without_odds,prob_X2_and_O25,[0.40-0.45),0.42500000000000004,3225,27.25581395348837,0.42210786608392065,879.0,6907,1948.0,28.203272042855076
monte_carlo_enhanced_pca_without_odds,prob_X2_and_O25,[0.45-0.50),0.475,1753,27.837992013690815,0.4721561191685469,488.0,3682,1069.0,29.033134166214015
monte_carlo_enhanced_pca_without_odds,prob_X2_and_O25,[0.50-0.55),0.525,925,26.7027027027027,0.5212879739060406,247.0,1929,581.0,30.11923276308968
monte_carlo_enhanced_pca_without_odds,prob_X2_and_O25,[0.55-0.60),0.5750000000000001,469,31.556503198294244,0.5712605563362386,148.0,1004,334.0,33.266932270916335
monte_carlo_enhanced_pca_without_odds,prob_X2_and_O25,[0.60-0.65),0.625,252,30.952380952380953,0.6232093799833381,78.0,535,186.0,34.76635514018692
monte_carlo_enhanced_pca_without_odds,prob_X2_and_O25,[0.65-0.70),0.675,122,37.704918032786885,0.6717061215529759,46.0,283,108.0,38.16254416961131
monte_carlo_enhanced_pca_without_odds,prob_X2_and_O25,[0.70-0.75),0.7250000000000001,81,35.80246913580247,0.7235741845519625,29.0,161,62.0,38.50931677018634
monte_carlo_enhanced_pca_without_odds,prob_X2_and_O25,[0.75-0.80),0.775,54,37.03703703703704,0.7742017503405882,20.0,80,33.0,41.25
monte_carlo_enhanced_pca_without_odds,prob_X2_and_O25,[0.80-0.85),0.8250000000000001,26,50.0,0.824174697092596,13.0,26,13.0,50.0
monte_carlo_enhanced_pca_without_odds,prob_X2_and_O35,[0.00-0.05),0.025,732,15.573770491803279,0.04068573151216681,114.0,109742,17205.0,15.677680377612946
monte_carlo_enhanced_pca_without_odds,prob_X2_and_O35,[0.05-0.10),0.07500000000000001,16152,15.403665180782566,0.08374695605457876,2488.0,109010,17091.0,15.678378130446749
monte_carlo_enhanced_pca_without_odds,prob_X2_and_O35,[0.10-0.15),0.125,42574,15.427256071780898,0.12500374708692355,6568.0,92858,14603.0,15.726162527730514
monte_carlo_enhanced_pca_without_odds,prob_X2_and_O35,[0.15-0.20),0.17500000000000002,31687,15.375390538706727,0.1681201439957711,4872.0,50284,8035.0,15.979237928565745
monte_carlo_enhanced_pca_without_odds,prob_X2_and_O35,[0.20-0.25),0.225,10593,16.52034362314736,0.22183819560232637,1750.0,18597,3163.0,17.00811958918105
monte_carlo_enhanced_pca_without_odds,prob_X2_and_O35,[0.25-0.30),0.275,4505,16.403995560488347,0.2711606084887717,739.0,8004,1413.0,17.65367316341829
monte_carlo_enhanced_pca_without_odds,prob_X2_and_O35,[0.30-0.35),0.32500000000000007,1901,17.99053129931615,0.32151791248253453,342.0,3499,674.0,19.26264647042012
monte_carlo_enhanced_pca_without_odds,prob_X2_and_O35,[0.35-0.40),0.375,793,20.05044136191677,0.37271504694181185,159.0,1598,332.0,20.77596996245307
monte_carlo_enhanced_pca_without_odds,prob_X2_and_O35,[0.40-0.45),0.42500000000000004,371,20.21563342318059,0.42141099067384274,75.0,805,173.0,21.490683229813666
monte_carlo_enhanced_pca_without_odds,prob_X2_and_O35,[0.45-0.50),0.475,197,18.781725888324875,0.47204876208649754,37.0,434,98.0,22.58064516129032
monte_carlo_enhanced_pca_without_odds,prob_X2_and_O35,[0.50-0.55),0.525,96,28.125,0.5218762470219914,27.0,237,61.0,25.738396624472575
monte_carlo_enhanced_pca_without_odds,prob_X2_and_O35,[0.55-0.60),0.5750000000000001,69,23.18840579710145,0.5749815188380026,16.0,141,34.0,24.113475177304963
monte_carlo_enhanced_pca_without_odds,prob_X2_and_O35,[0.60-0.65),0.625,45,24.444444444444443,0.625579760168941,11.0,72,18.0,25.0
monte_carlo_enhanced_pca_without_odds,prob_X2_and_O35,[0.65-0.70),0.675,27,25.925925925925924,0.6688145913503134,7.0,27,7.0,25.925925925925924
monte_carlo_enhanced_pca_without_odds,prob_X2_and_O45,[0.00-0.05),0.025,43068,6.501346707532274,0.036924763387229206,2800.0,109732,7432.0,6.7728647978711765
monte_carlo_enhanced_pca_without_odds,prob_X2_and_O45,[0.05-0.10),0.07500000000000001,52800,6.655303030303031,0.06824885633667646,3514.0,66664,4632.0,6.948277931117245
monte_carlo_enhanced_pca_without_odds,prob_X2_and_O45,[0.10-0.15),0.125,10012,7.421094686376348,0.11904659277415063,743.0,13864,1118.0,8.064050778995961
monte_carlo_enhanced_pca_without_odds,prob_X2_and_O45,[0.15-0.20),0.17500000000000002,2490,8.795180722891565,0.16970591864808057,219.0,3852,375.0,9.735202492211839
monte_carlo_enhanced_pca_without_odds,prob_X2_and_O45,[0.20-0.25),0.225,767,10.951760104302476,0.22148484818906924,84.0,1362,156.0,11.45374449339207
monte_carlo_enhanced_pca_without_odds,prob_X2_and_O45,[0.25-0.30),0.275,301,10.299003322259136,0.27224943644033056,31.0,595,72.0,12.100840336134453
monte_carlo_enhanced_pca_without_odds,prob_X2_and_O45,[0.30-0.35),0.32500000000000007,127,10.236220472440944,0.3201144890994125,13.0,294,41.0,13.945578231292515
monte_carlo_enhanced_pca_without_odds,prob_X2_and_O45,[0.35-0.40),0.375,79,17.72151898734177,0.372353532821173,14.0,167,28.0,16.766467065868262
monte_carlo_enhanced_pca_without_odds,prob_X2_and_O45,[0.40-0.45),0.42500000000000004,48,12.5,0.42335766277245024,6.0,88,14.0,15.909090909090908
monte_carlo_enhanced_pca_without_odds,prob_X2_and_O45,[0.45-0.50),0.475,40,20.0,0.47255201997368734,8.0,40,8.0,20.0
monte_carlo_enhanced_pca_without_odds,prob_X2_and_U15,[0.00-0.05),0.025,857,13.302217036172696,0.04021065101549283,114.0,109756,15936.0,14.51947957287073
monte_carlo_enhanced_pca_without_odds,prob_X2_and_U15,[0.05-0.10),0.07500000000000001,11235,13.9652870493992,0.08202331910269219,1569.0,108899,15822.0,14.529059036354788
monte_carlo_enhanced_pca_without_odds,prob_X2_and_U15,[0.10-0.15),0.125,47707,14.343806988492256,0.13078238598685563,6843.0,97664,14253.0,14.593913826998689
monte_carlo_enhanced_pca_without_odds,prob_X2_and_U15,[0.15-0.20),0.17500000000000002,42464,14.720704596834967,0.17110494989586972,6251.0,49957,7410.0,14.832756170306464
monte_carlo_enhanced_pca_without_odds,prob_X2_and_U15,[0.20-0.25),0.225,7074,15.323720667232118,0.21431725860067286,1084.0,7493,1159.0,15.467769918590685
monte_carlo_enhanced_pca_without_odds,prob_X2_and_U15,[0.25-0.30),0.275,388,17.783505154639176,0.2657973821398969,69.0,419,75.0,17.899761336515514
monte_carlo_enhanced_pca_without_odds,prob_X2_and_U15,[0.30-0.35),0.32500000000000007,31,19.35483870967742,0.31551238554681604,6.0,31,6.0,19.35483870967742
monte_carlo_enhanced_pca_without_odds,prob_X2_and_U25,[0.05-0.10),0.07500000000000001,309,32.362459546925564,0.08295819322536994,100.0,109740,33828.0,30.82558775287042
monte_carlo_enhanced_pca_without_odds,prob_X2_and_U25,[0.10-0.15),0.125,1747,30.05151688609044,0.13001434428478909,525.0,109431,33728.0,30.821248092405263
monte_carlo_enhanced_pca_without_odds,prob_X2_and_U25,[0.15-0.20),0.17500000000000002,4853,31.011745312178036,0.1787388682192714,1505.0,107684,33203.0,30.833735745328926
monte_carlo_enhanced_pca_without_odds,prob_X2_and_U25,[0.20-0.25),0.225,10814,30.220085074902904,0.2284057502589995,3268.0,102831,31698.0,30.825334772588032
monte_carlo_enhanced_pca_without_odds,prob_X2_and_U25,[0.25-0.30),0.275,21901,30.345646317519748,0.27759355671400704,6646.0,92017,28430.0,30.896464783681278
monte_carlo_enhanced_pca_without_odds,prob_X2_and_U25,[0.30-0.35),0.32500000000000007,40073,30.826242108152623,0.323444803189731,12353.0,70116,21784.0,31.068515032232302
monte_carlo_enhanced_pca_without_odds,prob_X2_and_U25,[0.35-0.40),0.375,23471,31.23428912274722,0.37118429418551374,7331.0,30043,9431.0,31.391671936890457
monte_carlo_enhanced_pca_without_odds,prob_X2_and_U25,[0.40-0.45),0.42500000000000004,5870,31.873935264054516,0.41701240589287547,1871.0,6572,2100.0,31.953743152769327
monte_carlo_enhanced_pca_without_odds,prob_X2_and_U25,[0.45-0.50),0.475,619,33.117932148626814,0.4671576314550559,205.0,702,229.0,32.62108262108262
monte_carlo_enhanced_pca_without_odds,prob_X2_and_U25,[0.50-0.55),0.525,83,28.915662650602407,0.5184047851266104,24.0,83,24.0,28.915662650602407
monte_carlo_enhanced_pca_without_odds,prob_X2_and_U35,[0.05-0.10),0.07500000000000001,133,39.097744360902254,0.0832351088705972,52.0,109748,44008.0,40.09913620293764
monte_carlo_enhanced_pca_without_odds,prob_X2_and_U35,[0.10-0.15),0.125,674,39.61424332344214,0.13100737356880934,267.0,109615,43956.0,40.10035122930256
monte_carlo_enhanced_pca_without_odds,prob_X2_and_U35,[0.15-0.20),0.17500000000000002,1949,41.45715751667522,0.17788874772760904,808.0,108941,43689.0,40.1033586987452
monte_carlo_enhanced_pca_without_odds,prob_X2_and_U35,[0.20-0.25),0.225,3867,39.38453581587794,0.22768119270985343,1523.0,106992,42881.0,40.07869747270824
monte_carlo_enhanced_pca_without_odds,prob_X2_and_U35,[0.25-0.30),0.275,6923,39.202657807308974,0.2770102399682892,2714.0,103125,41358.0,40.104727272727274
monte_carlo_enhanced_pca_without_odds,prob_X2_and_U35,[0.30-0.35),0.32500000000000007,11884,39.599461460787616,0.32684827048770515,4706.0,96202,38644.0,40.169643042764186
monte_carlo_enhanced_pca_without_odds,prob_X2_and_U35,[0.35-0.40),0.375,18996,39.13981890924405,0.3766536910006273,7435.0,84318,33938.0,40.25000592993192
monte_carlo_enhanced_pca_without_odds,prob_X2_and_U35,[0.40-0.45),0.42500000000000004,32023,40.60206726415389,0.4213973711336159,13002.0,65322,26503.0,40.57285447475583
monte_carlo_enhanced_pca_without_odds,prob_X2_and_U35,[0.45-0.50),0.475,21111,40.47652882383591,0.47309904338853864,8545.0,33299,13501.0,40.544761103937056
monte_carlo_enhanced_pca_without_odds,prob_X2_and_U35,[0.50-0.55),0.525,9781,40.496881709436664,0.520292614971545,3961.0,12188,4956.0,40.66294716114211
monte_carlo_enhanced_pca_without_odds,prob_X2_and_U35,[0.55-0.60),0.5750000000000001,2057,41.468157510938255,0.5673611482884348,853.0,2407,995.0,41.3377648525135
monte_carlo_enhanced_pca_without_odds,prob_X2_and_U35,[0.60-0.65),0.625,292,40.41095890410959,0.6161561167970734,118.0,350,142.0,40.57142857142857
monte_carlo_enhanced_pca_without_odds,prob_X2_and_U35,[0.65-0.70),0.675,58,41.37931034482759,0.6704612375477312,24.0,58,24.0,41.37931034482759
monte_carlo_enhanced_pca_without_odds,prob_X2_and_U45,[0.05-0.10),0.07500000000000001,38,52.63157894736842,0.08578952006044158,20.0,109746,53777.0,49.001330344613926
monte_carlo_enhanced_pca_without_odds,prob_X2_and_U45,[0.10-0.15),0.125,237,50.210970464135016,0.1303018244108215,119.0,109708,53757.0,49.000072920844424
monte_carlo_enhanced_pca_without_odds,prob_X2_and_U45,[0.15-0.20),0.17500000000000002,780,47.56410256410256,0.18008708144262048,371.0,109471,53638.0,48.997451379817484
monte_carlo_enhanced_pca_without_odds,prob_X2_and_U45,[0.20-0.25),0.225,1697,49.44018856806128,0.22737449004257454,839.0,108691,53267.0,49.007737531166335
monte_carlo_enhanced_pca_without_odds,prob_X2_and_U45,[0.25-0.30),0.275,3010,47.906976744186046,0.27748114538896473,1442.0,106994,52428.0,49.0008785539376
monte_carlo_enhanced_pca_without_odds,prob_X2_and_U45,[0.30-0.35),0.32500000000000007,5087,48.31924513465697,0.32695687506636945,2458.0,103984,50986.0,49.03254346822588
monte_carlo_enhanced_pca_without_odds,prob_X2_and_U45,[0.35-0.40),0.375,8201,48.17705157907572,0.3770161427456867,3951.0,98897,48528.0,49.06923364712782
monte_carlo_enhanced_pca_without_odds,prob_X2_and_U45,[0.40-0.45),0.42500000000000004,12561,48.65058514449487,0.42675360064139256,6111.0,90696,44577.0,49.14990738290553
monte_carlo_enhanced_pca_without_odds,prob_X2_and_U45,[0.45-0.50),0.475,24453,48.198585040690304,0.4799738874320741,11786.0,78135,38466.0,49.230178537147246
monte_carlo_enhanced_pca_without_odds,prob_X2_and_U45,[0.50-0.55),0.525,21300,49.89671361502347,0.5246170789816091,10628.0,53682,26680.0,49.70008568980291
monte_carlo_enhanced_pca_without_odds,prob_X2_and_U45,[0.55-0.60),0.5750000000000001,17398,49.30451776066215,0.5734521100826327,8578.0,32382,16052.0,49.570749181644125
monte_carlo_enhanced_pca_without_odds,prob_X2_and_U45,[0.60-0.65),0.625,10651,49.55403248521266,0.6216431129389138,5278.0,14984,7474.0,49.87987186332087
monte_carlo_enhanced_pca_without_odds,prob_X2_and_U45,[0.65-0.70),0.675,3556,50.98425196850393,0.6686853257707366,1813.0,4333,2196.0,50.68082160166166
monte_carlo_enhanced_pca_without_odds,prob_X2_and_U45,[0.70-0.75),0.7250000000000001,684,50.0,0.7171036942519892,342.0,777,383.0,49.29214929214929
monte_carlo_enhanced_pca_without_odds,prob_X2_and_U45,[0.75-0.80),0.775,93,44.086021505376344,0.7684841742794833,41.0,93,41.0,44.086021505376344
monte_carlo_enhanced_pca_without_odds,prob_goals_0_1,[0.00-0.05),0.025,55,12.727272727272727,0.038660263264363996,7.0,109744,26653.0,24.28652135879866
monte_carlo_enhanced_pca_without_odds,prob_goals_0_1,[0.05-0.10),0.07500000000000001,491,21.384928716904277,0.08188897927178984,105.0,109689,26646.0,24.29231737001887
monte_carlo_enhanced_pca_without_odds,prob_goals_0_1,[0.10-0.15),0.125,3357,23.175454274649983,0.1322363337919038,778.0,109198,26541.0,24.30539020861188
monte_carlo_enhanced_pca_without_odds,prob_goals_0_1,[0.15-0.20),0.17500000000000002,15745,23.499523658304224,0.18032728887528907,3700.0,105841,25763.0,24.34122882436863
monte_carlo_enhanced_pca_without_odds,prob_goals_0_1,[0.20-0.25),0.225,41358,24.30485033125393,0.2292231744235225,10052.0,90096,22063.0,24.48832356597407
monte_carlo_enhanced_pca_without_odds,prob_goals_0_1,[0.25-0.30),0.275,34460,24.262913522925132,0.2731628113260674,8361.0,48738,12011.0,24.644014937010137
monte_carlo_enhanced_pca_without_odds,prob_goals_0_1,[0.30-0.35),0.32500000000000007,12561,25.451795239232545,0.31806713704481177,3197.0,14278,3650.0,25.563804454405382
monte_carlo_enhanced_pca_without_odds,prob_goals_0_1,[0.35-0.40),0.375,1549,26.016785022595222,0.3656049767993794,403.0,1717,453.0,26.38322655794991
monte_carlo_enhanced_pca_without_odds,prob_goals_0_1,[0.40-0.45),0.42500000000000004,168,29.761904761904763,0.41750751205429626,50.0,168,50.0,29.761904761904763
monte_carlo_enhanced_pca_without_odds,prob_goals_2_3,[0.20-0.25),0.225,36,33.33333333333333,0.23314882551822397,12.0,109745,50159.0,45.7050435099549
monte_carlo_enhanced_pca_without_odds,prob_goals_2_3,[0.25-0.30),0.275,103,39.80582524271845,0.2767739713970189,41.0,109709,50147.0,45.70910317293932
monte_carlo_enhanced_pca_without_odds,prob_goals_2_3,[0.30-0.35),0.32500000000000007,314,42.99363057324841,0.32975992407638577,135.0,109606,50106.0,45.7146506578107
monte_carlo_enhanced_pca_without_odds,prob_goals_2_3,[0.35-0.40),0.375,1770,44.97175141242938,0.3824642271582927,796.0,109292,49971.0,45.722468250192144
monte_carlo_enhanced_pca_without_odds,prob_goals_2_3,[0.40-0.45),0.42500000000000004,19258,45.29546162633711,0.4353802760606246,8723.0,107522,49175.0,45.734826361116795
monte_carlo_enhanced_pca_without_odds,prob_goals_2_3,[0.45-0.50),0.475,88264,45.83068974893501,0.4643897165129959,40452.0,88264,40452.0,45.83068974893501
monte_carlo_enhanced_pca_without_odds,prob_goals_2_4,[0.40-0.45),0.42500000000000004,49,57.14285714285714,0.4311640209301632,28.0,109734,66642.0,60.7304937394062
monte_carlo_enhanced_pca_without_odds,prob_goals_2_4,[0.45-0.50),0.475,119,56.30252100840336,0.47881463055568385,67.0,109685,66614.0,60.73209645803893
monte_carlo_enhanced_pca_without_odds,prob_goals_2_4,[0.50-0.55),0.525,597,59.463986599664985,0.5334980680963648,355.0,109566,66547.0,60.736907434788165
monte_carlo_enhanced_pca_without_odds,prob_goals_2_4,[0.55-0.60),0.5750000000000001,18673,60.177796818936436,0.5887786606809685,11237.0,108969,66192.0,60.743881287338596
monte_carlo_enhanced_pca_without_odds,prob_goals_2_4,[0.60-0.65),0.625,90296,60.86094622131656,0.611928593636954,54955.0,90296,54955.0,60.86094622131656
monte_carlo_enhanced_pca_without_odds,prob_goals_3_plus,[0.25-0.30),0.275,43,58.139534883720934,0.2867440701984406,25.0,109753,57140.0,52.06235820433155
monte_carlo_enhanced_pca_without_odds,prob_goals_3_plus,[0.30-0.35),0.32500000000000007,388,53.608247422680414,0.33318578332434656,208.0,109710,57115.0,52.0599763011576
monte_carlo_enhanced_pca_without_odds,prob_goals_3_plus,[0.35-0.40),0.375,3113,51.2688724702859,0.38296006666820476,1596.0,109322,56907.0,52.05448125720349
monte_carlo_enhanced_pca_without_odds,prob_goals_3_plus,[0.40-0.45),0.42500000000000004,14830,50.45178691840864,0.4295793831714209,7482.0,106209,55311.0,52.07750755585685
monte_carlo_enhanced_pca_without_odds,prob_goals_3_plus,[0.45-0.50),0.475,27642,51.830547717241885,0.4758424314540583,14327.0,91379,47829.0,52.34134757438799
monte_carlo_enhanced_pca_without_odds,prob_goals_3_plus,[0.50-0.55),0.525,33464,52.14558928998326,0.5224022188163726,17450.0,63737,33502.0,52.56287556678224
monte_carlo_enhanced_pca_without_odds,prob_goals_3_plus,[0.55-0.60),0.5750000000000001,18047,52.690197816811654,0.5723071606117193,9509.0,30273,16052.0,53.02414692960724
monte_carlo_enhanced_pca_without_odds,prob_goals_3_plus,[0.60-0.65),0.625,7931,52.91892573445971,0.6209442035256888,4197.0,12226,6543.0,53.51709471617864
monte_carlo_enhanced_pca_without_odds,prob_goals_3_plus,[0.65-0.70),0.675,2883,52.86160249739854,0.6702454985335864,1524.0,4295,2346.0,54.62165308498253
monte_carlo_enhanced_pca_without_odds,prob_goals_3_plus,[0.70-0.75),0.7250000000000001,948,57.27848101265823,0.7200467956098239,543.0,1412,822.0,58.21529745042493
monte_carlo_enhanced_pca_without_odds,prob_goals_3_plus,[0.75-0.80),0.775,309,57.28155339805825,0.7713819403706723,177.0,464,279.0,60.129310344827594
monte_carlo_enhanced_pca_without_odds,prob_goals_3_plus,[0.80-0.85),0.8250000000000001,116,61.206896551724135,0.8235008048562605,71.0,155,102.0,65.80645161290323
monte_carlo_enhanced_pca_without_odds,prob_goals_3_plus,[0.85-0.90),0.875,39,79.48717948717949,0.8662304560471625,31.0,39,31.0,79.48717948717949
poisson_pca_without_odds,prob_12,[0.65-0.70),0.675,134,65.67164179104478,0.6941521836107237,88.0,109761,82958.0,75.58057962299907
poisson_pca_without_odds,prob_12,[0.70-0.75),0.7250000000000001,48912,72.75924108603206,0.7367174489166065,35588.0,109627,82870.0,75.59269158145348
poisson_pca_without_odds,prob_12,[0.75-0.80),0.775,51453,76.87987095018755,0.7656533279408918,39557.0,60715,47282.0,77.87531911389279
poisson_pca_without_odds,prob_12,[0.80-0.85),0.8250000000000001,6755,81.880088823094,0.8193031182055404,5531.0,9262,7725.0,83.40531202763982
poisson_pca_without_odds,prob_12,[0.85-0.90),0.875,1922,86.420395421436,0.8700344170879973,1661.0,2507,2194.0,87.51495811727163
poisson_pca_without_odds,prob_12,[0.90-0.95),0.925,500,90.4,0.9188745029828528,452.0,585,533.0,91.11111111111111
poisson_pca_without_odds,prob_12,[0.95-1.00),0.9750000000000001,85,95.29411764705881,0.962145445806088,81.0,85,81.0,95.29411764705881
poisson_pca_without_odds,prob_12_and_BTTS_N,[0.20-0.25),0.225,42,52.38095238095239,0.23544550651526458,22.0,109750,45283.0,41.26013667425968
poisson_pca_without_odds,prob_12_and_BTTS_N,[0.25-0.30),0.275,508,37.40157480314961,0.28561751925072715,190.0,109708,45261.0,41.25587924308164
poisson_pca_without_odds,prob_12_and_BTTS_N,[0.30-0.35),0.32500000000000007,6262,37.096774193548384,0.3336878796928719,2323.0,109200,45071.0,41.273809523809526
poisson_pca_without_odds,prob_12_and_BTTS_N,[0.35-0.40),0.375,40789,39.62342788496899,0.3807415557394467,16162.0,102938,42748.0,41.52791000408013
poisson_pca_without_odds,prob_12_and_BTTS_N,[0.40-0.45),0.42500000000000004,53272,42.089653101066226,0.41820759817598463,22422.0,62149,26586.0,42.77784035141354
poisson_pca_without_odds,prob_12_and_BTTS_N,[0.45-0.50),0.475,7421,45.9776310470287,0.46650779535678055,3412.0,8877,4164.0,46.90773910104765
poisson_pca_without_odds,prob_12_and_BTTS_N,[0.50-0.55),0.525,1154,50.69324090121318,0.5193853970403945,585.0,1456,752.0,51.64835164835166
poisson_pca_without_odds,prob_12_and_BTTS_N,[0.55-0.60),0.5750000000000001,254,55.51181102362205,0.5694088267994862,141.0,302,167.0,55.29801324503312
poisson_pca_without_odds,prob_12_and_BTTS_N,[0.60-0.65),0.625,48,54.166666666666664,0.6198969827906288,26.0,48,26.0,54.166666666666664
poisson_pca_without_odds,prob_12_and_BTTS_Y,[0.20-0.25),0.225,488,25.204918032786882,0.238338050450641,123.0,109736,37659.0,34.31781730699133
poisson_pca_without_odds,prob_12_and_BTTS_Y,[0.25-0.30),0.275,8970,28.115942028985508,0.28380019979563453,2522.0,109248,37536.0,34.3585237258348
poisson_pca_without_odds,prob_12_and_BTTS_Y,[0.30-0.35),0.32500000000000007,40723,31.83704540431697,0.3283078219134683,12965.0,100278,35014.0,34.916930932009016
poisson_pca_without_odds,prob_12_and_BTTS_Y,[0.35-0.40),0.375,44469,35.75749398457352,0.3694999553046254,15901.0,59555,22049.0,37.02291998992528
poisson_pca_without_odds,prob_12_and_BTTS_Y,[0.40-0.45),0.42500000000000004,12253,40.0310128131886,0.41891652557160036,4905.0,15086,6148.0,40.753016041362855
poisson_pca_without_odds,prob_12_and_BTTS_Y,[0.45-0.50),0.475,2476,44.26494345718901,0.46759543190915553,1096.0,2833,1243.0,43.875750088245674
poisson_pca_without_odds,prob_12_and_BTTS_Y,[0.50-0.55),0.525,311,41.80064308681672,0.5182706012307633,130.0,357,147.0,41.17647058823529
poisson_pca_without_odds,prob_12_and_BTTS_Y,[0.55-0.60),0.5750000000000001,46,36.95652173913043,0.5670665141026571,17.0,46,17.0,36.95652173913043
poisson_pca_without_odds,prob_12_and_O15,[0.40-0.45),0.42500000000000004,309,44.983818770226534,0.43739867937162935,139.0,109754,64017.0,58.32771470743663
poisson_pca_without_odds,prob_12_and_O15,[0.45-0.50),0.475,4772,47.48533109807209,0.484008609176106,2266.0,109445,63878.0,58.36538900817763
poisson_pca_without_odds,prob_12_and_O15,[0.50-0.55),0.525,26458,52.19971275228664,0.5300468355162592,13811.0,104673,61612.0,58.86140647540435
poisson_pca_without_odds,prob_12_and_O15,[0.55-0.60),0.5750000000000001,46018,57.61006562649398,0.5749516953950287,26511.0,78215,47801.0,61.114875663235956
poisson_pca_without_odds,prob_12_and_O15,[0.60-0.65),0.625,20190,63.55126300148588,0.6210019917751614,12831.0,32197,21290.0,66.12417305960183
poisson_pca_without_odds,prob_12_and_O15,[0.65-0.70),0.675,7179,68.115336397827,0.6704641932802163,4890.0,12007,8459.0,70.45057050054136
poisson_pca_without_odds,prob_12_and_O15,[0.70-0.75),0.7250000000000001,2811,72.57203842049093,0.7212521126016151,2040.0,4828,3569.0,73.92294946147473
poisson_pca_without_odds,prob_12_and_O15,[0.75-0.80),0.775,1219,72.35438884331418,0.7714783523104995,882.0,2017,1529.0,75.80565195835399
poisson_pca_without_odds,prob_12_and_O15,[0.80-0.85),0.8250000000000001,535,78.8785046728972,0.8204430486211581,422.0,798,647.0,81.07769423558896
poisson_pca_without_odds,prob_12_and_O15,[0.85-0.90),0.875,263,85.55133079847909,0.8715794169131075,225.0,263,225.0,85.55133079847909
poisson_pca_without_odds,prob_12_and_O25,[0.25-0.30),0.275,127,25.984251968503933,0.28685954553891124,33.0,109761,50481.0,45.99174570202531
poisson_pca_without_odds,prob_12_and_O25,[0.30-0.35),0.32500000000000007,2322,35.400516795865634,0.33417933898793056,822.0,109634,50448.0,46.01492237809438
poisson_pca_without_odds,prob_12_and_O25,[0.35-0.40),0.375,15107,37.65803931952075,0.3809828444665792,5689.0,107312,49626.0,46.244595199045776
poisson_pca_without_odds,prob_12_and_O25,[0.40-0.45),0.42500000000000004,35965,42.58306687056861,0.42612347520386756,15315.0,92205,43937.0,47.65142888129711
poisson_pca_without_odds,prob_12_and_O25,[0.45-0.50),0.475,34761,47.941658755501855,0.46962620035693875,16665.0,56240,28622.0,50.892603129445234
poisson_pca_without_odds,prob_12_and_O25,[0.50-0.55),0.525,12918,52.77906796717758,0.5213587139408439,6818.0,21479,11957.0,55.66832720331486
poisson_pca_without_odds,prob_12_and_O25,[0.55-0.60),0.5750000000000001,4940,58.441295546558706,0.5714541116059537,2887.0,8561,5139.0,60.02803410816493
poisson_pca_without_odds,prob_12_and_O25,[0.60-0.65),0.625,2097,60.27658559847401,0.6217147754950909,1264.0,3621,2252.0,62.19276442971555
poisson_pca_without_odds,prob_12_and_O25,[0.65-0.70),0.675,824,60.19417475728155,0.6721802435167622,496.0,1524,988.0,64.82939632545933
poisson_pca_without_odds,prob_12_and_O25,[0.70-0.75),0.7250000000000001,412,68.20388349514563,0.7202069526713627,281.0,700,492.0,70.28571428571428
poisson_pca_without_odds,prob_12_and_O25,[0.75-0.80),0.775,199,69.84924623115577,0.771968073887396,139.0,288,211.0,73.26388888888889
poisson_pca_without_odds,prob_12_and_O25,[0.80-0.85),0.8250000000000001,89,80.89887640449437,0.8203645882664552,72.0,89,72.0,80.89887640449437
poisson_pca_without_odds,prob_12_and_O35,[0.05-0.10),0.07500000000000001,22,9.090909090909092,0.09428312606952925,2.0,109758,26275.0,23.939029501266422
poisson_pca_without_odds,prob_12_and_O35,[0.10-0.15),0.125,2757,14.435981138919116,0.13747694293202253,398.0,109736,26273.0,23.942006269592476
poisson_pca_without_odds,prob_12_and_O35,[0.15-0.20),0.17500000000000002,25532,17.67194109352969,0.18084161880775113,4512.0,106979,25875.0,24.18698996999411
poisson_pca_without_odds,prob_12_and_O35,[0.20-0.25),0.225,46809,22.687944626033456,0.2256568755451258,10620.0,81447,21363.0,26.229327047036723
poisson_pca_without_odds,prob_12_and_O35,[0.25-0.30),0.275,20695,28.422324232906497,0.27112108511570787,5882.0,34638,10743.0,31.015070154165947
poisson_pca_without_odds,prob_12_and_O35,[0.30-0.35),0.32500000000000007,7987,31.976962564166772,0.320843688726223,2554.0,13943,4861.0,34.86337230151331
poisson_pca_without_odds,prob_12_and_O35,[0.35-0.40),0.375,3179,37.15004718464926,0.3717108532108319,1181.0,5956,2307.0,38.734049697783746
poisson_pca_without_odds,prob_12_and_O35,[0.40-0.45),0.42500000000000004,1439,37.178596247394026,0.4210377171407335,535.0,2777,1126.0,40.547353258912494
poisson_pca_without_odds,prob_12_and_O35,[0.45-0.50),0.475,655,40.916030534351144,0.4724679797009507,268.0,1338,591.0,44.17040358744394
poisson_pca_without_odds,prob_12_and_O35,[0.50-0.55),0.525,330,44.84848484848485,0.5211560781918991,148.0,683,323.0,47.2913616398243
poisson_pca_without_odds,prob_12_and_O35,[0.55-0.60),0.5750000000000001,177,45.19774011299435,0.5719670065162351,80.0,353,175.0,49.57507082152974
poisson_pca_without_odds,prob_12_and_O35,[0.60-0.65),0.625,103,48.54368932038835,0.6228321304079134,50.0,176,95.0,53.97727272727273
poisson_pca_without_odds,prob_12_and_O35,[0.65-0.70),0.675,44,61.36363636363637,0.672927648853647,27.0,73,45.0,61.64383561643836
poisson_pca_without_odds,prob_12_and_O35,[0.70-0.75),0.7250000000000001,29,62.06896551724138,0.7217117141355281,18.0,29,18.0,62.06896551724138
poisson_pca_without_odds,prob_12_and_O45,[0.00-0.05),0.025,62,3.225806451612903,0.045841797601745976,2.0,109732,15182.0,13.83552655560821
poisson_pca_without_odds,prob_12_and_O45,[0.05-0.10),0.07500000000000001,17337,8.628943877256734,0.08688990253636551,1496.0,109670,15180.0,13.841524573721165
poisson_pca_without_odds,prob_12_and_O45,[0.10-0.15),0.125,61367,12.558867143578798,0.12521328454091943,7707.0,92333,13684.0,14.820270109278372
poisson_pca_without_odds,prob_12_and_O45,[0.15-0.20),0.17500000000000002,21787,17.712397301142882,0.16966692359927424,3859.0,30966,5977.0,19.30181489375444
poisson_pca_without_odds,prob_12_and_O45,[0.20-0.25),0.225,6007,21.674712835025804,0.22009002884043005,1302.0,9179,2118.0,23.074408977012748
poisson_pca_without_odds,prob_12_and_O45,[0.25-0.30),0.275,1940,23.556701030927833,0.26980459559622816,457.0,3172,816.0,25.72509457755359
poisson_pca_without_odds,prob_12_and_O45,[0.30-0.35),0.32500000000000007,711,27.848101265822784,0.32193894800846545,198.0,1232,359.0,29.139610389610386
poisson_pca_without_odds,prob_12_and_O45,[0.35-0.40),0.375,279,31.182795698924732,0.3727640962435662,87.0,521,161.0,30.902111324376197
poisson_pca_without_odds,prob_12_and_O45,[0.40-0.45),0.42500000000000004,134,26.865671641791046,0.4223989743950755,36.0,242,74.0,30.57851239669421
poisson_pca_without_odds,prob_12_and_O45,[0.45-0.50),0.475,74,29.72972972972973,0.4697150175586783,22.0,108,38.0,35.18518518518518
poisson_pca_without_odds,prob_12_and_O45,[0.50-0.55),0.525,34,47.05882352941176,0.5200882658122669,16.0,34,16.0,47.05882352941176
poisson_pca_without_odds,prob_12_and_U15,[0.00-0.05),0.025,151,4.635761589403973,0.037122459098003595,7.0,109761,18939.0,17.254762620602946
poisson_pca_without_odds,prob_12_and_U15,[0.05-0.10),0.07500000000000001,1925,11.064935064935066,0.08422865907208607,213.0,109610,18932.0,17.272146701943253
poisson_pca_without_odds,prob_12_and_U15,[0.10-0.15),0.125,17362,12.826863264600853,0.13260472071798166,2227.0,107685,18719.0,17.383108139480893
poisson_pca_without_odds,prob_12_and_U15,[0.15-0.20),0.17500000000000002,67434,17.250941661476407,0.17681511068823955,11633.0,90323,16492.0,18.25891522646502
poisson_pca_without_odds,prob_12_and_U15,[0.20-0.25),0.225,22358,21.16915645406566,0.214680537914498,4733.0,22889,4859.0,21.22853772554502
poisson_pca_without_odds,prob_12_and_U15,[0.25-0.30),0.275,531,23.728813559322035,0.2588210453082514,126.0,531,126.0,23.728813559322035
poisson_pca_without_odds,prob_12_and_U25,[0.05-0.10),0.07500000000000001,48,12.5,0.07980428296757448,6.0,109754,32476.0,29.58980993858994
poisson_pca_without_odds,prob_12_and_U25,[0.10-0.15),0.125,239,20.0836820083682,0.13231933347070648,48.0,109706,32470.0,29.597287295134265
poisson_pca_without_odds,prob_12_and_U25,[0.15-0.20),0.17500000000000002,1423,21.995783555867884,0.18256284781088877,313.0,109467,32422.0,29.618058410297166
poisson_pca_without_odds,prob_12_and_U25,[0.20-0.25),0.225,8460,24.196217494089833,0.23143769424455862,2047.0,108044,32109.0,29.718448039687534
poisson_pca_without_odds,prob_12_and_U25,[0.25-0.30),0.275,35404,27.200316348435205,0.2797267936410028,9630.0,99584,30062.0,30.187580334190233
poisson_pca_without_odds,prob_12_and_U25,[0.30-0.35),0.32500000000000007,55256,31.294339076299405,0.3199339391244868,17292.0,64180,20432.0,31.83546276098473
poisson_pca_without_odds,prob_12_and_U25,[0.35-0.40),0.375,8772,35.077519379844965,0.3640584438022851,3077.0,8924,3140.0,35.186015239802785
poisson_pca_without_odds,prob_12_and_U25,[0.40-0.45),0.42500000000000004,152,41.44736842105263,0.4077831745792659,63.0,152,63.0,41.44736842105263
poisson_pca_without_odds,prob_12_and_U35,[0.20-0.25),0.225,37,37.83783783783784,0.22771648200056277,14.0,109730,56670.0,51.64494668732343
poisson_pca_without_odds,prob_12_and_U35,[0.25-0.30),0.275,89,40.44943820224719,0.28025459669316083,36.0,109693,56656.0,51.64960389450557
poisson_pca_without_odds,prob_12_and_U35,[0.30-0.35),0.32500000000000007,249,42.168674698795186,0.3294067147080656,105.0,109604,56620.0,51.65869858764278
poisson_pca_without_odds,prob_12_and_U35,[0.35-0.40),0.375,856,45.21028037383177,0.3802767857561604,387.0,109355,56515.0,51.68030725618399
poisson_pca_without_odds,prob_12_and_U35,[0.40-0.45),0.42500000000000004,3883,45.50605202163276,0.4312405842604457,1767.0,108499,56128.0,51.73135236269458
poisson_pca_without_odds,prob_12_and_U35,[0.45-0.50),0.475,18463,48.182852190868225,0.4813458515925678,8896.0,104616,54361.0,51.962414926971014
poisson_pca_without_odds,prob_12_and_U35,[0.50-0.55),0.525,67447,52.11647664091805,0.5265561302828965,35151.0,86153,45465.0,52.77239330029134
poisson_pca_without_odds,prob_12_and_U35,[0.55-0.60),0.5750000000000001,18706,55.1373890730247,0.5613617024473121,10314.0,18706,10314.0,55.1373890730247
poisson_pca_without_odds,prob_12_and_U45,[0.35-0.40),0.375,29,62.06896551724138,0.3755669332721741,18.0,109733,67752.0,61.74259338576362
poisson_pca_without_odds,prob_12_and_U45,[0.40-0.45),0.42500000000000004,58,56.896551724137936,0.42895797692667265,33.0,109704,67734.0,61.742507110041565
poisson_pca_without_odds,prob_12_and_U45,[0.45-0.50),0.475,272,59.55882352941176,0.48009992374610405,162.0,109646,67701.0,61.74507049960782
poisson_pca_without_odds,prob_12_and_U45,[0.50-0.55),0.525,1417,57.37473535638673,0.5331750699146801,813.0,109374,67539.0,61.75050743321082
poisson_pca_without_odds,prob_12_and_U45,[0.55-0.60),0.5750000000000001,13799,59.0260163779984,0.5841159332505225,8145.0,107957,66726.0,61.80794205100179
poisson_pca_without_odds,prob_12_and_U45,[0.60-0.65),0.625,89687,62.078116114933046,0.6257685593177549,55676.0,94158,58581.0,62.215637545402416
poisson_pca_without_odds,prob_12_and_U45,[0.65-0.70),0.675,4471,64.97427868485798,0.6574290474704082,2905.0,4471,2905.0,64.97427868485798
poisson_pca_without_odds,prob_1X,[0.05-0.10),0.07500000000000001,29,17.24137931034483,0.07931937399899774,5.0,109754,75341.0,68.64533411082967
poisson_pca_without_odds,prob_1X,[0.10-0.15),0.125,62,30.64516129032258,0.1294551471283205,19.0,109725,75336.0,68.65892002734107
poisson_pca_without_odds,prob_1X,[0.15-0.20),0.17500000000000002,131,23.66412213740458,0.17768880751508154,31.0,109663,75317.0,68.6804118070817
poisson_pca_without_odds,prob_1X,[0.20-0.25),0.225,289,22.145328719723185,0.22704852869761294,64.0,109532,75286.0,68.73425117773802
poisson_pca_without_odds,prob_1X,[0.25-0.30),0.275,407,27.51842751842752,0.27631434207083133,112.0,109243,75222.0,68.85750116712283
poisson_pca_without_odds,prob_1X,[0.30-0.35),0.32500000000000007,717,34.449093444909344,0.3269874747562192,247.0,108836,75110.0,69.01209158734243
poisson_pca_without_odds,prob_1X,[0.35-0.40),0.375,1180,36.610169491525426,0.37653370754056004,432.0,108119,74863.0,69.24129893913188
poisson_pca_without_odds,prob_1X,[0.40-0.45),0.42500000000000004,2030,41.03448275862069,0.42639350425528394,833.0,106939,74431.0,69.6013615238594
poisson_pca_without_odds,prob_1X,[0.45-0.50),0.475,3274,45.93769089798412,0.4773774368870836,1504.0,104909,73598.0,70.15413358243812
poisson_pca_without_odds,prob_1X,[0.50-0.55),0.525,5324,51.089406461307284,0.5264557725111936,2720.0,101635,72094.0,70.93422541447336
poisson_pca_without_odds,prob_1X,[0.55-0.60),0.5750000000000001,8658,57.05705705705706,0.5770420284102462,4940.0,96311,69374.0,72.03123215416723
poisson_pca_without_odds,prob_1X,[0.60-0.65),0.625,12964,61.45479790188213,0.6266058793990501,7967.0,87653,64434.0,73.51031909917516
poisson_pca_without_odds,prob_1X,[0.65-0.70),0.675,23933,68.32824969707099,0.677916013954693,16353.0,74689,56467.0,75.60283308117661
poisson_pca_without_odds,prob_1X,[0.70-0.75),0.7250000000000001,19212,73.20424734540913,0.7247695840011882,14064.0,50756,40114.0,79.0330207266136
poisson_pca_without_odds,prob_1X,[0.75-0.80),0.775,15550,78.68167202572347,0.7735323657859778,12235.0,31544,26050.0,82.58305858483388
poisson_pca_without_odds,prob_1X,[0.80-0.85),0.8250000000000001,9114,83.34430546412113,0.8223068443893669,7596.0,15994,13815.0,86.37614105289484
poisson_pca_without_odds,prob_1X,[0.85-0.90),0.875,4321,88.8220319370516,0.8720070399722955,3838.0,6880,6219.0,90.39244186046511
poisson_pca_without_odds,prob_1X,[0.90-0.95),0.925,2019,92.02575532441803,0.9213016097198198,1858.0,2559,2381.0,93.0441578741696
poisson_pca_without_odds,prob_1X,[0.95-1.00),0.9750000000000001,540,96.85185185185186,0.9659764298640655,523.0,540,523.0,96.85185185185186
poisson_pca_without_odds,prob_1X_and_BTTS_N,[0.00-0.05),0.025,208,9.615384615384617,0.03415676512473699,20.0,109755,34608.0,31.53204865381987
poisson_pca_without_odds,prob_1X_and_BTTS_N,[0.05-0.10),0.07500000000000001,1038,9.05587668593449,0.08084184226681161,94.0,109547,34588.0,31.573662446255945
poisson_pca_without_odds,prob_1X_and_BTTS_N,[0.10-0.15),0.125,2941,13.770826249574974,0.12889337970937184,405.0,108509,34494.0,31.78906818789225
poisson_pca_without_odds,prob_1X_and_BTTS_N,[0.15-0.20),0.17500000000000002,7114,17.978633680067475,0.17820246676764376,1279.0,105568,34089.0,32.29103516217036
poisson_pca_without_odds,prob_1X_and_BTTS_N,[0.20-0.25),0.225,13910,23.608914450035947,0.2275797367301988,3284.0,98454,32810.0,33.325207711215384
poisson_pca_without_odds,prob_1X_and_BTTS_N,[0.25-0.30),0.275,22945,28.60318152102855,0.2765006193427336,6563.0,84544,29526.0,34.92382664647994
poisson_pca_without_odds,prob_1X_and_BTTS_N,[0.30-0.35),0.32500000000000007,32098,33.865038320144556,0.32060477596416853,10870.0,61599,22963.0,37.27820256822351
poisson_pca_without_odds,prob_1X_and_BTTS_N,[0.35-0.40),0.375,17565,38.41161400512382,0.372497536308918,6747.0,29501,12093.0,40.991830785397106
poisson_pca_without_odds,prob_1X_and_BTTS_N,[0.40-0.45),0.42500000000000004,7828,42.973939703628,0.4211018868051651,3364.0,11936,5346.0,44.78887399463807
poisson_pca_without_odds,prob_1X_and_BTTS_N,[0.45-0.50),0.475,2839,46.07256076083128,0.4706316120428392,1308.0,4108,1982.0,48.24732229795521
poisson_pca_without_odds,prob_1X_and_BTTS_N,[0.50-0.55),0.525,925,51.13513513513514,0.5207359688262906,473.0,1269,674.0,53.112687155240344
poisson_pca_without_odds,prob_1X_and_BTTS_N,[0.55-0.60),0.5750000000000001,283,58.657243816254415,0.569226905397035,166.0,344,201.0,58.43023255813954
poisson_pca_without_odds,prob_1X_and_BTTS_N,[0.60-0.65),0.625,61,57.377049180327866,0.6187678699947687,35.0,61,35.0,57.377049180327866
poisson_pca_without_odds,prob_1X_and_BTTS_Y,[0.05-0.10),0.07500000000000001,64,18.75,0.07853290381698882,12.0,109749,40729.0,37.111044291975325
poisson_pca_without_odds,prob_1X_and_BTTS_Y,[0.10-0.15),0.125,228,16.666666666666664,0.12947173742889748,38.0,109685,40717.0,37.121757760860646
poisson_pca_without_odds,prob_1X_and_BTTS_Y,[0.15-0.20),0.17500000000000002,628,15.445859872611464,0.17764482485062436,97.0,109457,40679.0,37.1643659153823
poisson_pca_without_odds,prob_1X_and_BTTS_Y,[0.20-0.25),0.225,1570,22.611464968152866,0.229715388870566,355.0,108829,40582.0,37.28969300462193
poisson_pca_without_odds,prob_1X_and_BTTS_Y,[0.25-0.30),0.275,5193,27.5948392066243,0.2800975163845084,1433.0,107259,40227.0,37.50454507314072
poisson_pca_without_odds,prob_1X_and_BTTS_Y,[0.30-0.35),0.32500000000000007,17674,32.46011089736336,0.32961311589802944,5737.0,102066,38794.0,38.00873944310544
poisson_pca_without_odds,prob_1X_and_BTTS_Y,[0.35-0.40),0.375,46876,36.83761413089854,0.3770311308939308,17268.0,84392,33057.0,39.17077448099346
poisson_pca_without_odds,prob_1X_and_BTTS_Y,[0.40-0.45),0.42500000000000004,29763,41.077848335181265,0.42077547425996475,12226.0,37516,15789.0,42.08604328819703
poisson_pca_without_odds,prob_1X_and_BTTS_Y,[0.45-0.50),0.475,6975,45.691756272401435,0.46711479378261933,3187.0,7753,3563.0,45.95640397265575
poisson_pca_without_odds,prob_1X_and_BTTS_Y,[0.50-0.55),0.525,739,48.17320703653586,0.5146423892270592,356.0,778,376.0,48.329048843187664
poisson_pca_without_odds,prob_1X_and_BTTS_Y,[0.55-0.60),0.5750000000000001,39,51.28205128205128,0.5644079863298066,20.0,39,20.0,51.28205128205128
poisson_pca_without_odds,prob_1X_and_O15,[0.05-0.10),0.07500000000000001,53,18.867924528301888,0.07803431047926061,10.0,109749,56902.0,51.847397242799474
poisson_pca_without_odds,prob_1X_and_O15,[0.10-0.15),0.125,167,16.766467065868262,0.1288109649389847,28.0,109696,56892.0,51.86333138856476
poisson_pca_without_odds,prob_1X_and_O15,[0.15-0.20),0.17500000000000002,429,17.94871794871795,0.17729726501109982,77.0,109529,56864.0,51.9168439408741
poisson_pca_without_odds,prob_1X_and_O15,[0.20-0.25),0.225,770,21.298701298701296,0.22729051265384675,164.0,109100,56787.0,52.05041246562786
poisson_pca_without_odds,prob_1X_and_O15,[0.25-0.30),0.275,1676,28.460620525059667,0.2778452502648334,477.0,108330,56623.0,52.26899289208898
poisson_pca_without_odds,prob_1X_and_O15,[0.30-0.35),0.32500000000000007,3578,31.19060927892677,0.3277797986690382,1116.0,106654,56146.0,52.643126371256585
poisson_pca_without_odds,prob_1X_and_O15,[0.35-0.40),0.375,6861,37.02084244279259,0.3775472963391246,2540.0,103076,55030.0,53.387791532461485
poisson_pca_without_odds,prob_1X_and_O15,[0.40-0.45),0.42500000000000004,11948,42.53431536658855,0.42713312422893723,5082.0,96215,52490.0,54.55490308164007
poisson_pca_without_odds,prob_1X_and_O15,[0.45-0.50),0.475,18021,45.380389545530214,0.4761532070130336,8178.0,84267,47408.0,56.25927112630092
poisson_pca_without_odds,prob_1X_and_O15,[0.50-0.55),0.525,26172,52.10912425492893,0.5238967996022317,13638.0,66246,39230.0,59.218669806478886
poisson_pca_without_odds,prob_1X_and_O15,[0.55-0.60),0.5750000000000001,16896,57.45738636363637,0.5734270327683643,9708.0,40074,25592.0,63.86185556720068
poisson_pca_without_odds,prob_1X_and_O15,[0.60-0.65),0.625,10798,62.94684200777921,0.6226097633368517,6797.0,23178,15884.0,68.53050306324964
poisson_pca_without_odds,prob_1X_and_O15,[0.65-0.70),0.675,5923,69.5762282627047,0.6723246453471827,4121.0,12380,9087.0,73.40064620355412
poisson_pca_without_odds,prob_1X_and_O15,[0.70-0.75),0.7250000000000001,3199,73.55423569865583,0.7224082265897998,2353.0,6457,4966.0,76.90878116772495
poisson_pca_without_odds,prob_1X_and_O15,[0.75-0.80),0.775,1748,78.08924485125857,0.7725294328454249,1365.0,3258,2613.0,80.20257826887661
poisson_pca_without_odds,prob_1X_and_O15,[0.80-0.85),0.8250000000000001,961,81.47762747138397,0.8216752201673339,783.0,1510,1248.0,82.64900662251655
poisson_pca_without_odds,prob_1X_and_O15,[0.85-0.90),0.875,438,82.64840182648402,0.8703281483959355,362.0,549,465.0,84.69945355191257
poisson_pca_without_odds,prob_1X_and_O15,[0.90-0.95),0.925,111,92.7927927927928,0.9073500369616797,103.0,111,103.0,92.7927927927928
poisson_pca_without_odds,prob_1X_and_O25,[0.00-0.05),0.025,57,12.280701754385964,0.036669741757466456,7.0,109761,36416.0,33.177540292089176
poisson_pca_without_odds,prob_1X_and_O25,[0.05-0.10),0.07500000000000001,452,9.070796460176991,0.08209072313110455,41.0,109704,36409.0,33.18839787063371
poisson_pca_without_odds,prob_1X_and_O25,[0.10-0.15),0.125,1593,13.622096672944132,0.1299162918824189,217.0,109252,36368.0,33.288177790795594
poisson_pca_without_odds,prob_1X_and_O25,[0.15-0.20),0.17500000000000002,5329,17.864514918371178,0.17950634258674494,952.0,107659,36151.0,33.57917127225778
poisson_pca_without_odds,prob_1X_and_O25,[0.20-0.25),0.225,12599,22.866894197952217,0.22776900561520397,2881.0,102330,35199.0,34.39753737906772
poisson_pca_without_odds,prob_1X_and_O25,[0.25-0.30),0.275,20937,26.450780914171084,0.27640332242904786,5538.0,89731,32318.0,36.01653832009005
poisson_pca_without_odds,prob_1X_and_O25,[0.30-0.35),0.32500000000000007,29180,31.84030157642221,0.3262855894689538,9291.0,68794,26780.0,38.92781347210513
poisson_pca_without_odds,prob_1X_and_O25,[0.35-0.40),0.375,17297,37.434237150951034,0.3730764362537281,6475.0,39614,17489.0,44.14853334679659
poisson_pca_without_odds,prob_1X_and_O25,[0.40-0.45),0.42500000000000004,10241,43.61878722780978,0.4224773564623233,4467.0,22317,11014.0,49.35251153828919
poisson_pca_without_odds,prob_1X_and_O25,[0.45-0.50),0.475,5382,49.42400594574507,0.47244628808919426,2660.0,12076,6547.0,54.21497184498178
poisson_pca_without_odds,prob_1X_and_O25,[0.50-0.55),0.525,2955,53.333333333333336,0.5222890646747046,1576.0,6694,3887.0,58.066925605019414
poisson_pca_without_odds,prob_1X_and_O25,[0.55-0.60),0.5750000000000001,1716,58.7995337995338,0.5732068158120571,1009.0,3739,2311.0,61.807970045466696
poisson_pca_without_odds,prob_1X_and_O25,[0.60-0.65),0.625,965,61.76165803108808,0.6228656474756514,596.0,2023,1302.0,64.3598615916955
poisson_pca_without_odds,prob_1X_and_O25,[0.65-0.70),0.675,549,62.295081967213115,0.6725424294571583,342.0,1058,706.0,66.72967863894141
poisson_pca_without_odds,prob_1X_and_O25,[0.70-0.75),0.7250000000000001,290,70.6896551724138,0.720613183272692,205.0,509,364.0,71.51277013752456
poisson_pca_without_odds,prob_1X_and_O25,[0.75-0.80),0.775,145,66.20689655172414,0.7726567357771773,96.0,219,159.0,72.6027397260274
poisson_pca_without_odds,prob_1X_and_O25,[0.80-0.85),0.8250000000000001,74,85.13513513513513,0.8191193689801676,63.0,74,63.0,85.13513513513513
poisson_pca_without_odds,prob_1X_and_O35,[0.00-0.05),0.025,172,6.976744186046512,0.03856944691757155,12.0,109745,22381.0,20.393639801357693
poisson_pca_without_odds,prob_1X_and_O35,[0.05-0.10),0.07500000000000001,2829,8.412866737363025,0.08431951647903758,238.0,109573,22369.0,20.414700701815228
poisson_pca_without_odds,prob_1X_and_O35,[0.10-0.15),0.125,17355,12.699510227600117,0.13003835450432097,2204.0,106744,22131.0,20.732781233605635
poisson_pca_without_odds,prob_1X_and_O35,[0.15-0.20),0.17500000000000002,34052,16.542346998707856,0.17558442153882156,5633.0,89389,19927.0,22.292452091420646
poisson_pca_without_odds,prob_1X_and_O35,[0.20-0.25),0.225,32708,21.62162162162162,0.21962349408213194,7072.0,55337,14294.0,25.830818439741943
poisson_pca_without_odds,prob_1X_and_O35,[0.25-0.30),0.275,12360,28.114886731391586,0.27138673324084944,3475.0,22629,7222.0,31.914799593442044
poisson_pca_without_odds,prob_1X_and_O35,[0.30-0.35),0.32500000000000007,5345,32.92797006548176,0.32191692600328137,1760.0,10269,3747.0,36.48846041484079
poisson_pca_without_odds,prob_1X_and_O35,[0.35-0.40),0.375,2372,37.77403035413153,0.37286587759061046,896.0,4924,1987.0,40.35337124289195
poisson_pca_without_odds,prob_1X_and_O35,[0.40-0.45),0.42500000000000004,1307,40.168324407039016,0.4226034733388563,525.0,2552,1091.0,42.75078369905956
poisson_pca_without_odds,prob_1X_and_O35,[0.45-0.50),0.475,607,42.998352553542006,0.47261706447187346,261.0,1245,566.0,45.46184738955824
poisson_pca_without_odds,prob_1X_and_O35,[0.50-0.55),0.525,345,45.507246376811594,0.5218154079362206,157.0,638,305.0,47.80564263322884
poisson_pca_without_odds,prob_1X_and_O35,[0.55-0.60),0.5750000000000001,155,49.67741935483871,0.5732551001642526,77.0,293,148.0,50.51194539249146
poisson_pca_without_odds,prob_1X_and_O35,[0.60-0.65),0.625,90,43.333333333333336,0.6229650918322123,39.0,138,71.0,51.449275362318836
poisson_pca_without_odds,prob_1X_and_O35,[0.65-0.70),0.675,48,66.66666666666666,0.6726504407384569,32.0,48,32.0,66.66666666666666
poisson_pca_without_odds,prob_1X_and_O45,[0.00-0.05),0.025,11477,4.199703755336761,0.03959627209783279,482.0,109752,10259.0,9.347437859902326
poisson_pca_without_odds,prob_1X_and_O45,[0.05-0.10),0.07500000000000001,61923,7.363984303086091,0.0772254700634992,4560.0,98275,9777.0,9.948613584329687
poisson_pca_without_odds,prob_1X_and_O45,[0.10-0.15),0.125,25462,12.04932841096536,0.11937353053543874,3068.0,36352,5217.0,14.351342429577466
poisson_pca_without_odds,prob_1X_and_O45,[0.15-0.20),0.17500000000000002,6819,17.4952339052647,0.16990649203673078,1193.0,10890,2149.0,19.73370064279155
poisson_pca_without_odds,prob_1X_and_O45,[0.20-0.25),0.225,2333,22.11744534933562,0.2215372723934305,516.0,4071,956.0,23.483173667403587
poisson_pca_without_odds,prob_1X_and_O45,[0.25-0.30),0.275,959,22.523461939520335,0.27040195281811574,216.0,1738,440.0,25.31645569620253
poisson_pca_without_odds,prob_1X_and_O45,[0.30-0.35),0.32500000000000007,439,27.5626423690205,0.3224820222530735,121.0,779,224.0,28.754813863928113
poisson_pca_without_odds,prob_1X_and_O45,[0.35-0.40),0.375,177,31.07344632768362,0.37355580104605896,55.0,340,103.0,30.294117647058822
poisson_pca_without_odds,prob_1X_and_O45,[0.40-0.45),0.42500000000000004,90,24.444444444444443,0.4240587131668511,22.0,163,48.0,29.447852760736197
poisson_pca_without_odds,prob_1X_and_O45,[0.45-0.50),0.475,48,31.25,0.47129614886456705,15.0,73,26.0,35.61643835616438
poisson_pca_without_odds,prob_1X_and_O45,[0.50-0.55),0.525,25,44.0,0.5197615999849428,11.0,25,11.0,44.0
poisson_pca_without_odds,prob_1X_and_U15,[0.00-0.05),0.025,464,5.172413793103448,0.03566580246722125,24.0,109746,18434.0,16.7969675432362
poisson_pca_without_odds,prob_1X_and_U15,[0.05-0.10),0.07500000000000001,5316,9.480812641083523,0.08312786190287805,504.0,109282,18410.0,16.846324188795958
poisson_pca_without_odds,prob_1X_and_U15,[0.10-0.15),0.125,29772,12.981996506784899,0.13049655323214962,3865.0,103966,17906.0,17.222938268280014
poisson_pca_without_odds,prob_1X_and_U15,[0.15-0.20),0.17500000000000002,59515,18.104679492564898,0.17240898249763267,10775.0,74194,14041.0,18.924710893064127
poisson_pca_without_odds,prob_1X_and_U15,[0.20-0.25),0.225,13859,22.101161699978352,0.2157823854679839,3063.0,14679,3266.0,22.249472034879762
poisson_pca_without_odds,prob_1X_and_U15,[0.25-0.30),0.275,820,24.75609756097561,0.26295916929647034,203.0,820,203.0,24.75609756097561
poisson_pca_without_odds,prob_1X_and_U25,[0.00-0.05),0.025,37,8.108108108108109,0.03152134014504101,3.0,109756,38924.0,35.46412041255147
poisson_pca_without_odds,prob_1X_and_U25,[0.05-0.10),0.07500000000000001,182,17.032967032967033,0.08002901152377903,31.0,109719,38921.0,35.473345546350224
poisson_pca_without_odds,prob_1X_and_U25,[0.10-0.15),0.125,559,11.449016100178891,0.1302161268828477,64.0,109537,38890.0,35.50398495485544
poisson_pca_without_odds,prob_1X_and_U25,[0.15-0.20),0.17500000000000002,1615,18.69969040247678,0.17859583321258451,302.0,108978,38826.0,35.62737433243407
poisson_pca_without_odds,prob_1X_and_U25,[0.20-0.25),0.225,4440,22.5,0.22939834075967422,999.0,107363,38524.0,35.88200776803927
poisson_pca_without_odds,prob_1X_and_U25,[0.25-0.30),0.275,11851,27.06944561640368,0.278822580629117,3208.0,102923,37525.0,36.459294812626915
poisson_pca_without_odds,prob_1X_and_U25,[0.30-0.35),0.32500000000000007,27038,32.805680893557216,0.3279729310593398,8870.0,91072,34317.0,37.681175333801825
poisson_pca_without_odds,prob_1X_and_U25,[0.35-0.40),0.375,43441,37.998664855781406,0.3710248613857333,16507.0,64034,25447.0,39.73982571758753
poisson_pca_without_odds,prob_1X_and_U25,[0.40-0.45),0.42500000000000004,17719,42.88052373158756,0.4191756766361007,7598.0,20593,8940.0,43.4128101782159
poisson_pca_without_odds,prob_1X_and_U25,[0.45-0.50),0.475,2715,46.29834254143647,0.46590140731304314,1257.0,2874,1342.0,46.694502435629786
poisson_pca_without_odds,prob_1X_and_U25,[0.50-0.55),0.525,159,53.459119496855344,0.5118474938196271,85.0,159,85.0,53.459119496855344
poisson_pca_without_odds,prob_1X_and_U35,[0.00-0.05),0.025,25,12.0,0.03307463765599901,3.0,109759,52948.0,48.240235424885434
poisson_pca_without_odds,prob_1X_and_U35,[0.05-0.10),0.07500000000000001,88,15.909090909090908,0.07949077995846293,14.0,109734,52945.0,48.24849180746168
poisson_pca_without_odds,prob_1X_and_U35,[0.10-0.15),0.125,219,17.35159817351598,0.12756240467691218,38.0,109646,52931.0,48.27444685624647
poisson_pca_without_odds,prob_1X_and_U35,[0.15-0.20),0.17500000000000002,525,17.523809523809526,0.177372353466796,92.0,109427,52893.0,48.33633381158215
poisson_pca_without_odds,prob_1X_and_U35,[0.20-0.25),0.225,1051,21.59847764034253,0.22760144228884818,227.0,108902,52801.0,48.48487631081155
poisson_pca_without_odds,prob_1X_and_U35,[0.25-0.30),0.275,2064,26.21124031007752,0.2776788428702456,541.0,107851,52574.0,48.746882272765205
poisson_pca_without_odds,prob_1X_and_U35,[0.30-0.35),0.32500000000000007,4084,33.74142997061704,0.32765779652058613,1378.0,105787,52033.0,49.18657301936911
poisson_pca_without_odds,prob_1X_and_U35,[0.35-0.40),0.375,8048,37.23906560636183,0.3775500677231736,2997.0,101703,50655.0,49.80679036016637
poisson_pca_without_odds,prob_1X_and_U35,[0.40-0.45),0.42500000000000004,15311,43.093200966625304,0.42746791188089894,6598.0,93655,47658.0,50.88676525545887
poisson_pca_without_odds,prob_1X_and_U35,[0.45-0.50),0.475,32647,47.99522161301192,0.4765103801134019,15669.0,78344,41060.0,52.40988461145716
poisson_pca_without_odds,prob_1X_and_U35,[0.50-0.55),0.525,29407,53.98034481586017,0.5236628473441641,15874.0,45697,25391.0,55.563822570409435
poisson_pca_without_odds,prob_1X_and_U35,[0.55-0.60),0.5750000000000001,13980,57.72532188841202,0.5697583134733833,8070.0,16290,9517.0,58.42234499693063
poisson_pca_without_odds,prob_1X_and_U35,[0.60-0.65),0.625,2218,62.62398557258791,0.6154953322410818,1389.0,2310,1447.0,62.64069264069264
poisson_pca_without_odds,prob_1X_and_U35,[0.65-0.70),0.675,92,63.04347826086957,0.663067280502687,58.0,92,58.0,63.04347826086957
poisson_pca_without_odds,prob_1X_and_U45,[0.05-0.10),0.07500000000000001,45,20.0,0.07985057795935875,9.0,109744,65072.0,59.29435777810177
poisson_pca_without_odds,prob_1X_and_U45,[0.10-0.15),0.125,95,22.105263157894736,0.12911945076708942,21.0,109699,65063.0,59.31047685029034
poisson_pca_without_odds,prob_1X_and_U45,[0.15-0.20),0.17500000000000002,227,20.704845814977972,0.17859520589913983,47.0,109604,65042.0,59.34272471807598
poisson_pca_without_odds,prob_1X_and_U45,[0.20-0.25),0.225,412,23.54368932038835,0.22688794154353215,97.0,109377,64995.0,59.422913409583366
poisson_pca_without_odds,prob_1X_and_U45,[0.25-0.30),0.275,734,28.065395095367844,0.27807035568186195,206.0,108965,64898.0,59.55857385398981
poisson_pca_without_odds,prob_1X_and_U45,[0.30-0.35),0.32500000000000007,1292,30.495356037151705,0.3276247064840279,394.0,108231,64692.0,59.77215400393603
poisson_pca_without_odds,prob_1X_and_U45,[0.35-0.40),0.375,2306,37.5542064180399,0.3772939465819352,866.0,106939,64298.0,60.12586614799091
poisson_pca_without_odds,prob_1X_and_U45,[0.40-0.45),0.42500000000000004,4001,41.6895776055986,0.42771656928178226,1668.0,104633,63432.0,60.623321514245035
poisson_pca_without_odds,prob_1X_and_U45,[0.45-0.50),0.475,7096,45.91319052987598,0.4768233580793383,3258.0,100632,61764.0,61.37610302885762
poisson_pca_without_odds,prob_1X_and_U45,[0.50-0.55),0.525,12302,52.95073971711916,0.5273597927490724,6514.0,93536,58506.0,62.549178925761204
poisson_pca_without_odds,prob_1X_and_U45,[0.55-0.60),0.5750000000000001,25979,57.99299434158358,0.5795249805089758,15066.0,81234,51992.0,64.00275746608563
poisson_pca_without_odds,prob_1X_and_U45,[0.60-0.65),0.625,26510,63.870237646171255,0.6253757069579664,16932.0,55255,36926.0,66.82834132657678
poisson_pca_without_odds,prob_1X_and_U45,[0.65-0.70),0.675,21443,68.61912978594414,0.6724839978465251,14714.0,28745,19994.0,69.55644459906071
poisson_pca_without_odds,prob_1X_and_U45,[0.70-0.75),0.7250000000000001,6872,71.9441210710128,0.717435383455988,4944.0,7302,5280.0,72.30895645028758
poisson_pca_without_odds,prob_1X_and_U45,[0.75-0.80),0.775,430,78.13953488372093,0.7615310250430295,336.0,430,336.0,78.13953488372093
poisson_pca_without_odds,prob_A,[0.00-0.05),0.025,540,3.148148148148148,0.03402357013593442,17.0,109754,34413.0,31.354665889170324
poisson_pca_without_odds,prob_A,[0.05-0.10),0.07500000000000001,2019,7.9742446755819705,0.07869839028018023,161.0,109214,34396.0,31.49413078909297
poisson_pca_without_odds,prob_A,[0.10-0.15),0.125,4321,11.177968062948391,0.1279929600277046,483.0,107195,34235.0,31.93712393301926
poisson_pca_without_odds,prob_A,[0.15-0.20),0.17500000000000002,9114,16.65569453587887,0.17769315561063317,1518.0,102874,33752.0,32.80906740284231
poisson_pca_without_odds,prob_A,[0.20-0.25),0.225,15550,21.318327974276528,0.22646763421402213,3315.0,93760,32234.0,34.3792662116041
poisson_pca_without_odds,prob_A,[0.25-0.30),0.275,19212,26.79575265459088,0.2752304159988118,5148.0,78210,28919.0,36.9760900140647
poisson_pca_without_odds,prob_A,[0.30-0.35),0.32500000000000007,23933,31.67175030292901,0.32208398604530686,7580.0,58998,23771.0,40.29119631173938
poisson_pca_without_odds,prob_A,[0.35-0.40),0.375,12964,38.54520209811786,0.37339412060095,4997.0,35065,16191.0,46.17424782546699
poisson_pca_without_odds,prob_A,[0.40-0.45),0.42500000000000004,8658,42.94294294294294,0.4229579715897538,3718.0,22101,11194.0,50.64929188724492
poisson_pca_without_odds,prob_A,[0.45-0.50),0.475,5324,48.910593538692716,0.4735442274888065,2604.0,13443,7476.0,55.612586476232984
poisson_pca_without_odds,prob_A,[0.50-0.55),0.525,3274,54.06230910201588,0.5226225631129164,1770.0,8119,4872.0,60.007390072669054
poisson_pca_without_odds,prob_A,[0.55-0.60),0.5750000000000001,2030,58.9655172413793,0.5736064957447161,1197.0,4845,3102.0,64.02476780185758
poisson_pca_without_odds,prob_A,[0.60-0.65),0.625,1180,63.389830508474574,0.62346629245944,748.0,2815,1905.0,67.67317939609237
poisson_pca_without_odds,prob_A,[0.65-0.70),0.675,717,65.55090655509066,0.6730125252437809,470.0,1635,1157.0,70.76452599388378
poisson_pca_without_odds,prob_A,[0.70-0.75),0.7250000000000001,407,72.48157248157248,0.7236856579291687,295.0,918,687.0,74.83660130718954
poisson_pca_without_odds,prob_A,[0.75-0.80),0.775,289,77.85467128027682,0.7729514713023871,225.0,511,392.0,76.71232876712328
poisson_pca_without_odds,prob_A,[0.80-0.85),0.8250000000000001,131,76.33587786259542,0.8223111924849184,100.0,222,167.0,75.22522522522522
poisson_pca_without_odds,prob_A,[0.85-0.90),0.875,62,69.35483870967742,0.8705448528716795,43.0,91,67.0,73.62637362637363
poisson_pca_without_odds,prob_A,[0.90-0.95),0.925,29,82.75862068965517,0.9206806260010023,24.0,29,24.0,82.75862068965517
poisson_pca_without_odds,prob_A_and_BTTS_N,[0.00-0.05),0.025,3043,3.187643772592836,0.033933779274424807,97.0,109750,18388.0,16.754441913439635
poisson_pca_without_odds,prob_A_and_BTTS_N,[0.05-0.10),0.07500000000000001,13075,7.219885277246655,0.07999953187925626,944.0,106707,18291.0,17.14133093424049
poisson_pca_without_odds,prob_A_and_BTTS_N,[0.10-0.15),0.125,30395,12.620496792235564,0.1267765575493607,3836.0,93632,17347.0,18.526785714285715
poisson_pca_without_odds,prob_A_and_BTTS_N,[0.15-0.20),0.17500000000000002,36458,17.694333205332164,0.17193109598185252,6451.0,63237,13511.0,21.365656182298338
poisson_pca_without_odds,prob_A_and_BTTS_N,[0.20-0.25),0.225,15853,23.18804011858954,0.22163378649445958,3676.0,26779,7060.0,26.36394189476829
poisson_pca_without_odds,prob_A_and_BTTS_N,[0.25-0.30),0.275,6732,27.644087938205587,0.2713641204321174,1861.0,10926,3384.0,30.971993410214164
poisson_pca_without_odds,prob_A_and_BTTS_N,[0.30-0.35),0.32500000000000007,2553,33.76419898159029,0.3209900344717846,862.0,4194,1523.0,36.313781592751546
poisson_pca_without_odds,prob_A_and_BTTS_N,[0.35-0.40),0.375,973,38.643371017471736,0.3714186067964961,376.0,1641,661.0,40.28031687995125
poisson_pca_without_odds,prob_A_and_BTTS_N,[0.40-0.45),0.42500000000000004,453,42.82560706401766,0.42178822039469815,194.0,668,285.0,42.66467065868264
poisson_pca_without_odds,prob_A_and_BTTS_N,[0.45-0.50),0.475,153,43.790849673202615,0.47260845218428593,67.0,215,91.0,42.32558139534884
poisson_pca_without_odds,prob_A_and_BTTS_N,[0.50-0.55),0.525,62,38.70967741935484,0.5178111822056743,24.0,62,24.0,38.70967741935484
poisson_pca_without_odds,prob_A_and_BTTS_Y,[0.00-0.05),0.025,2380,3.571428571428571,0.035410697605327585,85.0,109745,16020.0,14.597475967014443
poisson_pca_without_odds,prob_A_and_BTTS_Y,[0.05-0.10),0.07500000000000001,15890,7.564505978602895,0.08165264777021622,1202.0,107365,15935.0,14.84189447212779
poisson_pca_without_odds,prob_A_and_BTTS_Y,[0.10-0.15),0.125,39067,11.953822919599661,0.12593461088843583,4670.0,91475,14733.0,16.106039901612462
poisson_pca_without_odds,prob_A_and_BTTS_Y,[0.15-0.20),0.17500000000000002,33925,16.459837877671333,0.16805620444068278,5584.0,52408,10063.0,19.20126698214013
poisson_pca_without_odds,prob_A_and_BTTS_Y,[0.20-0.25),0.225,11685,22.122379118528027,0.22119243323219076,2585.0,18483,4479.0,24.23307904560948
poisson_pca_without_odds,prob_A_and_BTTS_Y,[0.25-0.30),0.275,4469,26.04609532333855,0.27100422029847704,1164.0,6798,1894.0,27.861135628125922
poisson_pca_without_odds,prob_A_and_BTTS_Y,[0.30-0.35),0.32500000000000007,1621,30.783466995681678,0.3205855813005007,499.0,2329,730.0,31.3439244310863
poisson_pca_without_odds,prob_A_and_BTTS_Y,[0.35-0.40),0.375,569,32.161687170474515,0.3692658284113132,183.0,708,231.0,32.6271186440678
poisson_pca_without_odds,prob_A_and_BTTS_Y,[0.40-0.45),0.42500000000000004,111,32.432432432432435,0.42143896868665653,36.0,139,48.0,34.53237410071942
poisson_pca_without_odds,prob_A_and_BTTS_Y,[0.45-0.50),0.475,28,42.857142857142854,0.4730551946402734,12.0,28,12.0,42.857142857142854
poisson_pca_without_odds,prob_A_and_O15,[0.00-0.05),0.025,1283,4.208885424785659,0.03419915548129018,54.0,109761,26200.0,23.87004491577154
poisson_pca_without_odds,prob_A_and_O15,[0.05-0.10),0.07500000000000001,5121,7.596172622534661,0.0791653870293954,389.0,108478,26146.0,24.102583012223675
poisson_pca_without_odds,prob_A_and_O15,[0.10-0.15),0.125,13653,12.055958397421811,0.12829432694638815,1646.0,103357,25757.0,24.920421451861024
poisson_pca_without_odds,prob_A_and_O15,[0.15-0.20),0.17500000000000002,22730,16.95556533216014,0.17580436411306696,3854.0,89704,24111.0,26.87840007134576
poisson_pca_without_odds,prob_A_and_O15,[0.20-0.25),0.225,28462,22.79530602206451,0.22677784835541037,6488.0,66974,20257.0,30.246065637411533
poisson_pca_without_odds,prob_A_and_O15,[0.25-0.30),0.275,15569,28.775130066157107,0.27316433135115303,4480.0,38512,13769.0,35.752492729538844
poisson_pca_without_odds,prob_A_and_O15,[0.30-0.35),0.32500000000000007,9342,33.22628987368872,0.32279506907993694,3104.0,22943,9289.0,40.48729459966003
poisson_pca_without_odds,prob_A_and_O15,[0.35-0.40),0.375,5568,39.349856321839084,0.3730608639895821,2191.0,13601,6185.0,45.474597456069404
poisson_pca_without_odds,prob_A_and_O15,[0.40-0.45),0.42500000000000004,3204,43.445692883895134,0.4225812660881059,1392.0,8033,3994.0,49.719905390265154
poisson_pca_without_odds,prob_A_and_O15,[0.45-0.50),0.475,1945,48.63753213367609,0.4732893981629106,946.0,4829,2602.0,53.88279146821288
poisson_pca_without_odds,prob_A_and_O15,[0.50-0.55),0.525,1145,52.75109170305677,0.5225148225676541,604.0,2884,1656.0,57.42024965325936
poisson_pca_without_odds,prob_A_and_O15,[0.55-0.60),0.5750000000000001,722,55.26315789473685,0.572420486482089,399.0,1739,1052.0,60.494537090281774
poisson_pca_without_odds,prob_A_and_O15,[0.60-0.65),0.625,423,63.35697399527187,0.6236316804540011,268.0,1017,653.0,64.20845624385447
poisson_pca_without_odds,prob_A_and_O15,[0.65-0.70),0.675,288,60.763888888888886,0.6741366257140864,175.0,594,385.0,64.81481481481481
poisson_pca_without_odds,prob_A_and_O15,[0.70-0.75),0.7250000000000001,143,69.23076923076923,0.72475222431069,99.0,306,210.0,68.62745098039215
poisson_pca_without_odds,prob_A_and_O15,[0.75-0.80),0.775,92,65.21739130434783,0.7735016760568508,60.0,163,111.0,68.09815950920245
poisson_pca_without_odds,prob_A_and_O15,[0.80-0.85),0.8250000000000001,43,69.76744186046511,0.8225701856387772,30.0,71,51.0,71.83098591549296
poisson_pca_without_odds,prob_A_and_O15,[0.85-0.90),0.875,28,75.0,0.8663699329779245,21.0,28,21.0,75.0
poisson_pca_without_odds,prob_A_and_O25,[0.00-0.05),0.025,1983,3.7317196167423092,0.03476225125926591,74.0,109747,20720.0,18.87978714680128
poisson_pca_without_odds,prob_A_and_O25,[0.05-0.10),0.07500000000000001,10444,7.8801225584067405,0.08058748482061819,823.0,107764,20646.0,19.158531606102223
poisson_pca_without_odds,prob_A_and_O25,[0.10-0.15),0.125,27074,12.159267193617493,0.1269886676162608,3292.0,97320,19823.0,20.368886148787503
poisson_pca_without_odds,prob_A_and_O25,[0.15-0.20),0.17500000000000002,34553,17.71192081729517,0.17584555952509903,6120.0,70246,16531.0,23.533012555875068
poisson_pca_without_odds,prob_A_and_O25,[0.20-0.25),0.225,17011,23.437775556992534,0.22237935778883658,3987.0,35693,10411.0,29.168184237805733
poisson_pca_without_odds,prob_A_and_O25,[0.25-0.30),0.275,8713,29.69126592448066,0.2723124235614828,2587.0,18682,6424.0,34.386040038539775
poisson_pca_without_odds,prob_A_and_O25,[0.30-0.35),0.32500000000000007,4541,33.60493283417749,0.32188563505752976,1526.0,9969,3837.0,38.48931688233524
poisson_pca_without_odds,prob_A_and_O25,[0.35-0.40),0.375,2391,37.76662484316186,0.3725162026863612,903.0,5428,2311.0,42.575534266764926
poisson_pca_without_odds,prob_A_and_O25,[0.40-0.45),0.42500000000000004,1323,42.17687074829932,0.42207914093450466,558.0,3037,1408.0,46.361540994402375
poisson_pca_without_odds,prob_A_and_O25,[0.45-0.50),0.475,747,45.51539491298527,0.4728124700120353,340.0,1714,850.0,49.59159859976663
poisson_pca_without_odds,prob_A_and_O25,[0.50-0.55),0.525,429,49.65034965034965,0.5226636024567565,213.0,967,510.0,52.74043433298863
poisson_pca_without_odds,prob_A_and_O25,[0.55-0.60),0.5750000000000001,259,55.98455598455598,0.5733027884665193,145.0,538,297.0,55.20446096654275
poisson_pca_without_odds,prob_A_and_O25,[0.60-0.65),0.625,122,49.18032786885246,0.6245538784980618,60.0,279,152.0,54.48028673835126
poisson_pca_without_odds,prob_A_and_O25,[0.65-0.70),0.675,83,54.21686746987952,0.6726477427970271,45.0,157,92.0,58.59872611464968
poisson_pca_without_odds,prob_A_and_O25,[0.70-0.75),0.7250000000000001,44,59.09090909090909,0.7210711283847978,26.0,74,47.0,63.51351351351351
poisson_pca_without_odds,prob_A_and_O25,[0.75-0.80),0.775,30,70.0,0.7711082732430816,21.0,30,21.0,70.0
poisson_pca_without_odds,prob_A_and_O35,[0.00-0.05),0.025,19684,3.3783783783783785,0.03597784469362328,665.0,109721,10531.0,9.597980331932812
poisson_pca_without_odds,prob_A_and_O35,[0.05-0.10),0.07500000000000001,56389,7.744418237599532,0.07548766192730441,4367.0,90037,9866.0,10.957717382853716
poisson_pca_without_odds,prob_A_and_O35,[0.10-0.15),0.125,20903,13.170358321771994,0.12039826315625438,2753.0,33648,5499.0,16.342724679029956
poisson_pca_without_odds,prob_A_and_O35,[0.15-0.20),0.17500000000000002,7235,18.051140290255702,0.17096471599750346,1306.0,12745,2746.0,21.545704197724596
poisson_pca_without_odds,prob_A_and_O35,[0.20-0.25),0.225,2913,23.06900102986612,0.2214294097820964,672.0,5510,1440.0,26.13430127041742
poisson_pca_without_odds,prob_A_and_O35,[0.25-0.30),0.275,1284,27.258566978193144,0.2721568091734085,350.0,2597,768.0,29.572583750481325
poisson_pca_without_odds,prob_A_and_O35,[0.30-0.35),0.32500000000000007,636,29.71698113207547,0.3234451879015008,189.0,1313,418.0,31.835491241431836
poisson_pca_without_odds,prob_A_and_O35,[0.35-0.40),0.375,338,33.13609467455622,0.3724084630159518,112.0,677,229.0,33.825701624815366
poisson_pca_without_odds,prob_A_and_O35,[0.40-0.45),0.42500000000000004,146,32.87671232876712,0.42039082645110076,48.0,339,117.0,34.51327433628318
poisson_pca_without_odds,prob_A_and_O35,[0.45-0.50),0.475,98,30.612244897959183,0.47130913675133435,30.0,193,69.0,35.751295336787564
poisson_pca_without_odds,prob_A_and_O35,[0.50-0.55),0.525,61,42.62295081967213,0.5214305040207758,26.0,95,39.0,41.05263157894737
poisson_pca_without_odds,prob_A_and_O35,[0.55-0.60),0.5750000000000001,34,38.23529411764706,0.5712056800411816,13.0,34,13.0,38.23529411764706
poisson_pca_without_odds,prob_A_and_O45,[0.00-0.05),0.025,59882,3.324872248755886,0.03325613634990494,1991.0,109725,6174.0,5.626794258373206
poisson_pca_without_odds,prob_A_and_O45,[0.05-0.10),0.07500000000000001,40848,7.136212299255777,0.06549658876134744,2915.0,49843,4183.0,8.392351985233635
poisson_pca_without_odds,prob_A_and_O45,[0.10-0.15),0.125,6310,12.171156893819335,0.11902584951710705,768.0,8995,1268.0,14.096720400222345
poisson_pca_without_odds,prob_A_and_O45,[0.15-0.20),0.17500000000000002,1649,16.373559733171618,0.1704909124808601,270.0,2685,500.0,18.6219739292365
poisson_pca_without_odds,prob_A_and_O45,[0.20-0.25),0.225,639,20.657276995305164,0.22187287429588545,132.0,1036,230.0,22.2007722007722
poisson_pca_without_odds,prob_A_and_O45,[0.25-0.30),0.275,199,22.110552763819097,0.27141427428254195,44.0,397,98.0,24.68513853904282
poisson_pca_without_odds,prob_A_and_O45,[0.30-0.35),0.32500000000000007,105,26.666666666666668,0.32153366531325656,28.0,198,54.0,27.27272727272727
poisson_pca_without_odds,prob_A_and_O45,[0.35-0.40),0.375,62,30.64516129032258,0.37131257634675113,19.0,93,26.0,27.956989247311824
poisson_pca_without_odds,prob_A_and_O45,[0.40-0.45),0.42500000000000004,31,22.58064516129032,0.42235498526398974,7.0,31,7.0,22.58064516129032
poisson_pca_without_odds,prob_A_and_U15,[0.00-0.05),0.025,10725,3.076923076923077,0.03659803496552342,330.0,109761,8219.0,7.48808775430253
poisson_pca_without_odds,prob_A_and_U15,[0.05-0.10),0.07500000000000001,80428,7.268612920873328,0.07766623277291343,5846.0,99036,7889.0,7.965790217698615
poisson_pca_without_odds,prob_A_and_U15,[0.10-0.15),0.125,18553,10.94162669110117,0.11146825212787376,2030.0,18608,2043.0,10.97914875322442
poisson_pca_without_odds,prob_A_and_U15,[0.15-0.20),0.17500000000000002,55,23.636363636363637,0.15553540433266166,13.0,55,13.0,23.636363636363637
poisson_pca_without_odds,prob_A_and_U25,[0.00-0.05),0.025,3832,2.896659707724426,0.03450386478920579,111.0,109759,13690.0,12.472781275339608
poisson_pca_without_odds,prob_A_and_U25,[0.05-0.10),0.07500000000000001,21001,7.313937431550878,0.08080765931097035,1536.0,105927,13579.0,12.819205679382971
poisson_pca_without_odds,prob_A_and_U25,[0.10-0.15),0.125,51906,11.946595769275229,0.12605830460579853,6201.0,84926,12043.0,14.180580740880297
poisson_pca_without_odds,prob_A_and_U25,[0.15-0.20),0.17500000000000002,27182,16.82363328673387,0.17029065352722697,4573.0,33020,5842.0,17.692307692307693
poisson_pca_without_odds,prob_A_and_U25,[0.20-0.25),0.225,5570,21.382405745062837,0.21614417564056604,1191.0,5838,1269.0,21.73689619732785
poisson_pca_without_odds,prob_A_and_U25,[0.25-0.30),0.275,268,29.1044776119403,0.26163056544216745,78.0,268,78.0,29.1044776119403
poisson_pca_without_odds,prob_A_and_U35,[0.00-0.05),0.025,1008,3.075396825396825,0.034251801417248776,31.0,109759,23870.0,21.74764711777622
poisson_pca_without_odds,prob_A_and_U35,[0.05-0.10),0.07500000000000001,4067,7.401032702237521,0.07905109189142573,301.0,108751,23839.0,21.920717970409466
poisson_pca_without_odds,prob_A_and_U35,[0.10-0.15),0.125,11021,11.5869703293712,0.12897553401496142,1277.0,104684,23538.0,22.484811432501626
poisson_pca_without_odds,prob_A_and_U35,[0.15-0.20),0.17500000000000002,23142,16.62777633739521,0.17703241068647052,3848.0,93663,22261.0,23.767122556399006
poisson_pca_without_odds,prob_A_and_U35,[0.20-0.25),0.225,34704,21.651682803135085,0.22436564279251794,7514.0,70521,18413.0,26.10995306362644
poisson_pca_without_odds,prob_A_and_U35,[0.25-0.30),0.275,20512,27.20846333853354,0.27259512561920013,5581.0,35817,10899.0,30.429684228159815
poisson_pca_without_odds,prob_A_and_U35,[0.30-0.35),0.32500000000000007,10364,32.661134697028174,0.3218156577376034,3385.0,15305,5318.0,34.74681476641621
poisson_pca_without_odds,prob_A_and_U35,[0.35-0.40),0.375,4019,38.26822592684748,0.36982992601993553,1538.0,4941,1933.0,39.12163529649869
poisson_pca_without_odds,prob_A_and_U35,[0.40-0.45),0.42500000000000004,871,43.16877152698048,0.41653907387921263,376.0,922,395.0,42.84164859002169
poisson_pca_without_odds,prob_A_and_U35,[0.45-0.50),0.475,51,37.254901960784316,0.4615830967517278,19.0,51,19.0,37.254901960784316
poisson_pca_without_odds,prob_A_and_U45,[0.00-0.05),0.025,811,3.2059186189889024,0.033956557129127395,26.0,109747,28227.0,25.720065240963308
poisson_pca_without_odds,prob_A_and_U45,[0.05-0.10),0.07500000000000001,3041,7.431765866491285,0.07875657463244957,226.0,108936,28201.0,25.887677168245578
poisson_pca_without_odds,prob_A_and_U45,[0.10-0.15),0.125,7204,11.826762909494725,0.12861754725261,852.0,105895,27975.0,26.417677888474433
poisson_pca_without_odds,prob_A_and_U45,[0.15-0.20),0.17500000000000002,15364,16.590731580317623,0.17754671736813168,2549.0,98691,27123.0,27.482749186855944
poisson_pca_without_odds,prob_A_and_U45,[0.20-0.25),0.225,22588,21.675225783601913,0.22582139502088644,4896.0,83327,24574.0,29.491041319140255
poisson_pca_without_odds,prob_A_and_U45,[0.25-0.30),0.275,28180,26.589779985805535,0.27148236698181594,7493.0,60739,19678.0,32.397635785903624
poisson_pca_without_odds,prob_A_and_U45,[0.30-0.35),0.32500000000000007,15402,32.52175042202312,0.3230790321151361,5009.0,32559,12185.0,37.42436807027243
poisson_pca_without_odds,prob_A_and_U45,[0.35-0.40),0.375,8866,37.75095871870066,0.3728199181931125,3347.0,17157,7176.0,41.82549396747683
poisson_pca_without_odds,prob_A_and_U45,[0.40-0.45),0.42500000000000004,4810,42.64033264033264,0.4225360505040852,2051.0,8291,3829.0,46.18260764684598
poisson_pca_without_odds,prob_A_and_U45,[0.45-0.50),0.475,2266,48.146513680494266,0.47185059543010355,1091.0,3481,1778.0,51.077276644642346
poisson_pca_without_odds,prob_A_and_U45,[0.50-0.55),0.525,990,55.959595959595966,0.5206666153999681,554.0,1215,687.0,56.54320987654321
poisson_pca_without_odds,prob_A_and_U45,[0.55-0.60),0.5750000000000001,225,59.111111111111114,0.566478780242544,133.0,225,133.0,59.111111111111114
poisson_pca_without_odds,prob_BTTS_N,[0.25-0.30),0.275,128,42.1875,0.28174401266341886,54.0,109739,52994.0,48.290944878302156
poisson_pca_without_odds,prob_BTTS_N,[0.30-0.35),0.32500000000000007,1108,40.52346570397112,0.3331554414008767,449.0,109611,52940.0,48.29807227376814
poisson_pca_without_odds,prob_BTTS_N,[0.35-0.40),0.375,6533,42.32358793816011,0.38131269690945563,2765.0,108503,52491.0,48.37746421757924
poisson_pca_without_odds,prob_BTTS_N,[0.40-0.45),0.42500000000000004,25507,45.03469635786254,0.4296812685690459,11487.0,101970,49726.0,48.765323134255176
poisson_pca_without_odds,prob_BTTS_N,[0.45-0.50),0.475,50266,48.88393745275136,0.47415142979606284,24572.0,76463,38239.0,50.00980866562913
poisson_pca_without_odds,prob_BTTS_N,[0.50-0.55),0.525,22054,51.86814183368097,0.5195001767146382,11439.0,26197,13667.0,52.17009581249762
poisson_pca_without_odds,prob_BTTS_N,[0.55-0.60),0.5750000000000001,3780,53.57142857142857,0.5663038358556427,2025.0,4143,2228.0,53.77745594979484
poisson_pca_without_odds,prob_BTTS_N,[0.60-0.65),0.625,326,56.13496932515337,0.6155042342875129,183.0,363,203.0,55.9228650137741
poisson_pca_without_odds,prob_BTTS_N,[0.65-0.70),0.675,37,54.054054054054056,0.6645085786746693,20.0,37,20.0,54.054054054054056
poisson_pca_without_odds,prob_BTTS_Y,[0.30-0.35),0.32500000000000007,37,45.94594594594595,0.3354914213253308,17.0,109739,56745.0,51.709055121697844
poisson_pca_without_odds,prob_BTTS_Y,[0.35-0.40),0.375,326,43.86503067484663,0.3844957657124871,143.0,109702,56728.0,51.710998887896295
poisson_pca_without_odds,prob_BTTS_Y,[0.40-0.45),0.42500000000000004,3780,46.42857142857143,0.4336961641443573,1755.0,109376,56585.0,51.73438414277355
poisson_pca_without_odds,prob_BTTS_Y,[0.45-0.50),0.475,22054,48.131858166319034,0.48049982328536184,10615.0,105596,54830.0,51.92431531497406
poisson_pca_without_odds,prob_BTTS_Y,[0.50-0.55),0.525,50266,51.11606254724864,0.5258485702039372,25694.0,83542,44215.0,52.92547461157262
poisson_pca_without_odds,prob_BTTS_Y,[0.55-0.60),0.5750000000000001,25507,54.96530364213746,0.5703187314309541,14020.0,33276,18521.0,55.65873302079577
poisson_pca_without_odds,prob_BTTS_Y,[0.60-0.65),0.625,6533,57.67641206183989,0.6186873030905443,3768.0,7769,4501.0,57.93538421933325
poisson_pca_without_odds,prob_BTTS_Y,[0.65-0.70),0.675,1108,59.47653429602888,0.6668445585991233,659.0,1236,733.0,59.3042071197411
poisson_pca_without_odds,prob_BTTS_Y,[0.70-0.75),0.7250000000000001,128,57.8125,0.7182559873365811,74.0,128,74.0,57.8125
poisson_pca_without_odds,prob_D,[0.00-0.05),0.025,85,4.705882352941177,0.03785455419391213,4.0,109761,26803.0,24.41942037700094
poisson_pca_without_odds,prob_D,[0.05-0.10),0.07500000000000001,500,9.6,0.08112549701714727,48.0,109676,26799.0,24.43469856668733
poisson_pca_without_odds,prob_D,[0.10-0.15),0.125,1922,13.579604578563995,0.1299655829120027,261.0,109176,26751.0,24.502637942404924
poisson_pca_without_odds,prob_D,[0.15-0.20),0.17500000000000002,6755,18.119911176905994,0.18069688179445967,1224.0,107254,26490.0,24.69837954761594
poisson_pca_without_odds,prob_D,[0.20-0.25),0.225,51453,23.120129049812448,0.2343466720591082,11896.0,100499,25266.0,25.140548662175743
poisson_pca_without_odds,prob_D,[0.25-0.30),0.275,48912,27.240758913967944,0.2632825510833935,13324.0,49046,13370.0,27.260123149696202
poisson_pca_without_odds,prob_D,[0.30-0.35),0.32500000000000007,134,34.32835820895522,0.3058478163892763,46.0,134,46.0,34.32835820895522
poisson_pca_without_odds,prob_D_and_BTTS_N,[0.00-0.05),0.025,19280,4.253112033195021,0.03964966132097083,820.0,109755,7715.0,7.029292515147374
poisson_pca_without_odds,prob_D_and_BTTS_N,[0.05-0.10),0.07500000000000001,87278,7.523087146818214,0.06973756325263179,6566.0,90475,6895.0,7.620889748549323
poisson_pca_without_odds,prob_D_and_BTTS_N,[0.10-0.15),0.125,3197,10.29089771660932,0.10897923511894801,329.0,3197,329.0,10.29089771660932
poisson_pca_without_odds,prob_D_and_BTTS_Y,[0.00-0.05),0.025,167,5.389221556886228,0.036284329655791585,9.0,109761,19086.0,17.388689971847924
poisson_pca_without_odds,prob_D_and_BTTS_Y,[0.05-0.10),0.07500000000000001,1286,9.097978227060652,0.08201264084695725,117.0,109594,19077.0,17.406974834388745
poisson_pca_without_odds,prob_D_and_BTTS_Y,[0.10-0.15),0.125,7720,13.27720207253886,0.13233132172937875,1025.0,108308,18960.0,17.50563208627248
poisson_pca_without_odds,prob_D_and_BTTS_Y,[0.15-0.20),0.17500000000000002,100588,17.830158667037818,0.18047467886509908,17935.0,100588,17935.0,17.830158667037818
poisson_pca_without_odds,prob_D_and_O15,[0.00-0.05),0.025,167,5.389221556886228,0.036284329655791585,9.0,109761,19086.0,17.388689971847924
poisson_pca_without_odds,prob_D_and_O15,[0.05-0.10),0.07500000000000001,1286,9.097978227060652,0.08201264084695725,117.0,109594,19077.0,17.406974834388745
poisson_pca_without_odds,prob_D_and_O15,[0.10-0.15),0.125,7720,13.27720207253886,0.13233132172937875,1025.0,108308,18960.0,17.50563208627248
poisson_pca_without_odds,prob_D_and_O15,[0.15-0.20),0.17500000000000002,100588,17.830158667037818,0.18047467886509908,17935.0,100588,17935.0,17.830158667037818
poisson_pca_without_odds,prob_D_and_O25,[0.00-0.05),0.025,12698,4.536147424791306,0.0433657360988212,576.0,109761,6663.0,6.070462186022358
poisson_pca_without_odds,prob_D_and_O25,[0.05-0.10),0.07500000000000001,96862,6.271809378290764,0.06471387724877811,6075.0,97063,6087.0,6.2711846944767835
poisson_pca_without_odds,prob_D_and_O25,[0.10-0.15),0.125,201,5.970149253731343,0.10516518995837676,12.0,201,12.0,5.970149253731343
poisson_pca_without_odds,prob_D_and_O35,[0.00-0.05),0.025,12698,4.536147424791306,0.0433657360988212,576.0,109761,6663.0,6.070462186022358
poisson_pca_without_odds,prob_D_and_O35,[0.05-0.10),0.07500000000000001,96862,6.271809378290764,0.06471387724877811,6075.0,97063,6087.0,6.2711846944767835
poisson_pca_without_odds,prob_D_and_O35,[0.10-0.15),0.125,201,5.970149253731343,0.10516518995837676,12.0,201,12.0,5.970149253731343
poisson_pca_without_odds,prob_D_and_O45,[0.00-0.05),0.025,109754,1.141644040308326,0.01172127514230013,1253.0,109754,1253.0,1.141644040308326
poisson_pca_without_odds,prob_D_and_U15,[0.00-0.05),0.025,19280,4.253112033195021,0.03964966132097083,820.0,109755,7715.0,7.029292515147374
poisson_pca_without_odds,prob_D_and_U15,[0.05-0.10),0.07500000000000001,87278,7.523087146818214,0.06973756325263179,6566.0,90475,6895.0,7.620889748549323
poisson_pca_without_odds,prob_D_and_U15,[0.10-0.15),0.125,3197,10.29089771660932,0.10897923511894801,329.0,3197,329.0,10.29089771660932
poisson_pca_without_odds,prob_D_and_U25,[0.00-0.05),0.025,280,5.714285714285714,0.03614937744195982,16.0,109761,20140.0,18.348958190978582
poisson_pca_without_odds,prob_D_and_U25,[0.05-0.10),0.07500000000000001,2204,8.39382940108893,0.082570628303031,185.0,109481,20124.0,18.38127163617431
poisson_pca_without_odds,prob_D_and_U25,[0.10-0.15),0.125,13950,12.566308243727597,0.13246077459892555,1753.0,107277,19939.0,18.586463081555227
poisson_pca_without_odds,prob_D_and_U25,[0.15-0.20),0.17500000000000002,67082,18.167317611281714,0.17837949285646607,12187.0,93327,18186.0,19.486322286155133
poisson_pca_without_odds,prob_D_and_U25,[0.20-0.25),0.225,25794,22.764984104830578,0.21417112479959013,5872.0,26245,5999.0,22.85768717851019
poisson_pca_without_odds,prob_D_and_U25,[0.25-0.30),0.275,451,28.159645232815965,0.25856284309890576,127.0,451,127.0,28.159645232815965
poisson_pca_without_odds,prob_D_and_U35,[0.00-0.05),0.025,280,5.714285714285714,0.03614937744195982,16.0,109761,20140.0,18.348958190978582
poisson_pca_without_odds,prob_D_and_U35,[0.05-0.10),0.07500000000000001,2204,8.39382940108893,0.082570628303031,185.0,109481,20124.0,18.38127163617431
poisson_pca_without_odds,prob_D_and_U35,[0.10-0.15),0.125,13950,12.566308243727597,0.13246077459892555,1753.0,107277,19939.0,18.586463081555227
poisson_pca_without_odds,prob_D_and_U35,[0.15-0.20),0.17500000000000002,67082,18.167317611281714,0.17837949285646607,12187.0,93327,18186.0,19.486322286155133
poisson_pca_without_odds,prob_D_and_U35,[0.20-0.25),0.225,25794,22.764984104830578,0.21417112479959013,5872.0,26245,5999.0,22.85768717851019
poisson_pca_without_odds,prob_D_and_U35,[0.25-0.30),0.275,451,28.159645232815965,0.25856284309890576,127.0,451,127.0,28.159645232815965
poisson_pca_without_odds,prob_D_and_U45,[0.00-0.05),0.025,115,5.217391304347826,0.03689469374720895,6.0,109761,25550.0,23.277849144960413
poisson_pca_without_odds,prob_D_and_U45,[0.05-0.10),0.07500000000000001,660,9.545454545454547,0.08156890835437255,63.0,109646,25544.0,23.29679149262171
poisson_pca_without_odds,prob_D_and_U45,[0.10-0.15),0.125,2565,13.64522417153996,0.13004214483236348,350.0,108986,25481.0,23.380067164589946
poisson_pca_without_odds,prob_D_and_U45,[0.15-0.20),0.17500000000000002,10983,17.426932532095055,0.18160714198110559,1914.0,106421,25131.0,23.614700106182053
poisson_pca_without_odds,prob_D_and_U45,[0.20-0.25),0.225,68671,23.053399542747304,0.2302966925345121,15831.0,95438,23217.0,24.326788071837214
poisson_pca_without_odds,prob_D_and_U45,[0.25-0.30),0.275,26701,27.572001048649863,0.26137772014712096,7362.0,26767,7386.0,27.59367878357679
poisson_pca_without_odds,prob_D_and_U45,[0.30-0.35),0.32500000000000007,66,36.36363636363637,0.3058563458224389,24.0,66,24.0,36.36363636363637
poisson_pca_without_odds,prob_H,[0.00-0.05),0.025,90,14.444444444444443,0.03311572880999669,13.0,109761,48539.0,44.22244695292499
poisson_pca_without_odds,prob_H,[0.05-0.10),0.07500000000000001,475,10.105263157894736,0.07978649382795536,48.0,109671,48526.0,44.24688386173191
poisson_pca_without_odds,prob_H,[0.10-0.15),0.125,950,11.263157894736842,0.12765127453975791,107.0,109196,48478.0,44.39539909886809
poisson_pca_without_odds,prob_H,[0.15-0.20),0.17500000000000002,2100,17.666666666666668,0.17767877293427864,371.0,108246,48371.0,44.6861777802413
poisson_pca_without_odds,prob_H,[0.20-0.25),0.225,3882,21.947449768160745,0.227436957723909,852.0,106146,48000.0,45.22073370640439
poisson_pca_without_odds,prob_H,[0.25-0.30),0.275,6615,27.316704459561603,0.2768334216873272,1807.0,102264,47148.0,46.104200891809434
poisson_pca_without_odds,prob_H,[0.30-0.35),0.32500000000000007,10334,32.194697116315076,0.3267565422173798,3327.0,95649,45341.0,47.40352748068459
poisson_pca_without_odds,prob_H,[0.35-0.40),0.375,14396,36.14893025840511,0.3761359431205237,5204.0,85315,42014.0,49.24573638867725
poisson_pca_without_odds,prob_H,[0.40-0.45),0.42500000000000004,22803,42.77945884313468,0.4297669724407451,9755.0,70919,36810.0,51.90428517040567
poisson_pca_without_odds,prob_H,[0.45-0.50),0.475,15873,47.243747243747244,0.4742704705163301,7499.0,48116,27055.0,56.22869731482252
poisson_pca_without_odds,prob_H,[0.50-0.55),0.525,12323,53.566501663555954,0.5237313626907494,6601.0,32243,19556.0,60.65192444871755
poisson_pca_without_odds,prob_H,[0.55-0.60),0.5750000000000001,8148,58.173784977908696,0.5730819073425203,4740.0,19920,12955.0,65.035140562249
poisson_pca_without_odds,prob_H,[0.60-0.65),0.625,4916,63.75101708706266,0.6228383457953772,3134.0,11772,8215.0,69.78423377505946
poisson_pca_without_odds,prob_H,[0.65-0.70),0.675,2854,69.51646811492643,0.6728953878600614,1984.0,6856,5081.0,74.11026837806301
poisson_pca_without_odds,prob_H,[0.70-0.75),0.7250000000000001,1752,72.88812785388129,0.723142493198658,1277.0,4002,3097.0,77.38630684657672
poisson_pca_without_odds,prob_H,[0.75-0.80),0.775,1118,77.28085867620752,0.7734428314024134,864.0,2250,1820.0,80.88888888888889
poisson_pca_without_odds,prob_H,[0.80-0.85),0.8250000000000001,638,81.6614420062696,0.8234548156392261,521.0,1132,956.0,84.45229681978799
poisson_pca_without_odds,prob_H,[0.85-0.90),0.875,321,86.29283489096574,0.8713766001516813,277.0,494,435.0,88.05668016194332
poisson_pca_without_odds,prob_H,[0.90-0.95),0.925,145,91.0344827586207,0.9222274028616783,132.0,173,158.0,91.32947976878613
poisson_pca_without_odds,prob_H,[0.95-1.00),0.9750000000000001,28,92.85714285714286,0.9618285287196472,26.0,28,26.0,92.85714285714286
poisson_pca_without_odds,prob_H_and_BTTS_N,[0.00-0.05),0.025,769,5.981794538361508,0.03457407102453957,46.0,109760,26893.0,24.50163994169096
poisson_pca_without_odds,prob_H_and_BTTS_N,[0.05-0.10),0.07500000000000001,3544,8.182844243792326,0.07999721953196423,290.0,108991,26847.0,24.632309089741355
poisson_pca_without_odds,prob_H_and_BTTS_N,[0.10-0.15),0.125,9558,12.785101485666459,0.1286005542120114,1222.0,105447,26557.0,25.185164110880347
poisson_pca_without_odds,prob_H_and_BTTS_N,[0.15-0.20),0.17500000000000002,18929,18.437318400338107,0.17731638050710946,3490.0,95889,25335.0,26.421174482995962
poisson_pca_without_odds,prob_H_and_BTTS_N,[0.20-0.25),0.225,32844,23.203629277798075,0.22793063192265164,7621.0,76960,21845.0,28.38487525987526
poisson_pca_without_odds,prob_H_and_BTTS_N,[0.25-0.30),0.275,23011,28.1734822476207,0.27338720437566094,6483.0,44116,14224.0,32.24227037809412
poisson_pca_without_odds,prob_H_and_BTTS_N,[0.30-0.35),0.32500000000000007,12283,33.72954489945453,0.32187285999751875,4143.0,21105,7741.0,36.67851220090026
poisson_pca_without_odds,prob_H_and_BTTS_N,[0.35-0.40),0.375,5159,37.235898429928284,0.3714334079059356,1921.0,8822,3598.0,40.78440262978916
poisson_pca_without_odds,prob_H_and_BTTS_N,[0.40-0.45),0.42500000000000004,2209,42.960615663196016,0.4221699052097709,949.0,3663,1677.0,45.78214578214578
poisson_pca_without_odds,prob_H_and_BTTS_N,[0.45-0.50),0.475,930,47.8494623655914,0.4723677578115679,445.0,1454,728.0,50.06877579092159
poisson_pca_without_odds,prob_H_and_BTTS_N,[0.50-0.55),0.525,362,53.86740331491713,0.5218799716022128,195.0,524,283.0,54.007633587786266
poisson_pca_without_odds,prob_H_and_BTTS_N,[0.55-0.60),0.5750000000000001,127,55.90551181102362,0.5707415782913025,71.0,162,88.0,54.32098765432099
poisson_pca_without_odds,prob_H_and_BTTS_N,[0.60-0.65),0.625,35,48.57142857142857,0.6182838106566783,17.0,35,17.0,48.57142857142857
poisson_pca_without_odds,prob_H_and_BTTS_Y,[0.00-0.05),0.025,464,4.094827586206897,0.03692093793046228,19.0,109753,21642.0,19.71882317567629
poisson_pca_without_odds,prob_H_and_BTTS_Y,[0.05-0.10),0.07500000000000001,3105,8.115942028985506,0.08165551520982017,252.0,109289,21623.0,19.78515678613584
poisson_pca_without_odds,prob_H_and_BTTS_Y,[0.10-0.15),0.125,14478,12.536261914629094,0.1299497160415335,1815.0,106184,21371.0,20.126384389361863
poisson_pca_without_odds,prob_H_and_BTTS_Y,[0.15-0.20),0.17500000000000002,33144,16.422278542119237,0.1768861286120127,5443.0,91706,19556.0,21.324667960656882
poisson_pca_without_odds,prob_H_and_BTTS_Y,[0.20-0.25),0.225,37779,21.44312978109532,0.2195686786402098,8101.0,58562,14113.0,24.09924524435641
poisson_pca_without_odds,prob_H_and_BTTS_Y,[0.25-0.30),0.275,14135,27.19490626105412,0.2708990523802533,3844.0,20783,6012.0,28.92748881297214
poisson_pca_without_odds,prob_H_and_BTTS_Y,[0.30-0.35),0.32500000000000007,5081,32.06061798858492,0.32071680520536766,1629.0,6648,2168.0,32.61131167268351
poisson_pca_without_odds,prob_H_and_BTTS_Y,[0.35-0.40),0.375,1382,33.79160636758321,0.3682009222734594,467.0,1567,539.0,34.39693682195278
poisson_pca_without_odds,prob_H_and_BTTS_Y,[0.40-0.45),0.42500000000000004,185,38.91891891891892,0.41703066737004935,72.0,185,72.0,38.91891891891892
poisson_pca_without_odds,prob_H_and_O15,[0.00-0.05),0.025,233,7.725321888412018,0.03507947526218211,18.0,109761,37819.0,34.45577208662458
poisson_pca_without_odds,prob_H_and_O15,[0.05-0.10),0.07500000000000001,1085,6.267281105990784,0.07851699695917841,68.0,109528,37801.0,34.51263603827332
poisson_pca_without_odds,prob_H_and_O15,[0.10-0.15),0.125,2894,13.199723565998617,0.12891423340459437,382.0,108443,37733.0,34.79523805132651
poisson_pca_without_odds,prob_H_and_O15,[0.15-0.20),0.17500000000000002,6468,17.37786023500309,0.17763151854747702,1124.0,105549,37351.0,35.38735563577106
poisson_pca_without_odds,prob_H_and_O15,[0.20-0.25),0.225,11430,22.88713910761155,0.22699420161165662,2616.0,99081,36227.0,36.5630140995751
poisson_pca_without_odds,prob_H_and_O15,[0.25-0.30),0.275,16732,26.016017212526894,0.27623464773654727,4353.0,87651,33611.0,38.346396504318264
poisson_pca_without_odds,prob_H_and_O15,[0.30-0.35),0.32500000000000007,24861,32.42025662684526,0.3299592340065109,8060.0,70919,29258.0,41.255516857259686
poisson_pca_without_odds,prob_H_and_O15,[0.35-0.40),0.375,16354,37.238596062125474,0.373969741735881,6090.0,46058,21198.0,46.02457770637023
poisson_pca_without_odds,prob_H_and_O15,[0.40-0.45),0.42500000000000004,11646,43.465567576850425,0.42342675062457846,5062.0,29704,15108.0,50.86183678965796
poisson_pca_without_odds,prob_H_and_O15,[0.45-0.50),0.475,7189,48.05953540130755,0.4727549584258577,3455.0,18058,10046.0,55.63185291837412
poisson_pca_without_odds,prob_H_and_O15,[0.50-0.55),0.525,4283,54.44781695073546,0.522684187294232,2332.0,10869,6591.0,60.64035329837152
poisson_pca_without_odds,prob_H_and_O15,[0.55-0.60),0.5750000000000001,2569,60.023355391202806,0.5727723922786918,1542.0,6586,4259.0,64.66747646522929
poisson_pca_without_odds,prob_H_and_O15,[0.60-0.65),0.625,1604,62.094763092269325,0.6230608164514112,996.0,4017,2717.0,67.63754045307444
poisson_pca_without_odds,prob_H_and_O15,[0.65-0.70),0.675,1021,68.07051909892262,0.6732624811098774,695.0,2413,1721.0,71.32200580190634
poisson_pca_without_odds,prob_H_and_O15,[0.70-0.75),0.7250000000000001,669,68.90881913303438,0.7224958995082094,461.0,1392,1026.0,73.70689655172413
poisson_pca_without_odds,prob_H_and_O15,[0.75-0.80),0.775,403,75.68238213399503,0.7727257650179746,305.0,723,565.0,78.1466113416321
poisson_pca_without_odds,prob_H_and_O15,[0.80-0.85),0.8250000000000001,198,76.76767676767676,0.8224702739483611,152.0,320,260.0,81.25
poisson_pca_without_odds,prob_H_and_O15,[0.85-0.90),0.875,122,88.52459016393442,0.8706317308323639,108.0,122,108.0,88.52459016393442
poisson_pca_without_odds,prob_H_and_O25,[0.00-0.05),0.025,356,5.337078651685393,0.03537042874018673,19.0,109761,29753.0,27.10707810606682
poisson_pca_without_odds,prob_H_and_O25,[0.05-0.10),0.07500000000000001,2098,8.007626310772164,0.0800127872005178,168.0,109405,29734.0,27.177916914217814
poisson_pca_without_odds,prob_H_and_O25,[0.10-0.15),0.125,7039,12.544395510725955,0.12921603469007745,883.0,107307,29566.0,27.552722562367787
poisson_pca_without_odds,prob_H_and_O25,[0.15-0.20),0.17500000000000002,15459,17.581991073161266,0.17738771979425555,2718.0,100268,28683.0,28.606335022140662
poisson_pca_without_odds,prob_H_and_O25,[0.20-0.25),0.225,23157,21.708338731269166,0.22569359652692605,5027.0,84809,25965.0,30.615854449409852
poisson_pca_without_odds,prob_H_and_O25,[0.25-0.30),0.275,27948,27.0502361528553,0.2733220668860771,7560.0,61652,20938.0,33.961590864854344
poisson_pca_without_odds,prob_H_and_O25,[0.30-0.35),0.32500000000000007,14821,33.05444976722218,0.3228161119445044,4899.0,33704,13378.0,39.692618086873956
poisson_pca_without_odds,prob_H_and_O25,[0.35-0.40),0.375,8399,38.873675437552095,0.372334123212085,3265.0,18883,8479.0,44.90282264470688
poisson_pca_without_odds,prob_H_and_O25,[0.40-0.45),0.42500000000000004,4416,44.15760869565217,0.42268922821314664,1950.0,10484,5214.0,49.73292636398321
poisson_pca_without_odds,prob_H_and_O25,[0.45-0.50),0.475,2506,48.922585794094175,0.47275654357209707,1226.0,6068,3264.0,53.790375741595255
poisson_pca_without_odds,prob_H_and_O25,[0.50-0.55),0.525,1481,53.54490209318028,0.5229706711239024,793.0,3562,2038.0,57.21504772599663
poisson_pca_without_odds,prob_H_and_O25,[0.55-0.60),0.5750000000000001,915,56.50273224043716,0.5736970474150084,517.0,2081,1245.0,59.82700624699664
poisson_pca_without_odds,prob_H_and_O25,[0.60-0.65),0.625,545,57.43119266055046,0.6235356634235267,313.0,1166,728.0,62.43567753001715
poisson_pca_without_odds,prob_H_and_O25,[0.65-0.70),0.675,324,65.12345679012346,0.6729843058411293,211.0,621,415.0,66.82769726247987
poisson_pca_without_odds,prob_H_and_O25,[0.70-0.75),0.7250000000000001,159,64.15094339622641,0.7244203842422244,102.0,297,204.0,68.68686868686868
poisson_pca_without_odds,prob_H_and_O25,[0.75-0.80),0.775,92,68.47826086956522,0.7738720511564985,63.0,138,102.0,73.91304347826086
poisson_pca_without_odds,prob_H_and_O25,[0.80-0.85),0.8250000000000001,46,84.78260869565217,0.8153691049536093,39.0,46,39.0,84.78260869565217
poisson_pca_without_odds,prob_H_and_O35,[0.00-0.05),0.025,3831,3.445575567736883,0.036778106021317813,132.0,109751,15722.0,14.32515421271788
poisson_pca_without_odds,prob_H_and_O35,[0.05-0.10),0.07500000000000001,24553,7.408463324237364,0.07921642754510456,1819.0,105920,15590.0,14.718655589123866
poisson_pca_without_odds,prob_H_and_O35,[0.10-0.15),0.125,42178,12.255204134857035,0.12727430340353457,5169.0,81367,13771.0,16.92455172244276
poisson_pca_without_odds,prob_H_and_O35,[0.15-0.20),0.17500000000000002,21487,17.340717643226135,0.17176421068919687,3726.0,39189,8602.0,21.95003700017862
poisson_pca_without_odds,prob_H_and_O35,[0.20-0.25),0.225,9169,22.925073617624605,0.22130395727907867,2102.0,17702,4876.0,27.54491017964072
poisson_pca_without_odds,prob_H_and_O35,[0.25-0.30),0.275,4083,29.218711731569925,0.27203398443155286,1193.0,8533,2774.0,32.509082386030705
poisson_pca_without_odds,prob_H_and_O35,[0.30-0.35),0.32500000000000007,1979,31.581606872157653,0.32283328997887584,625.0,4450,1581.0,35.528089887640455
poisson_pca_without_odds,prob_H_and_O35,[0.35-0.40),0.375,1131,36.60477453580902,0.37283747869206696,414.0,2471,956.0,38.6887899635775
poisson_pca_without_odds,prob_H_and_O35,[0.40-0.45),0.42500000000000004,601,34.94176372712147,0.42307015275212545,210.0,1340,542.0,40.44776119402985
poisson_pca_without_odds,prob_H_and_O35,[0.45-0.50),0.475,367,43.32425068119891,0.47328994314210343,159.0,739,332.0,44.9255751014885
poisson_pca_without_odds,prob_H_and_O35,[0.50-0.55),0.525,169,43.19526627218935,0.5228971154753579,73.0,372,173.0,46.50537634408602
poisson_pca_without_odds,prob_H_and_O35,[0.55-0.60),0.5750000000000001,101,43.56435643564357,0.5718327363617285,44.0,203,100.0,49.26108374384236
poisson_pca_without_odds,prob_H_and_O35,[0.60-0.65),0.625,65,52.307692307692314,0.6211733276049451,34.0,102,56.0,54.90196078431373
poisson_pca_without_odds,prob_H_and_O35,[0.65-0.70),0.675,37,59.45945945945946,0.6720542409040643,22.0,37,22.0,59.45945945945946
poisson_pca_without_odds,prob_H_and_O45,[0.00-0.05),0.025,21553,3.591147404073679,0.03752338431091931,774.0,109753,9007.0,8.206609386531575
poisson_pca_without_odds,prob_H_and_O45,[0.05-0.10),0.07500000000000001,62202,7.105880839844378,0.0736865650826495,4420.0,88200,8233.0,9.334467120181406
poisson_pca_without_odds,prob_H_and_O45,[0.10-0.15),0.125,17849,12.415261359179786,0.11920186605795247,2216.0,25998,3813.0,14.66651280867759
poisson_pca_without_odds,prob_H_and_O45,[0.15-0.20),0.17500000000000002,4864,17.269736842105264,0.16993896845871193,840.0,8149,1597.0,19.597496625352804
poisson_pca_without_odds,prob_H_and_O45,[0.20-0.25),0.225,1855,21.671159029649594,0.22124238256849452,402.0,3285,757.0,23.0441400304414
poisson_pca_without_odds,prob_H_and_O45,[0.25-0.30),0.275,765,21.69934640522876,0.27122571468476214,166.0,1430,355.0,24.825174825174827
poisson_pca_without_odds,prob_H_and_O45,[0.30-0.35),0.32500000000000007,360,27.22222222222222,0.3215350200019937,98.0,665,189.0,28.421052631578945
poisson_pca_without_odds,prob_H_and_O45,[0.35-0.40),0.375,156,32.05128205128205,0.37363443959005427,50.0,305,91.0,29.836065573770494
poisson_pca_without_odds,prob_H_and_O45,[0.40-0.45),0.42500000000000004,83,19.27710843373494,0.42460516474759424,16.0,149,41.0,27.516778523489933
poisson_pca_without_odds,prob_H_and_O45,[0.45-0.50),0.475,41,34.146341463414636,0.4714787189546468,14.0,66,25.0,37.878787878787875
poisson_pca_without_odds,prob_H_and_O45,[0.50-0.55),0.525,25,44.0,0.518814944681478,11.0,25,11.0,44.0
poisson_pca_without_odds,prob_H_and_U15,[0.00-0.05),0.025,3529,3.7687730235194103,0.03743057046337622,133.0,109761,10720.0,9.766674866300416
poisson_pca_without_odds,prob_H_and_U15,[0.05-0.10),0.07500000000000001,56613,8.344373200501652,0.08452765904628767,4724.0,106232,10587.0,9.965923638828226
poisson_pca_without_odds,prob_H_and_U15,[0.10-0.15),0.125,49201,11.784313326964899,0.11447709979117594,5798.0,49619,5863.0,11.816038211169108
poisson_pca_without_odds,prob_H_and_U15,[0.15-0.20),0.17500000000000002,418,15.550239234449762,0.1557827321404075,65.0,418,65.0,15.550239234449762
poisson_pca_without_odds,prob_H_and_U25,[0.00-0.05),0.025,1018,5.1080550098231825,0.035091258503476504,52.0,109742,18783.0,17.115598403528274
poisson_pca_without_odds,prob_H_and_U25,[0.05-0.10),0.07500000000000001,6171,7.8431372549019605,0.08084334740100908,484.0,108724,18731.0,17.228026930576508
poisson_pca_without_odds,prob_H_and_U25,[0.10-0.15),0.125,22108,12.918400578975936,0.12939083978741564,2856.0,102553,18247.0,17.79275106530282
poisson_pca_without_odds,prob_H_and_U25,[0.15-0.20),0.17500000000000002,52508,17.473527843376246,0.17560372093744245,9175.0,80445,15391.0,19.13232643420971
poisson_pca_without_odds,prob_H_and_U25,[0.20-0.25),0.225,25876,22.051321688050702,0.21847198918950977,5706.0,27937,6216.0,22.25006264094212
poisson_pca_without_odds,prob_H_and_U25,[0.25-0.30),0.275,2061,24.745269286754006,0.2619547989232825,510.0,2061,510.0,24.745269286754006
poisson_pca_without_odds,prob_H_and_U35,[0.00-0.05),0.025,214,7.476635514018691,0.03404197815099837,16.0,109759,32810.0,29.89276505799069
poisson_pca_without_odds,prob_H_and_U35,[0.05-0.10),0.07500000000000001,1029,8.066083576287658,0.07899765947510204,83.0,109545,32794.0,29.936555753343374
poisson_pca_without_odds,prob_H_and_U35,[0.10-0.15),0.125,2903,12.848777127109887,0.12895627858424152,373.0,108516,32711.0,30.143941907184196
poisson_pca_without_odds,prob_H_and_U35,[0.15-0.20),0.17500000000000002,6784,18.278301886792452,0.17870198866034429,1240.0,105613,32338.0,30.619336634694594
poisson_pca_without_odds,prob_H_and_U35,[0.20-0.25),0.225,13940,22.804878048780488,0.22785470702456803,3179.0,98829,31098.0,31.46647239170689
poisson_pca_without_odds,prob_H_and_U35,[0.25-0.30),0.275,30319,27.67901316006465,0.2808120657516225,8392.0,84889,27919.0,32.888831297341234
poisson_pca_without_odds,prob_H_and_U35,[0.30-0.35),0.32500000000000007,29186,32.79311998903584,0.3246443974822583,9571.0,54570,19527.0,35.78339747113799
poisson_pca_without_odds,prob_H_and_U35,[0.35-0.40),0.375,19433,38.33684968867391,0.371677708023374,7450.0,25384,9956.0,39.221556886227546
poisson_pca_without_odds,prob_H_and_U35,[0.40-0.45),0.42500000000000004,5580,41.88172043010753,0.4173581780691591,2337.0,5951,2506.0,42.1105696521593
poisson_pca_without_odds,prob_H_and_U35,[0.45-0.50),0.475,371,45.55256064690027,0.4622332802154476,169.0,371,169.0,45.55256064690027
poisson_pca_without_odds,prob_H_and_U45,[0.00-0.05),0.025,165,7.2727272727272725,0.03386028279290398,12.0,109761,39528.0,36.01279142864952
poisson_pca_without_odds,prob_H_and_U45,[0.05-0.10),0.07500000000000001,736,8.152173913043478,0.0786158967940125,60.0,109596,39516.0,36.05606044016205
poisson_pca_without_odds,prob_H_and_U45,[0.10-0.15),0.125,1775,12.732394366197184,0.12828945951188392,226.0,108860,39456.0,36.24471798640456
poisson_pca_without_odds,prob_H_and_U45,[0.15-0.20),0.17500000000000002,3875,17.651612903225804,0.1776887672490774,684.0,107085,39230.0,36.634449269272075
poisson_pca_without_odds,prob_H_and_U45,[0.20-0.25),0.225,7451,22.386256878271375,0.22732314801421788,1668.0,103210,38546.0,37.347156283305885
poisson_pca_without_odds,prob_H_and_U45,[0.25-0.30),0.275,12754,28.014740473576914,0.2769578258540895,3573.0,95759,36878.0,38.51126264894161
poisson_pca_without_odds,prob_H_and_U45,[0.30-0.35),0.32500000000000007,18974,31.132075471698112,0.32618078748331786,5907.0,83005,33305.0,40.12408891030661
poisson_pca_without_odds,prob_H_and_U45,[0.35-0.40),0.375,27869,37.50403674333489,0.3712516725978671,10452.0,64031,27398.0,42.78864924802049
poisson_pca_without_odds,prob_H_and_U45,[0.40-0.45),0.42500000000000004,18232,43.02874067573497,0.4235162492479065,7845.0,36162,16946.0,46.86134616448206
poisson_pca_without_odds,prob_H_and_U45,[0.45-0.50),0.475,11050,48.262443438914026,0.4724084912715397,5333.0,17930,9101.0,50.758505298382595
poisson_pca_without_odds,prob_H_and_U45,[0.50-0.55),0.525,5291,53.770553770553775,0.5213726463049092,2845.0,6880,3768.0,54.76744186046511
poisson_pca_without_odds,prob_H_and_U45,[0.55-0.60),0.5750000000000001,1507,57.92966157929662,0.5670803759882567,873.0,1589,923.0,58.08684707363121
poisson_pca_without_odds,prob_H_and_U45,[0.60-0.65),0.625,82,60.97560975609756,0.6085638937498256,50.0,82,50.0,60.97560975609756
poisson_pca_without_odds,prob_O15,[0.55-0.60),0.5750000000000001,70,55.714285714285715,0.5852248909180113,39.0,109753,83099.0,75.71455905533334
poisson_pca_without_odds,prob_O15,[0.60-0.65),0.625,1226,66.394779771615,0.6351719477537218,814.0,109683,83060.0,75.7273232861975
poisson_pca_without_odds,prob_O15,[0.65-0.70),0.675,9772,67.37617683176423,0.6822403842869846,6584.0,108457,82246.0,75.83281853637848
poisson_pca_without_odds,prob_O15,[0.70-0.75),0.7250000000000001,35989,72.53327405596154,0.7282024019138685,26104.0,98685,75662.0,76.67021330496023
poisson_pca_without_odds,prob_O15,[0.75-0.80),0.775,43416,77.21807628524047,0.7705531789649863,33525.0,62696,49558.0,79.04491514610183
poisson_pca_without_odds,prob_O15,[0.80-0.85),0.8250000000000001,14953,82.29117902761988,0.8200611578901298,12305.0,19280,16033.0,83.15871369294607
poisson_pca_without_odds,prob_O15,[0.85-0.90),0.875,3707,85.56784461828973,0.8684512058719269,3172.0,4327,3728.0,86.15669054772358
poisson_pca_without_odds,prob_O15,[0.90-0.95),0.925,620,89.6774193548387,0.9132634365025617,556.0,620,556.0,89.6774193548387
poisson_pca_without_odds,prob_O25,[0.30-0.35),0.32500000000000007,229,34.49781659388647,0.3356047593176759,79.0,109747,57139.0,52.06429332920261
poisson_pca_without_odds,prob_O25,[0.35-0.40),0.375,2426,39.81863149216818,0.38252920444818933,966.0,109518,57060.0,52.10102448912508
poisson_pca_without_odds,prob_O25,[0.40-0.45),0.42500000000000004,11902,42.7743236430852,0.43020228315859205,5091.0,107092,56094.0,52.37926269002353
poisson_pca_without_odds,prob_O25,[0.45-0.50),0.475,29312,47.44814410480349,0.4769434341979308,13908.0,95190,51003.0,53.58020800504255
poisson_pca_without_odds,prob_O25,[0.50-0.55),0.525,36258,52.355342269292294,0.5228720183578192,18983.0,65878,37095.0,56.308631105983785
poisson_pca_without_odds,prob_O25,[0.55-0.60),0.5750000000000001,17220,58.838559814169564,0.5720182207913042,10132.0,29620,18112.0,61.147873058744096
poisson_pca_without_odds,prob_O25,[0.60-0.65),0.625,7567,62.12501651909608,0.6217297166903317,4701.0,12400,7980.0,64.35483870967742
poisson_pca_without_odds,prob_O25,[0.65-0.70),0.675,3113,67.23417924831352,0.6715181043560495,2093.0,4833,3279.0,67.84605834885164
poisson_pca_without_odds,prob_O25,[0.70-0.75),0.7250000000000001,1094,66.54478976234005,0.721179724376634,728.0,1720,1186.0,68.95348837209302
poisson_pca_without_odds,prob_O25,[0.75-0.80),0.775,431,71.46171693735499,0.7707716218273024,308.0,626,458.0,73.1629392971246
poisson_pca_without_odds,prob_O25,[0.80-0.85),0.8250000000000001,171,76.60818713450293,0.8206296774262122,131.0,195,150.0,76.92307692307693
poisson_pca_without_odds,prob_O25,[0.85-0.90),0.875,24,79.16666666666666,0.8678290468618949,19.0,24,19.0,79.16666666666666
poisson_pca_without_odds,prob_O25_and_BTTS_N,[0.05-0.10),0.07500000000000001,70704,10.105510296447159,0.0843724934739375,7145.0,109749,12806.0,11.668443448231875
poisson_pca_without_odds,prob_O25_and_BTTS_N,[0.10-0.15),0.125,30751,12.799583753373875,0.11434270383252218,3936.0,39045,5661.0,14.498655397618132
poisson_pca_without_odds,prob_O25_and_BTTS_N,[0.15-0.20),0.17500000000000002,4937,18.006886773344135,0.17011636645702682,889.0,8294,1725.0,20.79816734989149
poisson_pca_without_odds,prob_O25_and_BTTS_N,[0.20-0.25),0.225,1923,22.360894435777432,0.22178478455484205,430.0,3357,836.0,24.903187369675305
poisson_pca_without_odds,prob_O25_and_BTTS_N,[0.25-0.30),0.275,765,27.058823529411764,0.27208365001426865,207.0,1434,406.0,28.312412831241286
poisson_pca_without_odds,prob_O25_and_BTTS_N,[0.30-0.35),0.32500000000000007,373,28.686327077747993,0.32131932945612646,107.0,669,199.0,29.74588938714499
poisson_pca_without_odds,prob_O25_and_BTTS_N,[0.35-0.40),0.375,162,28.39506172839506,0.37043755191495653,46.0,296,92.0,31.08108108108108
poisson_pca_without_odds,prob_O25_and_BTTS_N,[0.40-0.45),0.42500000000000004,84,34.523809523809526,0.42236133032278,29.0,134,46.0,34.32835820895522
poisson_pca_without_odds,prob_O25_and_BTTS_N,[0.45-0.50),0.475,50,34.0,0.4716440907041317,17.0,50,17.0,34.0
poisson_pca_without_odds,prob_O25_and_BTTS_Y,[0.20-0.25),0.225,26,30.76923076923077,0.23922648668693527,8.0,109741,44324.0,40.389644708905514
poisson_pca_without_odds,prob_O25_and_BTTS_Y,[0.25-0.30),0.275,815,30.920245398773005,0.28604715442304324,252.0,109715,44316.0,40.39192453174133
poisson_pca_without_odds,prob_O25_and_BTTS_Y,[0.30-0.35),0.32500000000000007,8292,32.80270139893874,0.33230963238315403,2720.0,108900,44064.0,40.46280991735537
poisson_pca_without_odds,prob_O25_and_BTTS_Y,[0.35-0.40),0.375,31177,37.25502774481188,0.37844676256379317,11615.0,100608,41344.0,41.0941475826972
poisson_pca_without_odds,prob_O25_and_BTTS_Y,[0.40-0.45),0.42500000000000004,44275,40.59853190287973,0.4226115454444298,17975.0,69431,29729.0,42.818049574397605
poisson_pca_without_odds,prob_O25_and_BTTS_Y,[0.45-0.50),0.475,18141,45.53221983352627,0.4705946462302345,8260.0,25156,11754.0,46.72443949753538
poisson_pca_without_odds,prob_O25_and_BTTS_Y,[0.50-0.55),0.525,5457,49.09290819131391,0.5198379622429342,2679.0,7015,3494.0,49.80755523877406
poisson_pca_without_odds,prob_O25_and_BTTS_Y,[0.55-0.60),0.5750000000000001,1277,53.56303837118246,0.5686456623129791,684.0,1558,815.0,52.31065468549422
poisson_pca_without_odds,prob_O25_and_BTTS_Y,[0.60-0.65),0.625,230,48.26086956521739,0.6180957526383059,111.0,281,131.0,46.619217081850536
poisson_pca_without_odds,prob_O25_and_BTTS_Y,[0.65-0.70),0.675,51,39.21568627450981,0.6671600461368216,20.0,51,20.0,39.21568627450981
poisson_pca_without_odds,prob_O35,[0.10-0.15),0.125,97,13.402061855670103,0.14044206299017636,13.0,109747,32930.0,30.00537600116632
poisson_pca_without_odds,prob_O35,[0.15-0.20),0.17500000000000002,2909,18.906840838776212,0.18488453021288637,550.0,109650,32917.0,30.020063839489286
poisson_pca_without_odds,prob_O35,[0.20-0.25),0.225,18854,22.557547470032883,0.2304593651289586,4253.0,106741,32367.0,30.3229312073149
poisson_pca_without_odds,prob_O35,[0.25-0.30),0.275,36459,27.669436901725224,0.2751818190602027,10088.0,87887,28114.0,31.98880380488582
poisson_pca_without_odds,prob_O35,[0.30-0.35),0.32500000000000007,31645,32.036656659819876,0.31812413358650277,10138.0,51428,18026.0,35.050945010500115
poisson_pca_without_odds,prob_O35,[0.35-0.40),0.375,11545,37.089649198787356,0.37134145244752703,4282.0,19783,7888.0,39.87261790426123
poisson_pca_without_odds,prob_O35,[0.40-0.45),0.42500000000000004,4792,41.798831385642735,0.4212908507729123,2003.0,8238,3606.0,43.7727603787327
poisson_pca_without_odds,prob_O35,[0.45-0.50),0.475,2030,45.566502463054185,0.4709857741151223,925.0,3446,1603.0,46.51770168311085
poisson_pca_without_odds,prob_O35,[0.50-0.55),0.525,777,46.074646074646076,0.5219336283201133,358.0,1416,678.0,47.88135593220339
poisson_pca_without_odds,prob_O35,[0.55-0.60),0.5750000000000001,362,48.06629834254144,0.5713752277420652,174.0,639,320.0,50.07824726134585
poisson_pca_without_odds,prob_O35,[0.60-0.65),0.625,165,48.484848484848484,0.623566725338194,80.0,277,146.0,52.707581227436826
poisson_pca_without_odds,prob_O35,[0.65-0.70),0.675,75,58.666666666666664,0.6718408408074248,44.0,112,66.0,58.92857142857143
poisson_pca_without_odds,prob_O35,[0.70-0.75),0.7250000000000001,37,59.45945945945946,0.7217768182384654,22.0,37,22.0,59.45945945945946
poisson_pca_without_odds,prob_O35_and_BTTS_N,[0.00-0.05),0.025,93547,4.180786128897774,0.03068077340677461,3911.0,109749,5436.0,4.953120301779515
poisson_pca_without_odds,prob_O35_and_BTTS_N,[0.05-0.10),0.07500000000000001,12616,8.172162333544705,0.06622156592921773,1031.0,16202,1525.0,9.412418219972842
poisson_pca_without_odds,prob_O35_and_BTTS_N,[0.10-0.15),0.125,2324,11.919104991394148,0.12013442069817523,277.0,3586,494.0,13.77579475738985
poisson_pca_without_odds,prob_O35_and_BTTS_N,[0.15-0.20),0.17500000000000002,757,16.116248348745046,0.1710296621285753,122.0,1262,217.0,17.194928684627577
poisson_pca_without_odds,prob_O35_and_BTTS_N,[0.20-0.25),0.225,288,18.40277777777778,0.22133982105757857,53.0,505,95.0,18.81188118811881
poisson_pca_without_odds,prob_O35_and_BTTS_N,[0.25-0.30),0.275,114,14.912280701754385,0.27228657378842863,17.0,217,42.0,19.35483870967742
poisson_pca_without_odds,prob_O35_and_BTTS_N,[0.30-0.35),0.32500000000000007,70,20.0,0.32234226600340105,14.0,103,25.0,24.271844660194176
poisson_pca_without_odds,prob_O35_and_BTTS_N,[0.35-0.40),0.375,33,33.33333333333333,0.3738659965344633,11.0,33,11.0,33.33333333333333
poisson_pca_without_odds,prob_O35_and_BTTS_Y,[0.10-0.15),0.125,443,13.769751693002258,0.1394057020456874,61.0,109726,27489.0,25.052403259027027
poisson_pca_without_odds,prob_O35_and_BTTS_Y,[0.15-0.20),0.17500000000000002,8858,17.938586588394674,0.18351248507320375,1589.0,109283,27428.0,25.098139692358373
poisson_pca_without_odds,prob_O35_and_BTTS_Y,[0.20-0.25),0.225,36609,22.073806987352835,0.22802298990681177,8081.0,100425,25839.0,25.729648991784913
poisson_pca_without_odds,prob_O35_and_BTTS_Y,[0.25-0.30),0.275,42391,25.81444174470996,0.2712468539574977,10943.0,63816,17758.0,27.826877272157454
poisson_pca_without_odds,prob_O35_and_BTTS_Y,[0.30-0.35),0.32500000000000007,15350,30.51465798045603,0.3205721527428236,4684.0,21425,6815.0,31.808634772462074
poisson_pca_without_odds,prob_O35_and_BTTS_Y,[0.35-0.40),0.375,4615,34.431202600216686,0.3699970323061804,1589.0,6075,2131.0,35.07818930041152
poisson_pca_without_odds,prob_O35_and_BTTS_Y,[0.40-0.45),0.42500000000000004,1164,37.19931271477663,0.41871919967155435,433.0,1460,542.0,37.12328767123287
poisson_pca_without_odds,prob_O35_and_BTTS_Y,[0.45-0.50),0.475,234,36.75213675213676,0.4699267987365414,86.0,296,109.0,36.82432432432432
poisson_pca_without_odds,prob_O35_and_BTTS_Y,[0.50-0.55),0.525,62,37.096774193548384,0.517696249803982,23.0,62,23.0,37.096774193548384
poisson_pca_without_odds,prob_U15,[0.05-0.10),0.07500000000000001,620,10.32258064516129,0.08673656349743826,64.0,109753,26654.0,24.28544094466666
poisson_pca_without_odds,prob_U15,[0.10-0.15),0.125,3707,14.432155381710277,0.13154879412807308,535.0,109133,26590.0,24.36476592781285
poisson_pca_without_odds,prob_U15,[0.15-0.20),0.17500000000000002,14953,17.708820972380124,0.17993884210987007,2648.0,105426,26055.0,24.714017415058905
poisson_pca_without_odds,prob_U15,[0.20-0.25),0.225,43416,22.781923714759536,0.22944682103501365,9891.0,90473,23407.0,25.871807058459428
poisson_pca_without_odds,prob_U15,[0.25-0.30),0.275,35989,27.466725944038455,0.2717975980861314,9885.0,47057,13516.0,28.722613001253798
poisson_pca_without_odds,prob_U15,[0.30-0.35),0.32500000000000007,9772,32.62382316823577,0.3177596157130154,3188.0,11068,3631.0,32.80628839898807
poisson_pca_without_odds,prob_U15,[0.35-0.40),0.375,1226,33.605220228384994,0.36482805224627823,412.0,1296,443.0,34.1820987654321
poisson_pca_without_odds,prob_U15,[0.40-0.45),0.42500000000000004,70,44.285714285714285,0.41477510908198867,31.0,70,31.0,44.285714285714285
poisson_pca_without_odds,prob_U25,[0.10-0.15),0.125,24,20.833333333333336,0.13217095313810506,5.0,109747,52608.0,47.93570667079738
poisson_pca_without_odds,prob_U25,[0.15-0.20),0.17500000000000002,171,23.391812865497073,0.17937032257378777,40.0,109723,52603.0,47.94163484410743
poisson_pca_without_odds,prob_U25,[0.20-0.25),0.225,431,28.538283062645007,0.22922837817269764,123.0,109552,52563.0,47.97995472469695
poisson_pca_without_odds,prob_U25,[0.25-0.30),0.275,1094,33.45521023765997,0.2788202756233659,366.0,109121,52440.0,48.05674434801734
poisson_pca_without_odds,prob_U25,[0.30-0.35),0.32500000000000007,3113,32.765820751686476,0.3284818956439504,1020.0,108027,52074.0,48.204615512788465
poisson_pca_without_odds,prob_U25,[0.35-0.40),0.375,7567,37.87498348090392,0.3782702833096684,2866.0,104914,51054.0,48.662714223077955
poisson_pca_without_odds,prob_U25,[0.40-0.45),0.42500000000000004,17220,41.16144018583043,0.4279817792086959,7088.0,97347,48188.0,49.501268657483024
poisson_pca_without_odds,prob_U25,[0.45-0.50),0.475,36258,47.644657730707706,0.477127981642181,17275.0,80127,41100.0,51.29357145531469
poisson_pca_without_odds,prob_U25,[0.50-0.55),0.525,29312,52.55185589519651,0.523056565802069,15404.0,43869,23825.0,54.309421231393465
poisson_pca_without_odds,prob_U25,[0.55-0.60),0.5750000000000001,11902,57.2256763569148,0.569797716841408,6811.0,14557,8421.0,57.848457786631855
poisson_pca_without_odds,prob_U25,[0.60-0.65),0.625,2426,60.18136850783182,0.6174707955518107,1460.0,2655,1610.0,60.64030131826742
poisson_pca_without_odds,prob_U25,[0.65-0.70),0.675,229,65.50218340611353,0.6643952406823243,150.0,229,150.0,65.50218340611353
poisson_pca_without_odds,prob_U35,[0.25-0.30),0.275,37,40.54054054054054,0.27822318176153477,15.0,109747,76817.0,69.99462399883369
poisson_pca_without_odds,prob_U35,[0.30-0.35),0.32500000000000007,75,41.333333333333336,0.3281591591925753,31.0,109710,76802.0,70.00455746969283
poisson_pca_without_odds,prob_U35,[0.35-0.40),0.375,165,51.515151515151516,0.3764332746618059,85.0,109635,76771.0,70.02417111323939
poisson_pca_without_odds,prob_U35,[0.40-0.45),0.42500000000000004,362,51.93370165745856,0.42862477225793477,188.0,109470,76686.0,70.05206906001644
poisson_pca_without_odds,prob_U35,[0.45-0.50),0.475,777,53.925353925353924,0.4780663716798867,419.0,109108,76498.0,70.11218242475346
poisson_pca_without_odds,prob_U35,[0.50-0.55),0.525,2030,54.43349753694581,0.5290142258848777,1105.0,108331,76079.0,70.22828183991655
poisson_pca_without_odds,prob_U35,[0.55-0.60),0.5750000000000001,4792,58.20116861435726,0.5787091492270876,2789.0,106301,74974.0,70.52991034891487
poisson_pca_without_odds,prob_U35,[0.60-0.65),0.625,11545,62.910350801212644,0.628658547552473,7263.0,101509,72185.0,71.1119211104434
poisson_pca_without_odds,prob_U35,[0.65-0.70),0.675,31645,67.96334334018013,0.6818758664134973,21507.0,89964,64922.0,72.1644213240852
poisson_pca_without_odds,prob_U35,[0.70-0.75),0.7250000000000001,36459,72.33056309827477,0.7248181809397971,26371.0,58319,43415.0,74.44400624153363
poisson_pca_without_odds,prob_U35,[0.75-0.80),0.775,18854,77.44245252996713,0.7695406348710414,14601.0,21860,17044.0,77.96889295516925
poisson_pca_without_odds,prob_U35,[0.80-0.85),0.8250000000000001,2909,81.0931591612238,0.8151154697871137,2359.0,3006,2443.0,81.27079174983368
poisson_pca_without_odds,prob_U35,[0.85-0.90),0.875,97,86.5979381443299,0.8595579370098236,84.0,97,84.0,86.5979381443299
poisson_pca_without_odds,prob_X2,[0.00-0.05),0.025,28,7.142857142857142,0.038171471280352816,2.0,109761,61222.0,55.77755304707501
poisson_pca_without_odds,prob_X2,[0.05-0.10),0.07500000000000001,145,8.96551724137931,0.07777259713832164,13.0,109733,61220.0,55.78996290997239
poisson_pca_without_odds,prob_X2,[0.10-0.15),0.125,321,13.707165109034266,0.12862339984831875,44.0,109588,61207.0,55.85191809322188
poisson_pca_without_odds,prob_X2,[0.15-0.20),0.17500000000000002,638,18.338557993730408,0.17654518436077385,117.0,109267,61163.0,55.97572917715321
poisson_pca_without_odds,prob_X2,[0.20-0.25),0.225,1118,22.719141323792485,0.2265571685975865,254.0,108629,61046.0,56.19677986541347
poisson_pca_without_odds,prob_X2,[0.25-0.30),0.275,1752,27.11187214611872,0.276857506801342,475.0,107511,60792.0,56.544911683455645
poisson_pca_without_odds,prob_X2,[0.30-0.35),0.32500000000000007,2854,30.483531885073585,0.3271046121399385,870.0,105759,60317.0,57.032498416210444
poisson_pca_without_odds,prob_X2,[0.35-0.40),0.375,4916,36.24898291293735,0.3771616542046227,1782.0,102905,59447.0,57.7688158981585
poisson_pca_without_odds,prob_X2,[0.40-0.45),0.42500000000000004,8148,41.82621502209131,0.42691809265747976,3408.0,97989,57665.0,58.84844217208054
poisson_pca_without_odds,prob_X2,[0.45-0.50),0.475,12323,46.433498336444046,0.4762686373092507,5722.0,89841,54257.0,60.39224852795494
poisson_pca_without_odds,prob_X2,[0.50-0.55),0.525,15873,52.75625275625275,0.5257295294836699,8374.0,77518,48535.0,62.61126448050776
poisson_pca_without_odds,prob_X2,[0.55-0.60),0.5750000000000001,22803,57.22054115686532,0.570233027559255,13048.0,61645,40161.0,65.14883607754076
poisson_pca_without_odds,prob_X2,[0.60-0.65),0.625,14396,63.85106974159489,0.6238640568794763,9192.0,38842,27113.0,69.80330570001544
poisson_pca_without_odds,prob_X2,[0.65-0.70),0.675,10334,67.80530288368493,0.6732434577826201,7007.0,24446,17921.0,73.3085167307535
poisson_pca_without_odds,prob_X2,[0.70-0.75),0.7250000000000001,6615,72.6832955404384,0.7231665783126728,4808.0,14112,10914.0,77.33843537414967
poisson_pca_without_odds,prob_X2,[0.75-0.80),0.775,3882,78.05255023183926,0.772563042276091,3030.0,7497,6106.0,81.44591169801254
poisson_pca_without_odds,prob_X2,[0.80-0.85),0.8250000000000001,2100,82.33333333333334,0.8223212270657214,1729.0,3615,3076.0,85.08990318118948
poisson_pca_without_odds,prob_X2,[0.85-0.90),0.875,950,88.73684210526316,0.8723487254602421,843.0,1515,1347.0,88.91089108910892
poisson_pca_without_odds,prob_X2,[0.90-0.95),0.925,475,89.89473684210526,0.9202135061720448,427.0,565,504.0,89.20353982300885
poisson_pca_without_odds,prob_X2,[0.95-1.00),0.9750000000000001,90,85.55555555555556,0.9668842711900033,77.0,90,77.0,85.55555555555556
poisson_pca_without_odds,prob_X2_and_BTTS_N,[0.00-0.05),0.025,705,3.546099290780142,0.03508897739225072,25.0,109760,26111.0,23.78917638483965
poisson_pca_without_odds,prob_X2_and_BTTS_N,[0.05-0.10),0.07500000000000001,3500,7.514285714285713,0.0793613655277525,263.0,109055,26086.0,23.920040346614094
poisson_pca_without_odds,prob_X2_and_BTTS_N,[0.10-0.15),0.125,9570,12.288401253918495,0.1289754468085113,1176.0,105555,25823.0,24.4640234948605
poisson_pca_without_odds,prob_X2_and_BTTS_N,[0.15-0.20),0.17500000000000002,21620,18.011100832562445,0.1776138542368518,3894.0,95985,24647.0,25.677970516226495
poisson_pca_without_odds,prob_X2_and_BTTS_N,[0.20-0.25),0.225,35308,23.753823496091535,0.22590256213036702,8387.0,74365,20753.0,27.906945471660055
poisson_pca_without_odds,prob_X2_and_BTTS_N,[0.25-0.30),0.275,21913,28.909779582896,0.2724884373756485,6335.0,39057,12366.0,31.661417927644216
poisson_pca_without_odds,prob_X2_and_BTTS_N,[0.30-0.35),0.32500000000000007,10841,32.35863850198321,0.32148677640154694,3508.0,17144,6031.0,35.17848810079328
poisson_pca_without_odds,prob_X2_and_BTTS_N,[0.35-0.40),0.375,4233,37.231278053390035,0.37081311192777955,1576.0,6303,2523.0,40.02855782960495
poisson_pca_without_odds,prob_X2_and_BTTS_N,[0.40-0.45),0.42500000000000004,1394,45.40889526542324,0.4205550739434119,633.0,2070,947.0,45.7487922705314
poisson_pca_without_odds,prob_X2_and_BTTS_N,[0.45-0.50),0.475,489,45.807770961145195,0.4697565097592177,224.0,676,314.0,46.44970414201183
poisson_pca_without_odds,prob_X2_and_BTTS_N,[0.50-0.55),0.525,156,47.43589743589743,0.5194614837582227,74.0,187,90.0,48.1283422459893
poisson_pca_without_odds,prob_X2_and_BTTS_N,[0.55-0.60),0.5750000000000001,31,51.61290322580645,0.5690534319768806,16.0,31,16.0,51.61290322580645
poisson_pca_without_odds,prob_X2_and_BTTS_Y,[0.00-0.05),0.025,81,11.11111111111111,0.037656338097728836,9.0,109736,35102.0,31.98767952176132
poisson_pca_without_odds,prob_X2_and_BTTS_Y,[0.05-0.10),0.07500000000000001,368,7.065217391304348,0.0806607781941714,26.0,109655,35093.0,32.00310063380603
poisson_pca_without_odds,prob_X2_and_BTTS_Y,[0.10-0.15),0.125,1144,15.821678321678323,0.1292320124631161,181.0,109287,35067.0,32.08707348540998
poisson_pca_without_odds,prob_X2_and_BTTS_Y,[0.15-0.20),0.17500000000000002,2805,16.720142602495542,0.17854756913408623,469.0,108143,34886.0,32.25913836309331
poisson_pca_without_odds,prob_X2_and_BTTS_Y,[0.20-0.25),0.225,7803,22.837370242214533,0.22962837950388004,1782.0,105338,34417.0,32.672919554196966
poisson_pca_without_odds,prob_X2_and_BTTS_Y,[0.25-0.30),0.275,21243,27.599679894553503,0.27832780194519796,5863.0,97535,32635.0,33.459783667401446
poisson_pca_without_odds,prob_X2_and_BTTS_Y,[0.30-0.35),0.32500000000000007,38606,31.715277418017923,0.325590525138462,12244.0,76292,26772.0,35.091490588790435
poisson_pca_without_odds,prob_X2_and_BTTS_Y,[0.35-0.40),0.375,23665,36.94908092119164,0.3724223811876165,8744.0,37686,14528.0,38.55012471474818
poisson_pca_without_odds,prob_X2_and_BTTS_Y,[0.40-0.45),0.42500000000000004,10530,40.50332383665717,0.4209216924109891,4265.0,14021,5784.0,41.25240710363027
poisson_pca_without_odds,prob_X2_and_BTTS_Y,[0.45-0.50),0.475,2911,42.90621779457231,0.468553369272594,1249.0,3491,1519.0,43.51188771125752
poisson_pca_without_odds,prob_X2_and_BTTS_Y,[0.50-0.55),0.525,517,46.42166344294004,0.5170181174478472,240.0,580,270.0,46.55172413793103
poisson_pca_without_odds,prob_X2_and_BTTS_Y,[0.55-0.60),0.5750000000000001,63,47.61904761904761,0.5667078766460862,30.0,63,30.0,47.61904761904761
poisson_pca_without_odds,prob_X2_and_O15,[0.00-0.05),0.025,71,9.859154929577464,0.03722493489120644,7.0,109761,45286.0,41.25873488761946
poisson_pca_without_odds,prob_X2_and_O15,[0.05-0.10),0.07500000000000001,318,7.547169811320755,0.0802647889626343,24.0,109690,45279.0,41.27905916674264
poisson_pca_without_odds,prob_X2_and_O15,[0.10-0.15),0.125,836,14.71291866028708,0.12833143058591176,123.0,109372,45255.0,41.377134915700545
poisson_pca_without_odds,prob_X2_and_O15,[0.15-0.20),0.17500000000000002,1882,18.91604675876727,0.17748930639958466,356.0,108536,45132.0,41.58251640008845
poisson_pca_without_odds,prob_X2_and_O15,[0.20-0.25),0.225,3689,22.09270805096232,0.22819596087599928,815.0,106654,44776.0,41.98248542014365
poisson_pca_without_odds,prob_X2_and_O15,[0.25-0.30),0.275,8064,27.244543650793652,0.2780604610122997,2197.0,102965,43961.0,42.69509056475501
poisson_pca_without_odds,prob_X2_and_O15,[0.30-0.35),0.32500000000000007,14936,32.73968934118907,0.32709000802606686,4890.0,94901,41764.0,44.00796619635199
poisson_pca_without_odds,prob_X2_and_O15,[0.35-0.40),0.375,19950,37.40852130325815,0.3755917328800919,7463.0,79965,36874.0,46.11267429500406
poisson_pca_without_odds,prob_X2_and_O15,[0.40-0.45),0.42500000000000004,25489,42.00243242182902,0.4213072844244548,10706.0,60015,29411.0,49.00608181288011
poisson_pca_without_odds,prob_X2_and_O15,[0.45-0.50),0.475,14109,48.01190729321709,0.4735017845914274,6774.0,34526,18705.0,54.1765625905115
poisson_pca_without_odds,prob_X2_and_O15,[0.50-0.55),0.525,8698,52.98919291791216,0.5230397457641831,4609.0,20417,11931.0,58.43659695351913
poisson_pca_without_odds,prob_X2_and_O15,[0.55-0.60),0.5750000000000001,5336,57.702398800599696,0.5727032176476853,3079.0,11719,7322.0,62.47973376567967
poisson_pca_without_odds,prob_X2_and_O15,[0.60-0.65),0.625,2927,61.70140075162283,0.6230251165504187,1806.0,6383,4243.0,66.47344508851637
poisson_pca_without_odds,prob_X2_and_O15,[0.65-0.70),0.675,1662,66.54632972322503,0.6720348284660678,1106.0,3456,2437.0,70.51504629629629
poisson_pca_without_odds,prob_X2_and_O15,[0.70-0.75),0.7250000000000001,939,72.31096911608094,0.7222387135339555,679.0,1794,1331.0,74.1917502787068
poisson_pca_without_odds,prob_X2_and_O15,[0.75-0.80),0.775,480,77.08333333333334,0.7729602849833912,370.0,855,652.0,76.25730994152048
poisson_pca_without_odds,prob_X2_and_O15,[0.80-0.85),0.8250000000000001,239,72.80334728033473,0.8214893850822429,174.0,375,282.0,75.2
poisson_pca_without_odds,prob_X2_and_O15,[0.85-0.90),0.875,113,78.76106194690266,0.8728522536872473,89.0,136,108.0,79.41176470588235
poisson_pca_without_odds,prob_X2_and_O15,[0.90-0.95),0.925,23,82.6086956521739,0.90666236105537,19.0,23,19.0,82.6086956521739
poisson_pca_without_odds,prob_X2_and_O25,[0.00-0.05),0.025,355,3.943661971830986,0.035340975568407054,14.0,109761,27391.0,24.95512978198085
poisson_pca_without_odds,prob_X2_and_O25,[0.05-0.10),0.07500000000000001,2346,9.548167092924126,0.08072116206461379,224.0,109406,27377.0,25.02330767965194
poisson_pca_without_odds,prob_X2_and_O25,[0.10-0.15),0.125,8550,13.04093567251462,0.1301129774973934,1115.0,107060,27153.0,25.36241359985055
poisson_pca_without_odds,prob_X2_and_O25,[0.15-0.20),0.17500000000000002,21625,17.36416184971098,0.1775179260078113,3755.0,98510,26038.0,26.431834331539942
poisson_pca_without_odds,prob_X2_and_O25,[0.20-0.25),0.225,33358,22.18957971101385,0.22895602458310288,7402.0,76885,22283.0,28.98224621187488
poisson_pca_without_odds,prob_X2_and_O25,[0.25-0.30),0.275,19621,28.459303807145403,0.2729100593272655,5584.0,43527,14881.0,34.18797527971144
poisson_pca_without_odds,prob_X2_and_O25,[0.30-0.35),0.32500000000000007,10990,33.594176524112825,0.32250140088681756,3692.0,23906,9297.0,38.889818455617835
poisson_pca_without_odds,prob_X2_and_O25,[0.35-0.40),0.375,5993,38.49491072918404,0.3727600374340469,2307.0,12916,5605.0,43.395788169711984
poisson_pca_without_odds,prob_X2_and_O25,[0.40-0.45),0.42500000000000004,3135,42.90271132376395,0.42263275231603864,1345.0,6923,3298.0,47.63830709230103
poisson_pca_without_odds,prob_X2_and_O25,[0.45-0.50),0.475,1726,45.886442641946694,0.47214887082249285,792.0,3788,1953.0,51.557550158394925
poisson_pca_without_odds,prob_X2_and_O25,[0.50-0.55),0.525,936,54.48717948717948,0.5224676822783128,510.0,2062,1161.0,56.304558680892335
poisson_pca_without_odds,prob_X2_and_O25,[0.55-0.60),0.5750000000000001,541,54.34380776340111,0.572947232276064,294.0,1126,651.0,57.815275310834814
poisson_pca_without_odds,prob_X2_and_O25,[0.60-0.65),0.625,287,62.7177700348432,0.6220085166901792,180.0,585,357.0,61.02564102564103
poisson_pca_without_odds,prob_X2_and_O25,[0.65-0.70),0.675,132,53.78787878787878,0.6741618341325301,71.0,298,177.0,59.395973154362416
poisson_pca_without_odds,prob_X2_and_O25,[0.70-0.75),0.7250000000000001,92,61.95652173913043,0.7227712772524056,57.0,166,106.0,63.85542168674698
poisson_pca_without_odds,prob_X2_and_O25,[0.75-0.80),0.775,42,66.66666666666666,0.7711902616207885,28.0,74,49.0,66.21621621621621
poisson_pca_without_odds,prob_X2_and_O25,[0.80-0.85),0.8250000000000001,32,65.625,0.8256752647274942,21.0,32,21.0,65.625
poisson_pca_without_odds,prob_X2_and_O35,[0.00-0.05),0.025,1077,5.10677808727948,0.03766608730147987,55.0,109728,17196.0,15.671478565179353
poisson_pca_without_odds,prob_X2_and_O35,[0.05-0.10),0.07500000000000001,14589,8.492699979436562,0.08332441307165826,1239.0,108651,17141.0,15.77620086331465
poisson_pca_without_odds,prob_X2_and_O35,[0.10-0.15),0.125,41896,12.638438037044109,0.12590751179817683,5295.0,94062,15902.0,16.90587059598988
poisson_pca_without_odds,prob_X2_and_O35,[0.15-0.20),0.17500000000000002,33334,17.009659806803864,0.16847619653569781,5670.0,52166,10607.0,20.33316719702488
poisson_pca_without_odds,prob_X2_and_O35,[0.20-0.25),0.225,10901,22.887808457939638,0.22110513403667792,2495.0,18832,4937.0,26.216015293118094
poisson_pca_without_odds,prob_X2_and_O35,[0.25-0.30),0.275,4435,27.86922209695603,0.2715548863831935,1236.0,7931,2442.0,30.79056865464632
poisson_pca_without_odds,prob_X2_and_O35,[0.30-0.35),0.32500000000000007,1823,30.33461327482172,0.32171017340695846,553.0,3496,1206.0,34.496567505720826
poisson_pca_without_odds,prob_X2_and_O35,[0.35-0.40),0.375,864,38.425925925925924,0.3723253320518576,332.0,1673,653.0,39.031679617453676
poisson_pca_without_odds,prob_X2_and_O35,[0.40-0.45),0.42500000000000004,435,38.160919540229884,0.4223525209475859,166.0,809,321.0,39.678615574783684
poisson_pca_without_odds,prob_X2_and_O35,[0.45-0.50),0.475,176,38.06818181818182,0.47172385062017563,67.0,374,155.0,41.44385026737968
poisson_pca_without_odds,prob_X2_and_O35,[0.50-0.55),0.525,101,43.56435643564357,0.5221773136988018,44.0,198,88.0,44.44444444444444
poisson_pca_without_odds,prob_X2_and_O35,[0.55-0.60),0.5750000000000001,63,47.61904761904761,0.5716932404242162,30.0,97,44.0,45.36082474226804
poisson_pca_without_odds,prob_X2_and_O35,[0.60-0.65),0.625,34,41.17647058823529,0.6224037815270773,14.0,34,14.0,41.17647058823529
poisson_pca_without_odds,prob_X2_and_O45,[0.00-0.05),0.025,40079,3.6877167594001845,0.03687574896457173,1478.0,109737,7429.0,6.769822393540921
poisson_pca_without_odds,prob_X2_and_O45,[0.05-0.10),0.07500000000000001,55969,7.086065500544944,0.06837028126491489,3966.0,69658,5951.0,8.543168049613827
poisson_pca_without_odds,prob_X2_and_O45,[0.10-0.15),0.125,9808,12.693719412724308,0.11917084553738785,1245.0,13689,1985.0,14.500693987873476
poisson_pca_without_odds,prob_X2_and_O45,[0.15-0.20),0.17500000000000002,2459,16.795445302968687,0.16990833843301695,413.0,3881,740.0,19.067250708580264
poisson_pca_without_odds,prob_X2_and_O45,[0.20-0.25),0.225,850,20.823529411764703,0.22085051371468128,177.0,1422,327.0,22.9957805907173
poisson_pca_without_odds,prob_X2_and_O45,[0.25-0.30),0.275,318,24.528301886792452,0.27000806621789736,78.0,572,150.0,26.223776223776223
poisson_pca_without_odds,prob_X2_and_O45,[0.30-0.35),0.32500000000000007,126,26.190476190476193,0.3214745923901033,33.0,254,72.0,28.346456692913385
poisson_pca_without_odds,prob_X2_and_O45,[0.35-0.40),0.375,71,38.028169014084504,0.37216424386083274,27.0,128,39.0,30.46875
poisson_pca_without_odds,prob_X2_and_O45,[0.40-0.45),0.42500000000000004,35,22.857142857142858,0.42087099732076555,8.0,57,12.0,21.052631578947366
poisson_pca_without_odds,prob_X2_and_O45,[0.45-0.50),0.475,22,18.181818181818183,0.46834938474785853,4.0,22,4.0,18.181818181818183
poisson_pca_without_odds,prob_X2_and_U15,[0.00-0.05),0.025,1267,3.867403314917127,0.03605808787463246,49.0,109755,15934.0,14.517789622340668
poisson_pca_without_odds,prob_X2_and_U15,[0.05-0.10),0.07500000000000001,10781,7.9862721454410535,0.08212885955090318,861.0,108488,15885.0,14.642172406164738
poisson_pca_without_odds,prob_X2_and_U15,[0.10-0.15),0.125,49903,12.979179608440376,0.13084399859983548,6477.0,97707,15024.0,15.376585096257179
poisson_pca_without_odds,prob_X2_and_U15,[0.15-0.20),0.17500000000000002,41102,17.252201839326553,0.17030004581874109,7091.0,47804,8547.0,17.879256965944272
poisson_pca_without_odds,prob_X2_and_U15,[0.20-0.25),0.225,6433,21.467433545779574,0.21507267522879694,1381.0,6702,1456.0,21.724858251268277
poisson_pca_without_odds,prob_X2_and_U15,[0.25-0.30),0.275,269,27.881040892193308,0.2611247865683918,75.0,269,75.0,27.881040892193308
poisson_pca_without_odds,prob_X2_and_U25,[0.00-0.05),0.025,123,2.4390243902439024,0.036173654454165455,3.0,109759,33830.0,30.82207381627019
poisson_pca_without_odds,prob_X2_and_U25,[0.05-0.10),0.07500000000000001,613,8.31973898858075,0.08064004884233776,51.0,109636,33827.0,30.853916596738294
poisson_pca_without_odds,prob_X2_and_U25,[0.10-0.15),0.125,1785,12.324929971988796,0.12856300680793983,220.0,109023,33776.0,30.98061876851673
poisson_pca_without_odds,prob_X2_and_U25,[0.15-0.20),0.17500000000000002,4293,17.72653156300955,0.17849370583945545,761.0,107238,33556.0,31.29114679497939
poisson_pca_without_odds,prob_X2_and_U25,[0.20-0.25),0.225,10767,21.333704838859475,0.22879828361018156,2297.0,102945,32795.0,31.856816746806548
poisson_pca_without_odds,prob_X2_and_U25,[0.25-0.30),0.275,23921,27.837464988921866,0.27781025534870096,6659.0,92178,30498.0,33.08598581006314
poisson_pca_without_odds,prob_X2_and_U25,[0.30-0.35),0.32500000000000007,39425,32.31705770450222,0.3225166566735471,12741.0,68257,23839.0,34.925355641179664
poisson_pca_without_odds,prob_X2_and_U25,[0.35-0.40),0.375,22132,37.493222483282125,0.3711846223511254,8298.0,28832,11098.0,38.49195338512764
poisson_pca_without_odds,prob_X2_and_U25,[0.40-0.45),0.42500000000000004,6040,40.877483443708606,0.4180794591460994,2469.0,6700,2800.0,41.7910447761194
poisson_pca_without_odds,prob_X2_and_U25,[0.45-0.50),0.475,637,50.078492935635786,0.4644972507056406,319.0,660,331.0,50.15151515151515
poisson_pca_without_odds,prob_X2_and_U25,[0.50-0.55),0.525,23,52.17391304347826,0.5117986250153433,12.0,23,12.0,52.17391304347826
poisson_pca_without_odds,prob_X2_and_U35,[0.00-0.05),0.025,83,3.614457831325301,0.0367116038769136,3.0,109748,44003.0,40.09458031125852
poisson_pca_without_odds,prob_X2_and_U35,[0.05-0.10),0.07500000000000001,336,8.928571428571429,0.07928779932603924,30.0,109665,44000.0,40.12219030684357
poisson_pca_without_odds,prob_X2_and_U35,[0.10-0.15),0.125,950,13.263157894736842,0.1281859525700327,126.0,109329,43970.0,40.21805742300762
poisson_pca_without_odds,prob_X2_and_U35,[0.15-0.20),0.17500000000000002,1816,17.180616740088105,0.1778783402827035,312.0,108379,43844.0,40.45433155869679
poisson_pca_without_odds,prob_X2_and_U35,[0.20-0.25),0.225,3425,21.48905109489051,0.2275503689927234,736.0,106563,43532.0,40.85095201899346
poisson_pca_without_odds,prob_X2_and_U35,[0.25-0.30),0.275,6692,26.404662283323372,0.27774312374140425,1767.0,103138,42796.0,41.49392076635188
poisson_pca_without_odds,prob_X2_and_U35,[0.30-0.35),0.32500000000000007,12779,31.590891306048984,0.3274079193471085,4037.0,96446,41029.0,42.5409037181428
poisson_pca_without_odds,prob_X2_and_U35,[0.35-0.40),0.375,20390,37.6213830308975,0.376378026859819,7671.0,83667,36992.0,44.213369667849925
poisson_pca_without_odds,prob_X2_and_U35,[0.40-0.45),0.42500000000000004,30439,42.07431255954532,0.42019628770140655,12807.0,63277,29321.0,46.33753180460515
poisson_pca_without_odds,prob_X2_and_U35,[0.45-0.50),0.475,19479,48.16469017916731,0.47295149183984203,9382.0,32838,16514.0,50.289298982885676
poisson_pca_without_odds,prob_X2_and_U35,[0.50-0.55),0.525,10175,51.64619164619164,0.5211824021233339,5255.0,13359,7132.0,53.38722958305262
poisson_pca_without_odds,prob_X2_and_U35,[0.55-0.60),0.5750000000000001,2891,58.35351089588377,0.5682184532673554,1687.0,3184,1877.0,58.951005025125625
poisson_pca_without_odds,prob_X2_and_U35,[0.60-0.65),0.625,293,64.84641638225256,0.6144388218699494,190.0,293,190.0,64.84641638225256
poisson_pca_without_odds,prob_X2_and_U45,[0.00-0.05),0.025,41,4.878048780487805,0.03696186253320001,2.0,109761,53784.0,49.00101128816246
poisson_pca_without_odds,prob_X2_and_U45,[0.05-0.10),0.07500000000000001,194,9.278350515463918,0.07876003596442807,18.0,109720,53782.0,49.01749908858913
poisson_pca_without_odds,prob_X2_and_U45,[0.10-0.15),0.125,461,13.015184381778742,0.1294136061450393,60.0,109526,53764.0,49.08788780746124
poisson_pca_without_odds,prob_X2_and_U45,[0.15-0.20),0.17500000000000002,908,19.7136563876652,0.1778904970004703,179.0,109065,53704.0,49.240361252464126
poisson_pca_without_odds,prob_X2_and_U45,[0.20-0.25),0.225,1574,22.681067344345614,0.22744390002386114,357.0,108157,53525.0,49.48824394167738
poisson_pca_without_odds,prob_X2_and_U45,[0.25-0.30),0.275,2661,26.155580608793688,0.2774396226191705,696.0,106583,53168.0,49.884127862792376
poisson_pca_without_odds,prob_X2_and_U45,[0.30-0.35),0.32500000000000007,4729,30.873334743074647,0.32738023223130813,1460.0,103922,52472.0,50.49171494005119
poisson_pca_without_odds,prob_X2_and_U45,[0.35-0.40),0.375,8419,37.011521558379854,0.3773469740621592,3116.0,99193,51012.0,51.42701601927555
poisson_pca_without_odds,prob_X2_and_U45,[0.40-0.45),0.42500000000000004,13691,41.50902052443211,0.42651708521772164,5683.0,90774,47896.0,52.7640073148699
poisson_pca_without_odds,prob_X2_and_U45,[0.45-0.50),0.475,24805,47.84116105623866,0.47948488110531284,11867.0,77083,42213.0,54.76304762398973
poisson_pca_without_odds,prob_X2_and_U45,[0.50-0.55),0.525,20269,53.15013074152647,0.5248799591846937,10773.0,52278,30346.0,58.04736217911932
poisson_pca_without_odds,prob_X2_and_U45,[0.55-0.60),0.5750000000000001,15997,57.6795649184222,0.5735860963681961,9227.0,32009,19573.0,61.14842700490487
poisson_pca_without_odds,prob_X2_and_U45,[0.60-0.65),0.625,10175,62.26044226044226,0.6224948721685329,6335.0,16012,10346.0,64.6140394703972
poisson_pca_without_odds,prob_X2_and_U45,[0.65-0.70),0.675,4745,67.3972602739726,0.6705789179214849,3198.0,5837,4011.0,68.71680657872194
poisson_pca_without_odds,prob_X2_and_U45,[0.70-0.75),0.7250000000000001,1037,74.25265188042431,0.7164170725155813,770.0,1092,813.0,74.45054945054946
poisson_pca_without_odds,prob_X2_and_U45,[0.75-0.80),0.775,55,78.18181818181819,0.7616315040614101,43.0,55,43.0,78.18181818181819
poisson_pca_without_odds,prob_goals_0_1,[0.00-0.05),0.025,81,3.7037037037037033,0.03529725479310497,3.0,109761,26656.0,24.28549302575596
poisson_pca_without_odds,prob_goals_0_1,[0.05-0.10),0.07500000000000001,671,11.773472429210134,0.08196184040848492,79.0,109680,26653.0,24.300692924872354
poisson_pca_without_odds,prob_goals_0_1,[0.10-0.15),0.125,3713,14.462698626447617,0.1315535492639314,537.0,109009,26574.0,24.37780366758708
poisson_pca_without_odds,prob_goals_0_1,[0.15-0.20),0.17500000000000002,14927,17.74636564614457,0.18000042167896133,2649.0,105296,26037.0,24.727435040267437
poisson_pca_without_odds,prob_goals_0_1,[0.20-0.25),0.225,43365,22.781044621238326,0.2294300855597488,9879.0,90369,23388.0,25.880556385486177
poisson_pca_without_odds,prob_goals_0_1,[0.25-0.30),0.275,35942,27.48873184575149,0.2718002897619147,9880.0,47004,13509.0,28.74010722491703
poisson_pca_without_odds,prob_goals_0_1,[0.30-0.35),0.32500000000000007,9766,32.623387261929146,0.31775582739876573,3186.0,11062,3629.0,32.80600253118785
poisson_pca_without_odds,prob_goals_0_1,[0.35-0.40),0.375,1226,33.605220228384994,0.3648212503581622,412.0,1296,443.0,34.1820987654321
poisson_pca_without_odds,prob_goals_0_1,[0.40-0.45),0.42500000000000004,70,44.285714285714285,0.4147718898844664,31.0,70,31.0,44.285714285714285
poisson_pca_without_odds,prob_goals_2_3,[0.15-0.20),0.17500000000000002,20,35.0,0.17951533312438145,7.0,109750,50162.0,45.70569476082005
poisson_pca_without_odds,prob_goals_2_3,[0.20-0.25),0.225,47,34.04255319148936,0.22906332835842827,16.0,109730,50155.0,45.70764604028069
poisson_pca_without_odds,prob_goals_2_3,[0.25-0.30),0.275,143,41.95804195804196,0.27936527657818405,60.0,109683,50139.0,45.7126446213178
poisson_pca_without_odds,prob_goals_2_3,[0.30-0.35),0.32500000000000007,443,39.954853273137694,0.33069705431319174,177.0,109540,50079.0,45.71754610188059
poisson_pca_without_odds,prob_goals_2_3,[0.35-0.40),0.375,2024,39.32806324110672,0.3821152775004502,796.0,109097,49902.0,45.740946130507716
poisson_pca_without_odds,prob_goals_2_3,[0.40-0.45),0.42500000000000004,18324,43.975114603798296,0.4348075890246314,8058.0,107073,49106.0,45.86216880072474
poisson_pca_without_odds,prob_goals_2_3,[0.45-0.50),0.475,88749,46.251788752549324,0.4642177552393191,41048.0,88749,41048.0,46.251788752549324
poisson_pca_without_odds,prob_goals_2_4,[0.35-0.40),0.375,24,50.0,0.37928754075545107,12.0,109737,66644.0,60.7306560230369
poisson_pca_without_odds,prob_goals_2_4,[0.40-0.45),0.42500000000000004,58,55.172413793103445,0.4293903847149978,32.0,109713,66632.0,60.73300338155004
poisson_pca_without_odds,prob_goals_2_4,[0.45-0.50),0.475,150,69.33333333333334,0.4797938497308085,104.0,109655,66600.0,60.73594455337194
poisson_pca_without_odds,prob_goals_2_4,[0.50-0.55),0.525,606,54.95049504950495,0.5330199664120352,333.0,109505,66496.0,60.72416784621707
poisson_pca_without_odds,prob_goals_2_4,[0.55-0.60),0.5750000000000001,15768,58.954845256215116,0.5885394360448831,9296.0,108899,66163.0,60.75629711934912
poisson_pca_without_odds,prob_goals_2_4,[0.60-0.65),0.625,93131,61.06130074840815,0.6121081492270904,56867.0,93131,56867.0,61.06130074840815
poisson_pca_without_odds,prob_goals_3_plus,[0.30-0.35),0.32500000000000007,229,34.49781659388647,0.3356047593176759,79.0,109747,57139.0,52.06429332920261
poisson_pca_without_odds,prob_goals_3_plus,[0.35-0.40),0.375,2426,39.81863149216818,0.38252920444818933,966.0,109518,57060.0,52.10102448912508
poisson_pca_without_odds,prob_goals_3_plus,[0.40-0.45),0.42500000000000004,11902,42.7743236430852,0.43020228315859205,5091.0,107092,56094.0,52.37926269002353
poisson_pca_without_odds,prob_goals_3_plus,[0.45-0.50),0.475,29312,47.44814410480349,0.4769434341979308,13908.0,95190,51003.0,53.58020800504255
poisson_pca_without_odds,prob_goals_3_plus,[0.50-0.55),0.525,36258,52.355342269292294,0.5228720183578192,18983.0,65878,37095.0,56.308631105983785
poisson_pca_without_odds,prob_goals_3_plus,[0.55-0.60),0.5750000000000001,17220,58.838559814169564,0.5720182207913042,10132.0,29620,18112.0,61.147873058744096
poisson_pca_without_odds,prob_goals_3_plus,[0.60-0.65),0.625,7567,62.12501651909608,0.6217297166903317,4701.0,12400,7980.0,64.35483870967742
poisson_pca_without_odds,prob_goals_3_plus,[0.65-0.70),0.675,3113,67.23417924831352,0.6715181043560495,2093.0,4833,3279.0,67.84605834885164
poisson_pca_without_odds,prob_goals_3_plus,[0.70-0.75),0.7250000000000001,1094,66.54478976234005,0.721179724376634,728.0,1720,1186.0,68.95348837209302
poisson_pca_without_odds,prob_goals_3_plus,[0.75-0.80),0.775,431,71.46171693735499,0.7707716218273024,308.0,626,458.0,73.1629392971246
poisson_pca_without_odds,prob_goals_3_plus,[0.80-0.85),0.8250000000000001,171,76.60818713450293,0.8206296774262122,131.0,195,150.0,76.92307692307693
poisson_pca_without_odds,prob_goals_3_plus,[0.85-0.90),0.875,24,79.16666666666666,0.8678290468618949,19.0,24,19.0,79.16666666666666
